dataset_name,accuracy_random,accuracy_f_mmd,delta_accuracy,f1_random,f1_f_mmd,delta_f1,balanced_accuracy_random,balanced_accuracy_f_mmd,delta_balanced_accuracy,roc_auc_random,roc_auc_f_mmd,delta_roc_auc,log_loss_random,log_loss_f_mmd,delta_log_loss,fit_seconds_random,fit_seconds_f_mmd,delta_fit_seconds,predict_seconds_random,predict_seconds_f_mmd,delta_predict_seconds,task_type_random,n_train_random,n_val_random,n_test_random,n_features_random,n_classes_random,ttt_c_selection_random,ttt_c_selection_f_mmd,ttt_c_source_random,ttt_c_source_f_mmd,ttt_c_f_distance_mean_f_mmd
Amazon_employee_access,0.9450717119316449,0.9470552334452242,0.0019835215135793893,0.9341816071224844,0.9341703784312618,-1.1228691222608944e-05,0.6105079422729749,0.5991776783139093,-0.011330263959065556,0.8259910482518452,0.8282565455652526,0.0022654973134074163,0.1764803804126319,0.1681544615447194,-0.00832591886791248,68.03402209281921,102.87023186683656,34.83620977401735,5.1993372440338135,5.258283853530884,0.05894660949707031,binclass,26215,5243,6554,7,2,random,f_mmd,none,test,3.549333827957776
BNG(breast-w),0.9880619761239524,0.988950977901956,0.0008890017780035508,0.9880671889035106,0.988962003008248,0.0008948141047373515,0.9872141801181176,0.988769463374925,0.001555283256807427,0.9991976835309644,0.999194824751456,-2.858779508341236e-06,0.0328402254295313,0.0330928505730672,0.0002526251435358978,91.92176294326782,47.124629974365234,-44.79713296890259,7.557148694992065,7.386147260665893,-0.17100143432617276,binclass,31492,6299,7874,9,2,random,f_mmd,none,test,4.266423304488522
BNG(tic-tac-toe),0.8159766319532639,0.8136906273812547,-0.002286004572009115,0.8136807500239616,0.8115673065092915,-0.0021134435146700215,0.7859790070754806,0.7843140666999612,-0.0016649403755194525,0.8845327587143185,0.883797190006543,-0.0007355687077754691,0.4023220634677605,0.40576037454222,0.0034383110744595213,100.55537390708923,51.53598618507385,-49.01938772201538,7.366778135299683,7.367387056350708,0.0006089210510253906,binclass,31492,6299,7874,9,2,random,f_mmd,none,test,1.841057671117845
Basketball_c,0.7089552238805971,0.7014925373134329,-0.007462686567164201,0.711236006650442,0.7002842928216062,-0.010951713828835752,0.7008032128514057,0.6796598157335223,-0.021143397117883378,0.7391330025986298,0.7256083156154027,-0.013524686983227063,0.5884238790115034,0.6013707869702611,0.012946907958757747,7.880035161972046,9.250712871551514,1.3706777095794678,0.4807372093200683,0.4299445152282715,-0.05079269409179682,binclass,1072,215,268,11,2,random,f_mmd,none,test,4.580026916701443
Cardiovascular-Disease-dataset,0.7331428571428571,0.7351428571428571,0.0020000000000000018,0.7329356282086473,0.7346224005034468,0.0016867722947995212,0.7331270148986171,0.7351176277935112,0.001990612894894106,0.8002455164066992,0.7998223427991322,-0.0004231736075669401,0.545056096578256,0.5438842007565545,-0.0011718958217015185,107.18091869354248,106.26096510887146,-0.9199535846710205,20.03214168548584,19.713658094406128,-0.3184835910797119,binclass,56000,11200,14000,11,2,random,f_mmd,none,test,7.548608025067839
Contaminant-detection-in-packaged-cocoa-hazelnut-spread-jars-using-Microwaves-Sensing-and-Machine-Learning-10.0GHz(Urbinati),0.96875,0.9708333333333332,0.002083333333333215,0.9687585467395412,0.970836877955057,0.0020783312155158162,0.969340934371524,0.9717741935483872,0.0024332591768632117,0.992769744160178,0.9911359844271412,-0.0016337597330368103,0.0977087822860217,0.1072742565048219,0.009565474218800205,15.299450159072876,18.88447856903076,3.5850284099578857,0.5018520355224609,0.4514861106872558,-0.050365924835205134,binclass,1920,384,480,30,2,random,f_mmd,none,test,3.474111017300537
Contaminant-detection-in-packaged-cocoa-hazelnut-spread-jars-using-Microwaves-Sensing-and-Machine-Learning-11.0GHz(Urbinati),0.9541666666666668,0.95625,0.002083333333333215,0.9541722367865184,0.9562574058882508,0.002085169101732398,0.9550889877641824,0.9571051167964404,0.002016129032258007,0.9909795606229144,0.9906493325917686,-0.00033022803114579613,0.1180009335013932,0.1198332029502713,0.0018322694488781127,10.370678186416626,9.86565399169922,-0.5050241947174055,0.4700984954833984,0.4430630207061767,-0.02703547477722168,binclass,1920,384,480,30,2,random,f_mmd,none,test,2.7700159416008105
Contaminant-detection-in-packaged-cocoa-hazelnut-spread-jars-using-Microwaves-Sensing-and-Machine-Learning-9.5GHz(Urbinati),0.9479166666666666,0.9479166666666666,0.0,0.9479309112325682,0.947930913211676,1.979107766558741e-09,0.948484427141268,0.948345383759733,-0.00013904338153503115,0.99103170189099,0.9912228865406006,0.00019118464961065396,0.1229031666929741,0.1263158453580369,0.003412678665062785,8.367275953292847,7.924235105514526,-0.4430408477783203,0.4627070426940918,0.4729502201080322,0.01024317741394043,binclass,1920,384,480,30,2,random,f_mmd,none,test,3.0647206884737748
Customer_Personality_Analysis,0.890625,0.8995535714285714,0.008928571428571397,0.8829200996492792,0.891567036488077,0.008646936838797803,0.7265836173463391,0.7379833117875191,0.011399694441179942,0.9049046108042466,0.9069024953970306,0.0019978845927840494,0.2502802419888036,0.2497313441066953,-0.0005488978821082957,8.958624839782715,8.360658407211304,-0.5979664325714111,0.4727809429168701,0.457444429397583,-0.01533651351928711,binclass,1792,359,448,24,2,random,f_mmd,none,test,4.669495286517383
E-CommereShippingData,0.6790909090909091,0.6763636363636364,-0.0027272727272726893,0.668365309163904,0.6655468840293195,-0.0028184251345845235,0.727492227151776,0.7246587116434304,-0.002833515508345541,0.7309559852004626,0.7326045760416818,0.0016485908412192662,0.5039355595107965,0.5039256266039168,-9.932906879672743e-06,24.45628499984741,17.96670436859131,-6.4895806312561,1.239506721496582,1.2243101596832275,-0.015196561813354492,binclass,8799,1760,2200,10,2,random,f_mmd,none,test,2.462655441028008
FICO-HELOC-cleaned,0.7427848101265823,0.7362025316455696,-0.006582278481012671,0.7417968862947971,0.7336382483667158,-0.008158637928081358,0.7405209570258733,0.7324923267825079,-0.00802863024336542,0.8216814104750204,0.8164267459394607,-0.005254664535559672,0.5203755334769739,0.5383858168439137,0.018010283366939883,23.32220697402954,14.422635555267334,-8.899571418762207,1.4236326217651367,1.389695405960083,-0.03393721580505371,binclass,7896,1580,1975,23,2,random,f_mmd,none,test,4.485100134651463
FOREX_audcad-hour-High,0.7148887621220764,0.7136337706788363,-0.0012549914432401499,0.7149500539824737,0.7134261701839197,-0.0015238837985539488,0.7150753416112752,0.7129186222634802,-0.002156719347794933,0.789245184184885,0.7877488679659616,-0.0014963162189234325,0.5547165553686841,0.556193101227825,0.0014765458591408098,56.99611973762512,61.57245945930481,4.5763397216796875,9.48857879638672,8.814378023147583,-0.6742007732391375,binclass,35060,7012,8765,10,2,random,f_mmd,none,test,5.705233560224857
FOREX_audjpy-day-High,0.7929155313351499,0.773841961852861,-0.019073569482288888,0.7924895078307409,0.7728784291129207,-0.019611078717820196,0.7917484097259377,0.7720854883776231,-0.0196629213483146,0.8539028595208371,0.8460852505796326,-0.007817608941204535,0.4868904061680786,0.5629401668375263,0.07604976066944774,11.820612668991089,17.898193836212158,6.077581167221069,0.4794297218322754,0.4326567649841308,-0.04677295684814459,binclass,1465,293,367,10,2,random,f_mmd,none,test,4.970620801922388
FOREX_audsgd-hour-High,0.7064460924130063,0.7106674272675414,0.00422133485453513,0.7065101101552864,0.7106347395205298,0.004124629365243382,0.7066113271316201,0.7103133447312118,0.003702017599591656,0.7771585514105186,0.7801733715708394,0.0030148201603208413,0.5719959264200599,0.5741077782615319,0.002111851841472001,162.50005435943604,132.91758847236633,-29.582465887069702,8.723124504089355,8.784236907958984,0.061112403869628906,binclass,35060,7012,8765,10,2,random,f_mmd,none,test,4.311774586375166
FOREX_cadjpy-day-High,0.7111716621253406,0.7193460490463215,0.008174386920980936,0.7039070053616947,0.7191959499973437,0.015288944635649004,0.7116001425516749,0.7194107864100736,0.0078106438583986915,0.7810643858398669,0.7922606319790924,0.01119624613922543,0.5958858769525862,0.5516998134757962,-0.044186063476789994,7.920401334762573,15.200215578079224,7.27981424331665,0.4687860012054443,0.4346349239349365,-0.03415107727050776,binclass,1467,294,367,10,2,random,f_mmd,none,test,5.276405738110375
Firm-Teacher_Clave-Direction_Classification,0.8731481481481481,0.8814814814814815,0.008333333333333415,0.8707146705930869,0.8803063278965895,0.009591657303502532,0.7910120854921663,0.8091329555077846,0.01812087001561835,0.9704393633201536,0.9715570674614362,0.0011177041412826494,0.3193081879623482,0.3108247911536673,-0.008483396808680932,37.29038310050965,34.94463849067688,-2.3457446098327708,1.405182123184204,1.378260612487793,-0.026921510696411133,multiclass,8640,1728,2160,16,4,random,f_mmd,none,test,1.2743595976531008
GAMETES_Epistasis_2-Way_20atts_0.1H_EDM-1_1,0.675,0.678125,0.0031249999999999334,0.6693032314479908,0.6732719396504724,0.00396870820248163,0.675,0.6781250000000001,0.0031250000000000444,0.7472656249999999,0.743125,-0.004140624999999898,0.5947689303410832,0.5912384940710734,-0.003530436270009818,8.878027200698853,11.225179672241213,2.34715247154236,0.4901998043060303,0.4598100185394287,-0.030389785766601562,binclass,1280,256,320,20,2,random,f_mmd,none,test,2.2510247822932192
Gender_Gap_in_Spanish_WP,0.6073684210526316,0.6052631578947368,-0.002105263157894721,0.5508862643555095,0.5503093696515231,-0.0005768947039863637,0.4157822119059017,0.418688138821,0.002905926915098278,0.7022620959704057,0.6988996669222387,-0.0033624290481669705,0.7969275763409027,0.797875216261289,0.0009476399203862673,11.127746343612673,8.391871452331543,-2.7358748912811297,0.6473388671875,0.6209118366241455,-0.026427030563354492,multiclass,3796,760,950,13,3,random,f_mmd,none,test,16.147780497995985
HR_Analytics_Job_Change_of_Data_Scientists,0.8024530271398748,0.8024530271398748,0.0,0.804575257903581,0.8044515944482326,-0.00012366345534842171,0.7474195961106955,0.7467200599810375,-0.0006995361296580072,0.8105782091947873,0.8106815745750281,0.00010336538024080522,0.4308719889491304,0.4304620215109985,-0.0004099674381319307,27.65243411064148,30.110306978225708,2.4578728675842285,2.5703065395355225,2.567206859588623,-0.003099679946899414,binclass,15326,3066,3832,13,2,random,f_mmd,none,test,2.577437862716649
INNHotelsGroup,0.903790489317712,0.9003445899379738,-0.00344589937973816,0.9029275668715078,0.8996415466663557,-0.003286020205152118,0.882510970671339,0.8802719895099667,-0.002238981161372333,0.9616163199915548,0.9616702656298756,5.3945638320729294e-05,0.2250514689388694,0.2251892457981202,0.00013777685925078775,64.0415050983429,106.57892322540285,42.53741812705995,7.042298078536987,6.934845447540283,-0.1074526309967041,binclass,29020,5804,7255,17,2,random,f_mmd,none,test,6.173421993135033
Intersectional-Bias-Assessment,0.9472727272727272,0.9463636363636364,-0.0009090909090907484,0.9472731630367524,0.9463640796408344,-0.0009090833959179978,0.9472995187408416,0.9463903910158344,-0.000909127725007175,0.9904285380151758,0.990312004370425,-0.00011653364475083805,0.128876931491068,0.1301451954757202,0.0012682639846522126,23.39620041847229,20.99337673187256,-2.4028236865997314,1.4998109340667725,1.4453659057617188,-0.05444502830505371,binclass,8800,1760,2200,19,2,random,f_mmd,none,test,2.246525388968872
JapaneseVowels,0.9989964877069744,0.9989964877069744,0.0,0.9989960803818158,0.9989960803818158,0.0,0.9987928379401247,0.9987928379401247,0.0,0.999998157779988,0.999998180564028,2.2784039988010818e-08,0.0048273669656399,0.0048497160319046,2.2349066264699957e-05,29.26097798347473,16.483933448791504,-12.777044534683228,1.203678846359253,1.186948299407959,-0.016730546951293945,multiclass,7968,1594,1993,14,9,random,f_mmd,none,test,2.451838212173457
KDDCup09_upselling,0.8148148148148148,0.8187134502923976,0.003898635477582846,0.8138983400350551,0.8173076923076924,0.0034093522726372782,0.8148148148148148,0.8187134502923976,0.003898635477582846,0.912736682511998,0.9127898802670528,5.319775505474578e-05,0.3519923255290391,0.3540488827481047,0.0020565572190656134,33.97381329536438,18.802016973495483,-15.171796321868896,1.3045055866241455,1.2768723964691162,-0.027633190155029297,binclass,4102,821,1026,49,2,random,f_mmd,none,test,7.833671778281264
MIC,0.9030303030303032,0.9090909090909092,0.006060606060605989,0.8941558441558441,0.902972027972028,0.008816183816183876,0.7423571579169301,0.769976807927472,0.027619650010541896,0.8840396373603205,0.885164101482887,0.0011244641225665042,0.2665500938865575,0.2682656031242476,0.0017155092376900938,12.71725082397461,12.755785942077637,0.038535118103027344,0.7385702133178711,0.5939550399780273,-0.14461517333984375,binclass,1319,264,330,104,2,random,f_mmd,none,test,5.712530890529896
Marketing_Campaign,0.8861607142857143,0.8705357142857143,-0.015625,0.8699259093699128,0.8528364431414882,-0.017089466228424555,0.6747561405570572,0.6471187370235437,-0.027637403533513516,0.9307008265757823,0.9234144239432758,-0.007286402632506572,0.2345622793186054,0.2414888606341341,0.0069265813155287015,8.81807279586792,8.670616388320923,-0.14745640754699707,0.4841899871826172,0.4545729160308838,-0.0296170711517334,binclass,1792,359,448,27,2,random,f_mmd,none,test,4.270192666814627
National_Health_and_Nutrition_Health_Survey,0.8355263157894737,0.8333333333333334,-0.002192982456140302,0.7885534022230477,0.7899080947331213,0.0013546925100735852,0.5361958582209664,0.5404342072320183,0.004238349011051912,0.7694838871204264,0.7719875532029044,0.0025036660824779844,0.3828058391395953,0.3807357545557031,-0.00207008458389224,14.83202052116394,10.257220029830933,-4.574800491333008,0.5727264881134033,0.4236152172088623,-0.14911127090454102,binclass,1822,365,456,7,2,random,f_mmd,none,test,7.836993826876294
PhishingWebsites,0.9773857982813208,0.9764812302125736,-0.0009045680687471691,0.9773575845045794,0.9764430383915464,-0.0009145461130329879,0.9759462192675608,0.9747177506258392,-0.0012284686417215473,0.998050365556458,0.998194598716822,0.00014423316036404898,0.0552336094530958,0.0545551933506926,-0.0006784161024031982,33.366337060928345,33.389817237854004,0.02348017692565918,1.7845337390899658,1.7561874389648438,-0.02834630012512207,binclass,8844,1769,2211,30,2,random,f_mmd,none,test,3.127134346417664
Pima_Indians_Diabetes_Database,0.7597402597402597,0.7597402597402597,0.0,0.7539924190641895,0.7568387094790126,0.002846290414823094,0.717037037037037,0.7255555555555555,0.00851851851851848,0.8681481481481481,0.8572222222222222,-0.010925925925925895,0.4501965919687013,0.4565341549649517,0.006337562996250379,11.50687551498413,7.312267780303955,-4.194607734680176,0.4600379467010498,0.4256448745727539,-0.0343930721282959,binclass,614,123,154,8,2,random,f_mmd,none,test,4.29744305286492
Pumpkin_Seeds,0.866,0.884,0.018000000000000016,0.8648546915716654,0.8838602970694501,0.01900560549778474,0.8628205128205129,0.8830128205128205,0.02019230769230762,0.9448878205128204,0.9457532051282048,0.0008653846153844347,0.3767257361504,0.3069203095632574,-0.06980542658714262,8.05547833442688,11.015461206436155,2.9599828720092756,0.6376228332519531,0.5942587852478027,-0.04336404800415039,binclass,2000,400,500,12,2,random,f_mmd,none,test,4.323479325957341
Rain_in_Australia,0.8596177643338375,0.8561460195242678,-0.003471744809569688,0.8533517699241645,0.8470975936986341,-0.006254176225530372,0.7232006057390744,0.6961587778166107,-0.02704182792246368,0.9219524988930612,0.9184537496420532,-0.0034987492510080154,0.3437694668604421,0.3517409885395798,0.007971521679137727,319.6074318885803,616.0344064235687,296.4269745349884,33.01152205467224,32.497501373291016,-0.5140206813812256,multiclass,116368,23274,29092,18,3,random,f_mmd,none,test,3.803965823724399
Shipping,0.6909090909090909,0.6881818181818182,-0.0027272727272726893,0.6812510258107868,0.6790054852098922,-0.0022455406008945467,0.7331257066063697,0.7294780178758079,-0.00364768873056176,0.7361914716610849,0.7380763241536722,0.0018848524925872967,0.4987569619835652,0.4998129987956693,0.0010560368121041441,18.51113986968994,19.442939043045044,0.9317991733551025,1.2245714664459229,1.203728437423706,-0.020843029022216797,binclass,8799,1760,2200,9,2,random,f_mmd,none,test,2.571875357830136
VulNoneVul,0.9894644424934153,0.9894644424934153,0.0,0.9842245601854184,0.9842245601854184,0.0,0.5,0.5,0.0,0.821354628808045,0.8151434486838214,-0.006211180124223614,0.0492539806861057,0.0508002159001685,0.0015462352140627952,9.465019464492798,8.988601684570312,-0.47641777992248535,0.7588624954223633,0.7484443187713623,-0.010418176651000977,binclass,4553,911,1139,16,2,random,f_mmd,none,test,10.160203666004811
Waterstress,0.7815126050420168,0.7815126050420168,0.0,0.7810183246151058,0.7805845169926378,-0.00043380762246802984,0.7835277483209615,0.7840933191940616,0.0005655708731000519,0.8599505125486037,0.8606574761399787,0.0007069635913750094,0.4591542751223279,0.4632769614034453,0.004122686281117394,10.10526704788208,9.32471227645874,-0.7805547714233398,0.4683718681335449,0.4395771026611328,-0.02879476547241211,binclass,950,190,238,22,2,random,f_mmd,none,test,6.664162551711221
abalone,0.6411483253588517,0.6483253588516746,0.0071770334928229484,0.6455169969334182,0.6517334828896083,0.006216485956190065,0.6396814518276348,0.6463979451890921,0.006716493361457299,0.8295697495300965,0.8315451830661534,0.001975433536056892,0.745337646874146,0.7419748674775049,-0.0033627793966412023,9.011738777160645,8.499715089797974,-0.5120236873626709,0.5974974632263184,0.5729255676269531,-0.024571895599365234,multiclass,3341,669,836,8,3,random,f_mmd,none,test,4.941358578465779
ada,0.8662650602409638,0.8614457831325302,-0.004819277108433662,0.8610022876800131,0.8574881798036124,-0.0035141078764007183,0.7874891087876525,0.7891616878267365,0.0016725790390839101,0.9169545058501368,0.9174446104057754,0.0004901045556385819,0.3115614627847219,0.3066392636238727,-0.004922199160849183,12.158353328704834,11.825589179992676,-0.3327641487121582,1.1294043064117432,1.1089463233947754,-0.020457983016967773,binclass,3317,664,830,48,2,random,f_mmd,none,test,4.338794762934013
ada_prior,0.8510405257393209,0.8488499452354874,-0.0021905805038334725,0.8410790115448555,0.8398161358056649,-0.0012628757391905943,0.749075275169854,0.7505651096184225,0.0014898344485685389,0.8878385841435378,0.8907540360385816,0.00291545189504383,0.3493802736396695,0.3436560414414892,-0.005724232198180301,17.536696672439575,19.770891189575195,2.23419451713562,0.6704921722412109,0.6354391574859619,-0.03505301475524902,binclass,3649,730,913,14,2,random,f_mmd,none,test,4.223381226452101
airlines_seed_0_nrows_2000_nclasses_10_ncols_100_stratify_True,0.595,0.6025,0.007500000000000062,0.5815916808149405,0.5854099681154556,0.003818287300515144,0.5755643283733172,0.5806508755946959,0.00508654722137869,0.6515715153355602,0.6539249924081385,0.0023534770725782694,0.6462746340849744,0.6450834979752449,-0.0011911361097295403,21.58408141136169,12.487781763076782,-9.096299648284909,0.4631907939910888,0.4521458148956299,-0.011044979095458929,binclass,1600,320,400,7,2,random,f_mmd,none,test,2.519760960365528
allrep,0.981456953642384,0.9854304635761588,0.003973509933774877,0.9810612979454876,0.984988962472406,0.003927664526918395,0.7250733855185909,0.7570083170254402,0.03193493150684934,0.9963539727462476,0.9970484499584792,0.0006944772122315923,0.0438527936554354,0.0356840171641825,-0.008168776491252902,27.412903547286987,14.137567520141602,-13.275336027145386,0.792691707611084,0.7714776992797852,-0.021214008331298828,multiclass,3017,604,755,29,4,random,f_mmd,none,test,5.18088881923605
artificial-characters,0.905577299412916,0.8972602739726028,-0.008317025440313208,0.9055219206950968,0.8969866058823683,-0.008535314812728512,0.9000729313937137,0.8911498513514291,-0.008923080042284592,0.9966748673545188,0.9961236149545554,-0.0005512523999634533,0.2109651425794065,0.2269788808044175,0.01601373822501101,40.37778043746948,40.06090021133423,-0.3168802261352539,1.085608720779419,1.076352596282959,-0.009256124496459961,multiclass,8174,1635,2044,7,10,random,f_mmd,none,test,3.462708810274597
autoUniv-au7-1100,0.4136363636363636,0.4363636363636363,0.022727272727272707,0.3793039582821249,0.4084672986094009,0.02916334032727602,0.3957321172046106,0.4181837335100475,0.022451616305436906,0.7287411864523616,0.7360063431178865,0.007265156665524852,1.359826422413272,1.3635192517842794,0.0036928293710074556,8.37763500213623,7.787819623947143,-0.5898153781890878,0.4831190109252929,0.4555647373199463,-0.027554273605346624,multiclass,880,176,220,12,5,random,f_mmd,none,test,1.819417358002407
banknote_authentication,0.5454545454545454,0.5527272727272727,0.0072727272727273196,0.4366675652114969,0.4085569381196789,-0.028110627091817997,0.496839172827601,0.4983927997428479,0.0015536269152469084,0.5045001607200257,0.5085181613629058,0.00401800064288016,0.7019105406662124,0.6896218275660871,-0.012288713100125248,10.8003191947937,10.098861932754517,-0.7014572620391828,0.4575202465057373,0.4289383888244629,-0.028581857681274414,binclass,1097,220,275,4,2,random,f_mmd,none,test,4.318591661619124
car-evaluation,1.0,0.9971098265895952,-0.0028901734104047616,1.0,0.9971161578316884,-0.0028838421683116122,1.0,0.9989669421487604,-0.0010330578512396382,1.0,0.999987930285328,-1.2069714672047205e-05,0.0102502187336994,0.0168633322176477,0.0066131134839483,11.96039605140686,10.640847206115724,-1.319548845291136,0.4894623756408691,0.4568896293640136,-0.03257274627685547,multiclass,1382,277,346,21,4,random,f_mmd,none,test,1.2854933727395064
cmc,0.5796610169491525,0.5966101694915255,0.016949152542372947,0.5758060148940605,0.5922107759040303,0.016404761009969793,0.5487525026594385,0.5632249583083647,0.014472455648926186,0.7616530005592658,0.7566134941040298,-0.005039506455235987,0.8751492686784674,0.8810158070408601,0.005866538362392704,8.32838249206543,21.163774251937863,12.835391759872433,0.472994327545166,0.4497792720794678,-0.023215055465698242,multiclass,1178,236,295,9,3,random,f_mmd,none,test,3.158996617404465
compass,0.8486031841393812,0.8504055271853409,0.00180234304595972,0.848602200525109,0.8504034213753661,0.0018012208502570237,0.8486024486024486,0.8504044308731808,0.0018019822707322497,0.9256810897435898,0.9260441932316932,0.0003631034881034223,0.341559195024499,0.3408336075694397,-0.0007255874550592956,29.20378613471985,29.17273736000061,-0.03104877471923828,2.2946410179138184,2.286442279815674,-0.008198738098144531,binclass,13315,2663,3329,17,2,random,f_mmd,none,test,5.590307878402735
contraceptive_method_choice,0.6135593220338983,0.6169491525423729,0.003389830508474634,0.6124320735101368,0.6169478472328902,0.004515773722753358,0.590732146921787,0.5935379126775088,0.0028057657557217786,0.7878538719784506,0.7885228555505845,0.0006689835721339632,0.8362518376949766,0.8375641676808526,0.0013123299858760484,13.37317180633545,10.6394944190979,-2.733677387237549,0.487401008605957,0.4422554969787597,-0.045145511627197266,multiclass,1178,236,295,9,3,random,f_mmd,none,test,3.188844304160777
credit-g,0.79,0.79,0.0,0.774077578051088,0.774077578051088,0.0,0.6976190476190476,0.6976190476190476,0.0,0.8547619047619047,0.8522619047619048,-0.0024999999999999467,0.435871746105815,0.4376617773603,0.0017900312544850139,12.895226001739502,10.143633604049684,-2.7515923976898176,0.4764816761016845,0.4503440856933594,-0.02613759040832514,binclass,800,160,200,20,2,random,f_mmd,none,test,2.7437561514303046
dabetes_130-us_hospitals,0.6441977006976516,0.6422324850152304,-0.0019652156824211398,0.6409097394060362,0.6360113878123227,-0.004898351593713546,0.6369890110148455,0.632436665850542,-0.004552345164303473,0.6986781802700435,0.6992212271123606,0.0005430468423170964,0.6226559461754473,0.6220220100986475,-0.0006339360767997348,167.5112919807434,170.26556611061096,2.7542741298675537,27.02142357826233,27.21271848678589,0.19129490852355957,binclass,81412,16283,20354,20,2,random,f_mmd,none,test,3.5143898313921498
delta_ailerons,0.9537166900420756,0.9523141654978962,-0.0014025245441794398,0.9537166900420756,0.952329221141632,-0.0013874689004436114,0.953539757480259,0.952479400039097,-0.001060357441161952,0.982876313352408,0.9825327338463332,-0.00034357950607477594,0.1571672758527128,0.1624211126950046,0.005253836842291776,9.269721031188965,8.607895612716675,-0.66182541847229,0.7204999923706055,0.7035367488861084,-0.01696324348449707,binclass,5703,1141,1426,5,2,random,f_mmd,none,test,3.689035907319629
dna,0.974921630094044,0.9717868338557992,-0.0031347962382447525,0.9750157414217072,0.9719123449113316,-0.003103396510375611,0.9745568525557864,0.970227848226782,-0.0043290043290044045,0.99786610807502,0.9979397016250068,7.359354998681678e-05,0.0815947150535172,0.0799166535798469,-0.001678061473670306,46.33084297180176,36.55884575843811,-9.771997213363647,3.1904313564300537,3.0919435024261475,-0.09848785400390625,multiclass,2548,510,638,180,3,random,f_mmd,none,test,1.4325375806702203
dry_bean_dataset,0.9272860815277268,0.9294895336026442,0.0022034520749173447,0.9273269806267233,0.9296583305391318,0.0023313499124085757,0.93730990090097,0.9398147399009787,0.0025048390000087517,0.9959410056314508,0.996080138975906,0.00013913334445514458,0.1882367227653775,0.1867112770589939,-0.0015254457063836047,17.512503623962402,27.66693663597107,10.154433012008667,1.7955000400543213,1.7907521724700928,-0.004747867584228516,multiclass,10888,2178,2723,16,7,random,f_mmd,none,test,6.071756137744035
electricity,0.9234249144874764,0.9224318658280922,-0.0009930486593842103,0.9233287186680156,0.9223590043271176,-0.0009697143408979869,0.9204501149132022,0.9197234608308432,-0.0007266540823589462,0.980398777714214,0.9795625424820056,-0.0008362352322084377,0.1786339085696292,0.1838469895269154,0.005213080957286176,205.22028613090515,209.34432220458984,4.124036073684692,9.151057243347168,9.139289855957031,-0.011767387390136719,binclass,36249,7250,9063,8,2,random,f_mmd,none,test,6.474357830437151
eucalyptus,0.7027027027027027,0.7297297297297297,0.027027027027026973,0.7072166310879462,0.7351575136345485,0.02794088254660232,0.6887361992013155,0.7297449320705134,0.04100873286919793,0.938101793046633,0.9423862538555192,0.004284460808886226,0.6237668851858644,0.636830855986325,0.013063970800460623,26.34578585624695,7.836985349655151,-18.508800506591797,0.4728085994720459,0.4313585758209228,-0.0414500236511231,multiclass,588,118,148,19,5,random,f_mmd,none,test,3.5715512309300785
eye_movements_bin,0.8232588699080158,0.8206307490144547,-0.0026281208935611255,0.8232252164575528,0.8205742835489939,-0.0026509329085588895,0.8232588699080158,0.8206307490144547,-0.0026281208935611255,0.9127125419385588,0.904664137546385,-0.008048404392173802,0.3833097874696615,0.4075574082227624,0.024247620753100885,38.94294810295105,38.238903522491455,-0.7040445804595947,1.0630381107330322,1.0523614883422852,-0.01067662239074707,binclass,6086,1218,1522,20,2,random,f_mmd,none,test,6.804704470839492
golf_play_dataset_extended,0.9315068493150684,0.9360730593607306,0.004566210045662156,0.9317758266249112,0.9360730593607306,0.00429723273581939,0.900791656195024,0.9036818296054284,0.0028901734104044285,0.9763759738627796,0.9763759738627796,0.0,0.163869044060157,0.1949228909107896,0.031053846850632588,11.218965768814089,15.926807165145874,4.707841396331785,0.4867117404937744,0.4354701042175293,-0.05124163627624512,binclass,876,176,219,9,2,random,f_mmd,none,test,3.242069230095132
hill-valley,0.8930041152263375,0.9053497942386832,0.012345679012345734,0.8917162017985063,0.9046031299330104,0.012886928134504094,0.8925619834710744,0.9049925484351714,0.012430564964097002,0.9533938490719416,0.9906516732150116,0.037257824143069995,0.3785438742368602,0.3440101723731142,-0.03453370186374599,9.268364667892456,8.753979444503784,-0.5143852233886719,0.4878358840942383,0.4589626789093017,-0.02887320518493658,binclass,969,194,243,100,2,random,f_mmd,none,test,13.658256198909651
htru,0.9810055865921788,0.9801675977653632,-0.0008379888268156277,0.9808461102593908,0.980126612730276,-0.0007194975291148209,0.934719347193472,0.938370008700087,0.0036506615066149717,0.9879558170581706,0.9878461284612846,-0.00010968859688598176,0.0616085908090619,0.0630123881450731,0.0014037973360111963,21.242055892944336,21.013606071472168,-0.22844982147216797,2.147390127182007,2.1402392387390137,-0.007150888442993164,binclass,14318,2864,3580,8,2,random,f_mmd,none,test,8.946950700716206
in_vehicle_coupon_recommendation,0.7737485218762318,0.7749310208908159,0.0011824990145841152,0.7718380606661707,0.7734557424326273,0.0016176817664566023,0.7631720276885857,0.7655308140013553,0.002358786312769534,0.8512014008955091,0.8536219355410737,0.002420534645564576,0.4694996011703924,0.466421094254091,-0.0030785069163014045,46.06681847572327,57.04550290107727,10.978684425354004,1.7966723442077637,1.7707619667053225,-0.025910377502441184,binclass,10147,2030,2537,21,2,random,f_mmd,none,test,1.6951515820085177
jasmine,0.8324958123953099,0.8324958123953099,0.0,0.830927772854532,0.8308156826687917,-0.00011209018574032115,0.8326580772597697,0.8326636888060874,5.611546317729754e-06,0.8745033781508833,0.8767704428632355,0.0022670647123521626,0.3845572540364546,0.382735697910136,-0.0018215561263185687,83.94332575798035,48.62887358665466,-35.314452171325684,2.62361216545105,2.553471326828003,-0.07014083862304688,binclass,2387,478,597,144,2,random,f_mmd,none,test,3.744939232855245
jungle_chess_2pcs_raw_endgame_complete,0.9902945113788488,0.9897367246764835,-0.0005577867023652816,0.9902907502860454,0.9897336471408276,-0.000557103145217841,0.9864077423205924,0.9863586524951296,-4.9089825462811376e-05,0.9996209222594123,0.999594084395691,-2.6837863721373978e-05,0.0516015698541623,0.0504441824075506,-0.0011573874466117018,185.29758524894717,194.1912839412689,8.89369869232172,8.616498947143555,8.686609506607056,0.07011055946350098,multiclass,35855,7171,8964,6,3,random,f_mmd,none,test,1.9249339663621488
kdd_ipums_la_97-small,0.8766859344894027,0.882466281310212,0.005780346820809301,0.8764837126282911,0.8820454545454546,0.005561741917163521,0.8766859344894027,0.882466281310212,0.005780346820809301,0.9465995448487344,0.9472863554857608,0.0006868106370263583,0.2676186280266074,0.2654970390770252,-0.0021215889495821982,9.88330078125,12.47334909439087,2.590048313140869,0.8012616634368896,0.7685134410858154,-0.03274822235107422,binclass,4150,830,1038,20,2,random,f_mmd,none,test,3.3453983837649908
law-school-admission-bianry,1.0,1.0,0.0,1.0,1.0,0.0,1.0,1.0,0.0,1.0,1.0,0.0,1.2993896981348888e-05,1.2993896981348888e-05,0.0,24.49703550338745,24.34855365753174,-0.1484818458557129,2.842893600463867,2.85201358795166,0.009119987487792969,binclass,16640,3328,4160,11,2,random,f_mmd,none,test,3.3184578216595466
led7,0.740625,0.7390625,-0.0015625000000000222,0.7344028439473028,0.732962503194235,-0.0014403407530678702,0.7386593331245221,0.7371667958110893,-0.0014925373134327957,0.9590290945042852,0.9573502102361732,-0.0016788842681120242,0.7784400640818426,0.789800884939751,0.01136082085790835,14.30797290802002,8.472970247268677,-5.835002660751343,0.6048052310943604,0.5619006156921387,-0.04290461540222168,multiclass,2560,512,640,7,10,random,f_mmd,none,test,2.027332511650197
mammography,0.9888243182834152,0.9874832364774252,-0.0013410818059900187,0.9879016619731944,0.9868317397265052,-0.0010699222466892255,0.8065481429325823,0.8152481957401866,0.00870005280760433,0.9831455729625066,0.9833744059144516,0.00022883295194497943,0.0338761582307375,0.0339935227883851,0.00011736455764759651,12.561676740646362,20.770302057266235,8.208625316619873,1.139389991760254,1.1250498294830322,-0.01434016227722168,binclass,8946,1790,2237,6,2,random,f_mmd,none,test,8.315249255577932
mfeat-factors,0.9775,0.9775,0.0,0.977492574033173,0.9774660103141116,-2.656371906140098e-05,0.9775,0.9775,0.0,0.9995902777777778,0.9995694444444444,-2.0833333333358794e-05,0.0858900948396252,0.094579029848157,0.008688935008531795,20.76672840118408,20.442421913146973,-0.3243064880371058,1.022608518600464,1.0167598724365234,-0.005848646163940652,multiclass,1600,320,400,216,10,random,f_mmd,none,test,2.058848374819719
mfeat-karhunen,0.97,0.9675,-0.0024999999999999467,0.9699556969393338,0.9673696286201632,-0.0025860683191706313,0.97,0.9675,-0.0024999999999999467,0.9995694444444444,0.9994722222222222,-9.722222222219301e-05,0.1034366112482482,0.1469865811871602,0.04354996993891201,9.113251447677612,8.62712025642395,-0.4861311912536621,0.4857487678527832,0.4601624011993408,-0.025586366653442383,multiclass,1600,320,400,64,10,random,f_mmd,none,test,1.7423473684625956
mfeat-pixel,0.9675,0.965,-0.0025000000000000577,0.967433717439272,0.964935195800776,-0.002498521638495954,0.9675,0.965,-0.0025000000000000577,0.999,0.9991458333333334,0.00014583333333340054,0.1286886149674886,0.1275330912566407,-0.0011555237108479,76.97288393974304,35.1749005317688,-41.79798340797424,1.3338487148284912,1.3086371421813965,-0.025211572647094727,multiclass,1600,320,400,240,10,random,f_mmd,none,test,1.7238650669662638
mice_protein_expression,1.0,1.0,0.0,1.0,1.0,0.0,1.0,1.0,0.0,1.0,1.0,0.0,0.00043146778065,0.0003974936685529,-3.397411209709998e-05,10.778267860412598,10.244161367416382,-0.5341064929962158,0.470205545425415,0.4540045261383056,-0.016201019287109375,multiclass,864,173,216,75,8,random,f_mmd,none,test,3.8332374332200425
mobile_c36_oversampling,0.9942040185471408,0.9943972179289028,0.00019319938176198814,0.9941983711508204,0.9943920119947384,0.00019364084391793046,0.9929721156632598,0.9932179367055411,0.0002458210422813245,0.9992791231433548,0.9993437861259918,6.466298263707593e-05,0.0248854966757292,0.0224408883805711,-0.0024446082951580968,220.55250239372253,143.74614262580872,-76.80635976791382,11.168550968170166,11.164871454238892,-0.003679513931274414,binclass,41408,8282,10352,6,2,random,f_mmd,none,test,3.87416050776356
national-longitudinal-survey-binary,1.0,1.0,0.0,1.0,1.0,0.0,1.0,1.0,0.0,1.0,1.0,0.0,0.0001518081124744,9.05125422688009e-05,-6.129557020559912e-05,9.980347394943236,9.45483684539795,-0.5255105495452863,0.7540075778961182,0.7182574272155762,-0.03575015068054199,binclass,3926,786,982,16,2,random,f_mmd,none,test,2.859666730805571
online_shoppers,0.9042984590429846,0.90551500405515,0.0012165450121653931,0.8997367305815303,0.9017211616052606,0.0019844310237303597,0.7755486830601642,0.7837512938268131,0.008202610766648855,0.9307664479303795,0.9311332415511856,0.0003667936208060496,0.2257094629348586,0.2263541706129203,0.0006447076780616845,22.13996934890747,27.5431387424469,5.403169393539429,1.534772872924805,1.520906686782837,-0.013866186141967995,binclass,9864,1973,2466,14,2,random,f_mmd,none,test,3.612355004594388
ozone-level-8hr,0.9526627218934912,0.9546351084812624,0.0019723865877712132,0.9438411998460644,0.9455028296657256,0.0016616298196612256,0.668717105263158,0.6697697368421053,0.001052631578947305,0.9440131578947368,0.942565789473684,-0.0014473684210528637,0.1259611151701423,0.1274911731958848,0.0015300580257424923,12.273987770080566,13.683030128479004,1.4090423583984375,1.2643201351165771,1.2296788692474363,-0.03464126586914085,binclass,2027,406,507,72,2,random,f_mmd,none,test,3.760222356214882
page-blocks,0.9771689497716894,0.9799086757990868,0.00273972602739736,0.9769755430864684,0.9796501794474878,0.002674636361019389,0.8995303112955375,0.9029675319250268,0.003437220629489257,0.9928929962404152,0.9931552615657608,0.0002622653253456786,0.0886302042092117,0.091355214798035,0.0027250105888233095,14.60739254951477,15.307677268981934,0.7002847194671631,0.6715953350067139,0.6443378925323486,-0.027257442474365234,multiclass,4378,876,1095,10,5,random,f_mmd,none,test,206.56257001847192
pc3,0.8977635782747604,0.8913738019169329,-0.006389776357827448,0.8493992104215747,0.8718064290538436,0.02240721863226891,0.5,0.5795151245551602,0.07951512455516019,0.822508896797153,0.8335186832740213,0.011009786476868344,0.2778711633368486,0.2736289725343854,-0.004242190802463186,14.087969303131104,13.920789241790771,-0.16718006134033203,0.4699609279632568,0.4385087490081787,-0.03145217895507807,binclass,1250,250,313,37,2,random,f_mmd,none,test,11.670120732183827
pendigits,0.9972714870395636,0.9972714870395636,0.0,0.997273276642423,0.997273276642423,0.0,0.9972681553840104,0.9972681553840104,0.0,0.9997121736022538,0.9997140108603466,1.837258092773908e-06,0.0128193643522196,0.0140366786619804,0.0012173143097607992,14.23433232307434,14.046578884124756,-0.18775343894958496,1.3992702960968018,1.3767070770263672,-0.02256321907043457,multiclass,8793,1759,2199,16,10,random,f_mmd,none,test,2.452164893334547
pol,0.992563212692117,0.991571641051066,-0.0009915716410510145,0.992563135915902,0.9915715540380224,-0.0009915818778795105,0.9925649314896094,0.9915733596048264,-0.000991571884783049,0.999789592083943,0.999794508156748,4.916072804950211e-06,0.020920619279036,0.0199197304499969,-0.0010008888290390996,18.230698823928837,19.62340021133423,1.392701387405392,1.511378049850464,1.4890868663787842,-0.02229118347167991,binclass,8065,1613,2017,26,2,random,f_mmd,none,test,7.343504204160318
rice_cammeo_and_osmancik,0.9304461942257218,0.9330708661417324,0.002624671916010568,0.93028263305116,0.9327800107613768,0.0024973777102168526,0.9268376765914336,0.9279703945516968,0.001132717960263263,0.9769657229695504,0.9780280857770024,0.0010623628074519775,0.1938992174050329,0.1845040676741233,-0.009395149730909602,12.69823145866394,7.742843866348267,-4.955387592315674,0.5891482830047607,0.5563383102416992,-0.03280997276306152,binclass,3048,610,762,7,2,random,f_mmd,none,test,3.80458344580476
rl,0.8943661971830986,0.8943661971830986,0.0,0.8943421362993529,0.8943481258104583,5.989511105419787e-06,0.8943661971830985,0.8943661971830985,0.0,0.9482164617483574,0.948839920812602,0.000623459064244658,0.2929597122162481,0.2894310738116214,-0.003528638404626694,15.009244918823242,17.201277494430542,2.1920325756073,0.7062737941741943,0.6592659950256348,-0.04700779914855957,binclass,3976,796,994,12,2,random,f_mmd,none,test,5.271763022459871
segment,0.9372294372294372,0.9329004329004328,-0.0043290043290044045,0.9371760551764846,0.933069966839642,-0.004106088336842562,0.9372294372294372,0.9329004329004328,-0.0043290043290044045,0.9958240412785866,0.995414097686825,-0.0004099435917616079,0.1699289830908586,0.1758976814157141,0.005968698324855498,8.435113668441772,7.7549989223480225,-0.68011474609375,0.4716935157775879,0.5437936782836914,0.07210016250610352,multiclass,1848,370,462,17,7,random,f_mmd,none,test,5.893529068765413
semeion,0.9529780564263324,0.962382445141066,0.009404388714733591,0.953089419686292,0.962374094035536,0.00928467434924396,0.9530241935483872,0.9623991935483872,0.009375000000000022,0.9990405629862752,0.998953142757234,-8.742022904117963e-05,0.1391276491810384,0.1471974716137028,0.008069822432664409,43.69405031204224,30.621326684951782,-13.072723627090461,1.2100045680999756,1.1839656829833984,-0.02603888511657715,multiclass,1274,255,319,256,10,random,f_mmd,none,test,1.5199568110473989
shrutime,0.8735,0.8655,-0.008000000000000007,0.8612633243351486,0.855097251214224,-0.006166073120924653,0.7248503491852345,0.7238015144150828,-0.0010488347701517187,0.884282827249239,0.8790410516487169,-0.005241775600522081,0.3080566216785053,0.3124963841160588,0.004439762437553507,12.428614377975464,12.179257154464722,-0.2493572235107422,1.1257143020629885,1.1057970523834229,-0.01991724967956565,binclass,8000,1600,2000,10,2,random,f_mmd,none,test,2.195346667965043
spambase,0.9576547231270358,0.9598262757871878,0.0021715526601520097,0.957644474401364,0.9597133034687408,0.0020688290673768206,0.955426701027874,0.9552934032406172,-0.00013329778725679198,0.9909703091521274,0.9901754593836706,-0.0007948497684567846,0.1186971316471305,0.1226646561218598,0.003967524474729298,12.864884853363035,12.36002779006958,-0.5048570632934553,1.329097032546997,1.2862839698791504,-0.04281306266784668,binclass,3680,736,921,57,2,random,f_mmd,none,test,8.755897123901875
sports_articles_for_objectivity_analysis,0.845,0.84,-0.0050000000000000044,0.8425608503788404,0.8378050669321828,-0.004755783446657613,0.8197066120159637,0.815769604141948,-0.003937007874015741,0.9032466832056952,0.8985007011109912,-0.004745982094704004,0.3744814965375516,0.3928852025387525,0.018403706001200892,12.417716026306152,22.070123195648197,9.652407169342045,0.4946367740631103,0.4629642963409424,-0.03167247772216791,binclass,800,160,200,59,2,random,f_mmd,none,test,7.047942144997194
steel_plates_faults,0.8406169665809768,0.8586118251928021,0.01799485861182526,0.8407789123274074,0.8589730902986565,0.018194177971249115,0.8721605514368671,0.8877916430548011,0.015631091617933968,0.9802323798768292,0.9817210284524228,0.0014886485755936096,0.3874117375214187,0.3742240452815005,-0.013187692239918225,16.160257577896118,15.224704265594482,-0.9355533123016357,0.4828066825866699,0.4486083984375,-0.03419828414916992,multiclass,1552,311,389,27,7,random,f_mmd,none,test,37.381978418108574
sylvine,0.9707317073170731,0.9697560975609756,-0.0009756097560975618,0.9707316516010556,0.9697548884831132,-0.0009767631179423697,0.9707335830896686,0.9697627314814814,-0.0009708516081872176,0.9979250426413256,0.9975214729532164,-0.0004035696881092843,0.0591895418581999,0.0601585581372927,0.0009690162790928006,13.087030172348022,11.31225609779358,-1.7747740745544416,0.7867140769958496,0.7662081718444824,-0.020505905151367188,binclass,4099,820,1025,20,2,random,f_mmd,none,test,2.6819580007971275
telco-customer-churn,0.8048261178140526,0.808374733853797,0.0035486160397444344,0.7949110424513848,0.7990147296109265,0.00410368715954168,0.7091955359218787,0.7150262212922059,0.005830685370327271,0.8510501433775091,0.8504017153633522,-0.0006484280141568766,0.4102857647623726,0.4110412941918304,0.0007555294294577797,14.75683069229126,23.265047073364254,8.508216381072994,0.982614040374756,0.960463285446167,-0.022150754928588978,binclass,5634,1127,1409,18,2,random,f_mmd,none,test,1.874480203513468
thyroid-ann,0.9880794701986756,0.9894039735099338,0.0013245033112582183,0.9878644042103668,0.9891461734730104,0.0012817692626435617,0.9025536620921932,0.903031217011009,0.00047755491881573686,0.9988082912598836,0.9991374838802792,0.00032919262039565744,0.0350326041404768,0.0338391842178789,-0.001193419922597902,18.675710916519165,17.5003924369812,-1.1753184795379639,0.7466878890991211,0.7056868076324463,-0.041001081466674805,multiclass,3017,604,755,21,3,random,f_mmd,none,test,7.608014398270633
turiye_student_evaluation,0.520618556701031,0.5249140893470791,0.004295532646048095,0.4905814305075623,0.4946930442894746,0.004111613781912271,0.4098288722232384,0.4133500808752317,0.0035212086519932906,0.7639629592675881,0.7622653799603686,-0.0016975793072194767,1.1903069145655911,1.1950485758619234,0.004741661296332245,39.82311797142029,15.66450572013855,-24.15861225128174,1.085352897644043,1.0580062866210938,-0.02734661102294922,multiclass,4656,932,1164,32,5,random,f_mmd,none,test,2.94069101946416
vehicle,0.8941176470588236,0.8941176470588236,0.0,0.8926598118922366,0.8926598118922366,0.0,0.8947510822510822,0.8947510822510822,0.0,0.9740865688131312,0.9766061846139972,0.0025196158008660152,0.2606973422620132,0.2510901936562136,-0.009607148605799587,9.822251558303831,10.23710322380066,0.41485166549682795,0.4800269603729248,0.4333326816558838,-0.046694278717041016,multiclass,676,136,170,18,4,random,f_mmd,none,test,4.491036758993849
water_quality,0.905,0.905625,0.0006249999999999867,0.8929228733167178,0.8930288031902895,0.00010592987357171957,0.6686247461987942,0.666582712069313,-0.0020420341294812294,0.9085405074474184,0.907788790898805,-0.0007517165486133903,0.2177451742327535,0.2184517822015818,0.0007066079688282934,11.503594398498535,16.37951374053955,4.875919342041016,1.0424232482910156,1.0175371170043943,-0.024886131286621316,binclass,6396,1280,1600,20,2,random,f_mmd,none,test,2.505492927759106
waveform_database_generator_version_1,0.868,0.87,0.0020000000000000018,0.8677767786832707,0.8696826244816809,0.001905845798410133,0.8679073738174763,0.8698830973174062,0.0019757234999299156,0.9725033201972788,0.9728143601973728,0.00031104000009396504,0.2927088258116233,0.2902008726062334,-0.002507953205389879,23.85536742210388,12.260031938552856,-11.595335483551022,0.8200488090515137,0.7622635364532471,-0.0577852725982666,multiclass,4000,800,1000,21,3,random,f_mmd,none,test,2.227887633634742
wine,0.7651663405088063,0.7788649706457925,0.013698630136986245,0.7636076619640798,0.777325124553288,0.01371746258920814,0.7653262867647059,0.7790287990196079,0.013702512254901933,0.8699295343137255,0.8724264705882353,0.0024969362745097534,0.4493147531543623,0.4488057021567954,-0.0005090509975669288,8.034082889556885,10.165148735046388,2.1310658454895037,0.5576512813568115,0.5179626941680908,-0.0396885871887207,binclass,2043,409,511,4,2,random,f_mmd,none,test,3.448447365431737
wine-quality-white,0.6561224489795918,0.6520408163265307,-0.004081632653061162,0.6460108473535884,0.6390003317469134,-0.007010515606674983,0.3822891762140657,0.355186756051999,-0.02710242016206671,0.8963308490073615,0.8957291060056042,-0.0006017430017573044,0.8028392083031746,0.7923570360364663,-0.010482172266708223,17.070534229278564,20.461807012557983,3.391272783279419,0.681645393371582,0.624603271484375,-0.05704212188720703,multiclass,3918,784,980,11,7,random,f_mmd,none,test,4.045075943656547
BLE_RSSI_dataset_for_Indoor_localization,0.758137205808713,0.7621432148222334,0.0040060090135203286,0.7577771841886759,0.7617630245998147,0.003985840411138808,0.7578756870544007,0.7617901311524552,0.003914444098054526,0.9188840337868406,0.918962429895684,7.839610884341486e-05,0.5364816665313568,0.5361668378941062,-0.00031482863725051935,25.996546506881717,17.004291534423828,-8.99225497245789,0.9849441051483154,0.9595658779144288,-0.025378227233886608,multiclass,7987,1598,1997,3,3,random,f_mmd,none,test,2.914627962138002
BNG(cmc),0.5872513562386981,0.5839963833634719,-0.0032549728752261364,0.5854122349949082,0.5821012631148555,-0.0033109718800526933,0.5666405011123222,0.5634974867294938,-0.0031430143828283796,0.7658891431254036,0.7653076304316729,-0.0005815126937306347,0.8730739863300606,0.873813075526643,0.0007390891965823876,129.9259808063507,148.47159004211426,18.54560923576355,12.752584218978882,12.903124809265137,0.15054059028625488,multiclass,44236,8848,11060,9,3,random,f_mmd,none,test,3.0281701218407795
Bank_Customer_Churn_Dataset,0.8575,0.8745,0.017000000000000015,0.8556543303471325,0.8643887435096065,0.00873441316247403,0.7678641661692509,0.7437799895427014,-0.02408417662654949,0.8760517065601812,0.884633477853817,0.008581771293635798,0.3594424414872602,0.3110190790926815,-0.04842336239457867,12.152786493301392,15.07344937324524,2.9206628799438477,1.105733871459961,1.1032862663269043,-0.0024476051330566406,binclass,8000,1600,2000,10,2,random,f_mmd,none,test,2.216024872546399
California-Housing-Classification,0.9207848837209304,0.9219961240310076,0.001211240310077244,0.9207845908538989,0.9219955747156744,0.0012109838617755386,0.920785921440719,0.9219949320379006,0.0012090105971815923,0.9787500044013104,0.9788971842177228,0.00014717981641232392,0.1882071616812243,0.1866848399800649,-0.0015223217011594015,42.543187618255615,65.59774541854858,23.05455780029297,2.6881606578826904,2.711172819137573,0.02301216125488237,binclass,16512,3303,4128,8,2,random,f_mmd,none,test,7.41735768032698
Click_prediction_small,0.83279098873592,0.8339173967459325,0.001126408010012514,0.7592204859050842,0.762989238915188,0.0037687530101038202,0.5051957860291112,0.5100201010329622,0.004824315003851054,0.6273579240740956,0.6261392933596814,-0.0012186307144141928,0.439158606905097,0.4384041664060742,-0.0007544404990227904,44.98828339576721,71.79544949531555,26.80716609954834,6.9844183921813965,7.06720232963562,0.08278393745422363,binclass,31958,6392,7990,3,2,random,f_mmd,none,test,10.850846184245832
Contaminant-detection-in-packaged-cocoa-hazelnut-spread-jars-using-Microwaves-Sensing-and-Machine-Learning-10.5GHz(Urbinati),0.9791666666666666,0.9729166666666668,-0.006249999999999867,0.9791692006510168,0.9729212544502404,-0.0062479462007764,0.9792825361512792,0.97309510567297,-0.006187430478309275,0.9972712736373748,0.9964891546162404,-0.0007821190211343421,0.0638224588223996,0.0733053345594041,0.0094828757370045,10.46670699119568,7.8941330909729,-2.57257390022278,0.4662864208221435,0.4383955001831054,-0.027890920639038086,binclass,1920,384,480,30,2,random,f_mmd,none,test,3.316421665732944
Contaminant-detection-in-packaged-cocoa-hazelnut-spread-jars-using-Microwaves-Sensing-and-Machine-Learning-9.0GHz(Urbinati),0.96875,0.9708333333333332,0.002083333333333215,0.968752036493972,0.9708333333333332,0.002081296839361202,0.9687847608453838,0.970800889877642,0.0020161290322582293,0.9943861234705228,0.9941080367074528,-0.0002780867630699513,0.0953793856573205,0.0962632062818559,0.000883820624535403,11.371843099594116,10.65360140800476,-0.7182416915893555,0.4641683101654053,0.4477801322937011,-0.016388177871704157,binclass,1920,384,480,30,2,random,f_mmd,none,test,3.020260597973345
Credit_c,0.81325,0.8131,-0.00014999999999998348,0.8133157724270034,0.8131557404912894,-0.0001600319357140112,0.8204360748815986,0.8211690441751177,0.0007329692935190701,0.9273300241347868,0.926271465559795,-0.0010585585749918192,0.4407815234101476,0.4449208256633967,0.0041393022532491,479.7576777935028,615.3029677867889,135.54528999328613,28.646157264709476,28.87110996246338,0.2249526977539027,multiclass,80000,16000,20000,22,3,random,f_mmd,none,test,7.882095831881584e+86
Diabetic_Retinopathy_Debrecen,0.7489177489177489,0.7532467532467533,0.0043290043290044045,0.7489177489177489,0.7531724089863625,0.004254660068613636,0.7478545618789522,0.7519196025293586,0.004065040650406471,0.8373230954531767,0.8327311050888286,-0.0045919903643480975,0.4841768094269514,0.5022101758690253,0.018033366442073873,8.461467027664185,11.776297092437744,3.3148300647735596,0.4736979007720947,0.4638044834136963,-0.009893417358398438,binclass,920,184,231,19,2,random,f_mmd,none,test,8.221732014082974
Employee,0.8528464017185822,0.8517722878625135,-0.0010741138560687036,0.8437685141652652,0.8447285957211687,0.0009600815559034359,0.7963558715220949,0.8022350654664485,0.005879193944353656,0.8750818330605564,0.8746266366612112,-0.0004551963993452146,0.3538418974780197,0.3543316214351452,0.0004897239571254874,9.080119132995604,10.707306146621704,1.6271870136261004,0.5907347202301025,0.5929584503173828,0.0022237300872802734,binclass,3722,745,931,8,2,random,f_mmd,none,test,2.6504665867709893
FOREX_audcad-day-High,0.7411444141689373,0.7384196185286104,-0.0027247956403269047,0.740693610707586,0.7381278150925924,-0.0025657956149935934,0.740613675518327,0.7379997623715321,-0.002613913146794933,0.8305411988356205,0.8338977009445732,0.0033565021089526637,0.5084220702776182,0.5114084727172875,0.0029864024396693,17.32353663444519,7.5091023445129395,-9.814434289932251,0.4905660152435303,0.4547462463378906,-0.03581976890563965,binclass,1467,294,367,10,2,random,f_mmd,none,test,5.602017009747491
FOREX_audchf-day-High,0.6730245231607629,0.7438692098092643,0.07084468664850141,0.6493808029456501,0.7426397209237333,0.09325891797808317,0.6766025069803363,0.7448612843818689,0.06825877740153263,0.8305114952771342,0.8251054476326264,-0.005406047644507805,0.5967048020234306,0.5614075020982596,-0.035297299925170944,7.936278820037842,7.523428916931152,-0.41284990310668945,0.4630823135375976,0.4427847862243652,-0.020297527313232422,binclass,1466,294,367,10,2,random,f_mmd,none,test,4.134880364480623
FOREX_audjpy-hour-High,0.7209355390758699,0.7204791785510554,-0.0004563605248145697,0.7207630432300667,0.7203385706355816,-0.00042447259448508134,0.7220066648552135,0.7214882171642587,-0.0005184476909547708,0.7944800863660842,0.7981646946528884,0.0036846082868041696,0.5494298322264155,0.5448635162898109,-0.004566315936604615,54.63952660560608,61.30559587478638,6.666069269180298,8.594046831130981,8.730591535568237,0.13654470443725586,binclass,35060,7012,8765,10,2,random,f_mmd,none,test,5.075937866215413
FOREX_audusd-hour-High,0.7091842555618939,0.7050770108385624,-0.00410724472333146,0.7085310864861528,0.701954138671361,-0.006576947814791789,0.7066085492810845,0.6994903747673725,-0.0071181745137119945,0.7848866547962935,0.7852196403922761,0.00033298559598260447,0.5623474754425271,0.5653573920951146,0.003009916652587541,196.39784383773804,197.57641744613647,1.1785736083984375,8.627562522888184,8.720244884490967,0.0926823616027832,binclass,35060,7012,8765,10,2,random,f_mmd,none,test,4.528398710995212
FOREX_cadjpy-hour-High,0.7119224187107815,0.6919566457501426,-0.01996577296063895,0.7109570192803799,0.6865555483156024,-0.024401470964777516,0.7100329770688006,0.6969481092872656,-0.013084867781535059,0.7829829076645201,0.7798267932323815,-0.0031561144321385903,0.5692160284107085,0.5880548495241057,0.018838821113397186,54.853275775909424,87.53780508041382,32.684529304504395,8.615311861038208,8.72526240348816,0.10995054244995117,binclass,35060,7012,8765,10,2,random,f_mmd,none,test,5.189009102222003
Fitness_Club_c,0.7966666666666666,0.7966666666666666,0.0,0.7910568700935312,0.7942745098039216,0.003217639710390352,0.7361848677638152,0.7485935117514064,0.012408643987591228,0.8270676691729323,0.8263315631736684,-0.0007361059992638808,0.4546457393183044,0.4542414246248459,-0.00040431469345847404,13.919032573699951,11.39489459991455,-2.5241379737854004,0.4807970523834228,0.4475953578948974,-0.03320169448852539,binclass,1200,240,300,6,2,random,f_mmd,none,test,4.149271633992402
GAMETES_Heterogeneity_20atts_1600_Het_0.4_0.2_50_EDM-2_001,0.690625,0.6875,-0.0031250000000000444,0.6904768883547792,0.6873045653533458,-0.0031723230014333303,0.690625,0.6875,-0.0031250000000000444,0.759140625,0.76015625,0.0010156249999999645,0.5495888579199417,0.552550539737118,0.002961681817176265,12.70693588256836,10.117104530334473,-2.5898313522338867,0.4861707687377929,0.4703512191772461,-0.01581954956054682,binclass,1280,256,320,20,2,random,f_mmd,none,test,2.8019660115411904
GesturePhaseSegmentationProcessed,0.8217721518987342,0.8237974683544304,0.0020253164556961467,0.820473915257765,0.8222079074255345,0.0017339921677694825,0.7955302821171969,0.797429659411106,0.0018993772939090992,0.9615680616265714,0.9614199137017296,-0.0001481479248417461,0.516643212467639,0.5170336238456179,0.00039041137797890535,36.6792848110199,38.31871724128723,1.639432430267334,1.635786056518555,1.6313161849975586,-0.004469871520996316,multiclass,7898,1580,1975,32,5,random,f_mmd,none,test,8.95063923650063
Heart-Disease-Dataset-(Comprehensive),0.9369747899159664,0.9369747899159664,0.0,0.9368834898709552,0.936946663204456,6.317333350081e-05,0.9350431618748662,0.9358992651779982,0.0008561033031319054,0.9703930941000214,0.9683241777841192,-0.002068916315902225,0.2093050645865777,0.2171685094038577,0.007863444817280019,10.237768173217772,11.221296548843384,0.9835283756256121,0.4668140411376953,0.4401798248291015,-0.026634216308593806,binclass,952,191,238,11,2,random,f_mmd,none,test,2.505020198631557
Insurance,0.7575371549893843,0.7575371549893843,0.0,0.6530303380048618,0.6530303380048618,0.0,0.5,0.5,0.0,0.4991398046853526,0.5175551015840355,0.01841529689868293,0.5660885347032683,0.55690860468708,-0.00917993001618822,28.18956065177917,28.286004781723022,0.09644412994385121,3.23755955696106,3.2694127559661865,0.03185319900512651,binclass,18838,3768,4710,10,2,random,f_mmd,none,test,2.527371559611265
Is-this-a-good-customer,0.8840579710144928,0.8840579710144928,0.0,0.829654403567447,0.8442704113781617,0.014616007810714704,0.5,0.5325819672131148,0.03258196721311479,0.7423770491803279,0.7450819672131148,0.0027049180327869404,0.3195621416909866,0.32614435101163,0.006582209320643351,8.286328792572021,7.8748459815979,-0.4114828109741211,0.4582698345184326,0.4494316577911377,-0.008838176727294922,binclass,1378,276,345,13,2,random,f_mmd,none,test,3.379842733096094
KDD,0.8073485600794439,0.8123138033763655,0.0049652432969216065,0.8060876822111309,0.811596412796015,0.005508730584884103,0.8084447863652503,0.8131672387264766,0.004722452361226259,0.9054957194145264,0.905227443089912,-0.00026827632461445816,0.3667904482035727,0.3716230151680763,0.004832566964503571,19.777090787887573,26.70853352546692,6.931442737579346,1.2310121059417725,1.2047514915466309,-0.0262606143951416,binclass,4025,805,1007,45,2,random,f_mmd,none,test,7.599353329446505
Long,0.9921875,0.9933035714285714,0.0011160714285713969,0.9922103018927738,0.9932955445561944,0.0010852426634205825,0.9933585988667304,0.9905683518532148,-0.002790247013515601,0.999871219368607,0.9998221600804572,-4.905928814979976e-05,0.0187325010459584,0.0181037312829622,-0.0006287697629961987,9.105209827423096,8.628022193908691,-0.4771876335144043,0.6962440013885498,0.6573977470397949,-0.03884625434875488,binclass,3581,717,896,19,2,random,f_mmd,none,test,7.369905592299474
MagicTelescope,0.8940588853838065,0.8987907465825447,0.004731861198738141,0.892488930158156,0.8973139499323098,0.004825019774153838,0.8711107837895832,0.8764697645830832,0.005358980793500057,0.948422916386322,0.9496500690405963,0.0012271526542743105,0.2609174300320742,0.2550144870569392,-0.005902942975134995,48.35559415817261,67.11528277397156,18.75968861579895,2.365799903869629,2.383166074752808,0.017366170883179155,binclass,15216,3044,3804,9,2,random,f_mmd,none,test,5.712031680911495
Mobile_Price_Classification,0.9825,0.9775,-0.0050000000000000044,0.982511816508284,0.9774699640369195,-0.005041852471364461,0.9825,0.9775,-0.0050000000000000044,0.9995,0.9993916666666668,-0.00010833333333326589,0.0528693434723485,0.0644013111928386,0.011531967720490095,8.542408227920532,8.288413047790527,-0.2539951801300049,0.4868800640106201,0.4509797096252441,-0.03590035438537603,multiclass,1600,320,400,20,4,random,f_mmd,none,test,1.77580308414583
Performance-Prediction,0.7425373134328358,0.7350746268656716,-0.007462686567164201,0.7366111238221777,0.7289766636431105,-0.007634460179067215,0.7059052059052059,0.6978961209730441,-0.008009084932161792,0.7973821050744128,0.7930787161556393,-0.004303388918773465,0.529424233271593,0.5344313920820044,0.005007158810411361,11.66794776916504,16.455548763275146,4.787600994110106,0.4532296657562256,0.4320695400238037,-0.021160125732421875,binclass,1072,215,268,19,2,random,f_mmd,none,test,5.168257232607498
PieChart3,0.8796296296296297,0.8796296296296297,0.0,0.8350746268656716,0.8350746268656716,0.0,0.5343915343915344,0.5343915343915344,0.0,0.8549872623946698,0.8624338624338626,0.00744660003919273,0.2800567389682768,0.2719451262305493,-0.008111612737727536,8.106360912322998,7.584763050079346,-0.5215978622436523,0.4707136154174804,0.4396893978118896,-0.03102421760559082,binclass,861,173,216,37,2,random,f_mmd,none,test,11.726465615371712
PizzaCutter3,0.8708133971291866,0.8803827751196173,0.009569377990430672,0.8343952016712312,0.8243787817913973,-0.010016419879833816,0.5291304347826087,0.5,-0.029130434782608683,0.8830434782608696,0.8884782608695653,0.005434782608695676,0.2592999893782957,0.2544455523936626,-0.004854436984633059,8.075592041015625,13.737687826156616,5.662095785140991,0.4542880058288574,0.4425430297851562,-0.011744976043701227,binclass,834,167,209,37,2,random,f_mmd,none,test,12.306453186652956
QSAR_biodegradation,0.8815165876777251,0.8862559241706162,0.004739336492891044,0.8803938097917156,0.8854084739220404,0.0050146641303248085,0.8586519114688129,0.8656941649899397,0.007042253521126751,0.9387323943661972,0.9375251509054324,-0.0012072434607647287,0.3162718776767058,0.3045600648234024,-0.01171181285330336,16.840163946151733,9.945276737213137,-6.894887208938597,0.4733779430389404,0.4508564472198486,-0.022521495819091797,binclass,843,169,211,41,2,random,f_mmd,none,test,6.54492472276594
SDSS17,0.9763,0.9766,0.000300000000000078,0.9761725103854906,0.976481667035316,0.0003091566498254483,0.9710189507472324,0.9716062441464776,0.0005872933992451257,0.996758487836756,0.996703581796979,-5.490603977698072e-05,0.0748491455535557,0.0733885354225346,-0.0014606101310210978,257.76487731933594,230.0699791908264,-27.69489812850955,25.19096875190735,25.461307764053345,0.2703390121459961,multiclass,80000,16000,20000,12,3,random,f_mmd,none,test,104561.2094549622
Telecom_Churn_Dataset,0.970014992503748,0.967016491754123,-0.0029985007496250438,0.9691826476871452,0.966576503438155,-0.0026061442489901943,0.9140170012660518,0.9208175076867426,0.006800506420690855,0.9218846084282872,0.924145415084102,0.00226080665581474,0.1265697279785121,0.1362151302334232,0.00964540225491109,11.811769723892212,12.145785093307495,0.3340153694152832,0.7063696384429932,0.6634228229522705,-0.042946815490722656,binclass,2666,534,667,17,2,random,f_mmd,none,test,2.542818075266187
Water_Quality_and_Potability,0.649390243902439,0.6417682926829268,-0.007621951219512257,0.5781372934697089,0.5941882799619339,0.016050986492225028,0.5641406250000001,0.56984375,0.00570312499999992,0.6676464843750001,0.6659375,-0.001708984375000111,0.6264848155667776,0.6271715803304918,0.0006867647637142094,22.975631713867188,11.422496795654297,-11.55313491821289,0.6141564846038818,0.5762662887573242,-0.03789019584655762,binclass,2620,524,656,8,2,random,f_mmd,none,test,2.748143622954012
Wilt,0.9906735751295336,0.9927461139896372,0.002072538860103612,0.9904507934090568,0.9926443320683423,0.00219353865928551,0.9315970174403908,0.9508277866711602,0.019230769230769384,0.9881413766955937,0.988036060325217,-0.00010531637037669572,0.0336215426176042,0.0315520776848436,-0.002069464932760598,15.968535661697388,7.863229990005493,-8.105305671691895,0.5705411434173584,0.5231976509094238,-0.04734349250793457,binclass,3856,772,965,5,2,random,f_mmd,none,test,9.513533140919357
ada_agnostic,0.8389923329682366,0.8411829134720701,0.0021905805038334725,0.8378888103725963,0.838799154529365,0.0009103441567687165,0.7779022874096146,0.7734648925649554,-0.004437394844659215,0.8983252205854022,0.8977408458663516,-0.0005843747190505955,0.3380539244305084,0.3383379434110037,0.00028401898049529306,12.549881219863892,12.173073291778564,-0.37680792808532715,1.1822760105133057,1.1527388095855713,-0.029537200927734375,binclass,3649,730,913,48,2,random,f_mmd,none,test,4.24644759405347
adult,0.874393464774891,0.8738406731773233,-0.0005527915975677145,0.8709651812239977,0.8707953929333865,-0.00016978829061120582,0.8015762464032941,0.8033694713289135,0.0017932249256193966,0.9291598579906204,0.9290758851906148,-8.397280000560503e-05,0.273965835852247,0.2742561181418784,0.000290282289631405,151.29589986801147,174.1751115322113,22.87921166419983,9.873324632644652,9.9872407913208,0.11391615867614924,binclass,32561,6513,16281,14,2,random,f_mmd,none,test,4.350633794615429
allbp,0.9788079470198676,0.9774834437086092,-0.0013245033112584403,0.975389238731662,0.9737428354552355,-0.0016464032764264003,0.54352108341028,0.532409972299169,-0.011111111111111072,0.986540001954744,0.9848052322539684,-0.0017347697007755736,0.0640939843750916,0.0686065381499526,0.004512553774860997,17.035148859024048,14.070643424987791,-2.9645054340362567,0.8321702480316162,0.7636733055114746,-0.0684969425201416,multiclass,3017,604,755,29,3,random,f_mmd,none,test,5.450873249965501
analcatdata_authorship,0.9940828402366864,0.9881656804733728,-0.005917159763313529,0.9940804879569156,0.9881656804733728,-0.005914807483542783,0.9957627118644068,0.9918564618644068,-0.00390625,0.9999242768178148,0.9999242768178148,0.0,0.0119386679449394,0.0107987433000224,-0.0011399246449169988,8.346934795379639,7.945825099945068,-0.4011096954345703,0.491685152053833,0.4478278160095215,-0.04385733604431152,multiclass,672,135,169,69,4,random,f_mmd,none,test,2.148679396514
autoUniv-au4-2500,0.69,0.692,0.0020000000000000018,0.6610079840319361,0.6637621275121276,0.00275414348019154,0.4997552250047072,0.500665285884642,0.000910060879934782,0.7473881272798621,0.7554322414357664,0.008044114155904225,0.7300323778481143,0.7186329903735561,-0.011399387474558154,14.043880939483644,14.122002601623535,0.0781216621398908,1.7788262367248535,1.7333364486694336,-0.04548978805541992,multiclass,2000,400,500,100,3,random,f_mmd,none,test,1.441765975181657
bank,0.9098750414685391,0.9085480482140884,-0.0013269932544507368,0.9078580832213466,0.9034492539370654,-0.004408829284281213,0.7607894883246351,0.730110095370218,-0.03067939295441713,0.944984866473409,0.943615687732078,-0.001369178741330912,0.1831763431199776,0.1850115301723275,0.0018351870523498903,82.15473079681396,66.89865756034851,-15.256073236465454,9.653854846954346,9.788078308105469,0.13422346115112305,binclass,36168,7234,9043,16,2,random,f_mmd,none,test,4.882501341811338
baseball,0.9514925373134328,0.9402985074626866,-0.011194029850746134,0.942167188252287,0.9297881630914064,-0.012379025160880519,0.670995670995671,0.5800865800865801,-0.09090909090909094,0.9683826401959332,0.9675151038699304,-0.0008675363260027824,0.1444511075880435,0.1587736979422891,0.014322590354245601,16.09873604774475,14.127936840057371,-1.9707992076873797,0.4621057510375976,0.4492170810699463,-0.012888669967651312,multiclass,1072,215,268,16,3,random,f_mmd,none,test,5.656968063095402
churn,0.97,0.97,0.0,0.9690275740299898,0.968920424403183,-0.00010714962680680173,0.9084371568457468,0.9054731297319164,-0.0029640271138303698,0.9400094122309464,0.9398690544010436,-0.00014035782990273749,0.1189096403379572,0.1188383880010092,-7.125233694800504e-05,12.587154626846312,12.2038254737854,-0.3833291530609113,0.7999234199523926,0.7772252559661865,-0.022698163986206055,binclass,4000,800,1000,20,2,random,f_mmd,none,test,2.333854864970073
company_bankruptcy_prediction,0.9699413489736072,0.969208211143695,-0.0007331378299121338,0.9659102317479724,0.9647957655048436,-0.001114466243128831,0.6549242424242424,0.643560606060606,-0.011363636363636354,0.9587637741046832,0.958953168044077,0.00018939393939387816,0.0735541821125398,0.0730375823812226,-0.0005165997313172077,52.352606534957886,31.06812024116516,-21.284486293792725,2.449676275253296,2.425374984741211,-0.02430129051208496,binclass,5455,1091,1364,95,2,random,f_mmd,none,test,112.9613160694125
connect-4,0.8632326820603907,0.8621965660153937,-0.001036116044996982,0.8484339056732695,0.8481413911956259,-0.0002925144776435573,0.6875051208614459,0.6902360510303905,0.0027309301689446563,0.9460080781932714,0.9458904309160764,-0.00011764727719498769,0.3385801166958948,0.3399994386673169,0.0014193219714221383,496.6551496982575,568.4484257698059,71.7932760715484,22.490808725357056,22.77745676040649,0.2866480350494349,multiclass,54045,10809,13512,42,3,random,f_mmd,none,test,6.244759378452183
credit,0.7747532156745438,0.7825306610828597,0.0077774454083159306,0.7739723009862747,0.7825247063909192,0.008552405404644525,0.7747708231325825,0.7825291204590552,0.007758297326472707,0.8587507408966353,0.8644667405415776,0.005715999644942293,0.5048689616592797,0.4636824926387537,-0.04118646902052603,20.23436117172241,20.26929545402527,0.03493428230286,2.051969528198242,2.063942670822144,0.011973142623901811,binclass,13371,2675,3343,10,2,random,f_mmd,none,test,13.155764649515575
customer_satisfaction_in_airline,0.964197720973206,0.9642747151216507,7.699414844475339e-05,0.9642418520553064,0.964320315262458,7.846320715154675e-05,0.9653518926504212,0.965495745566022,0.00014385291560081725,0.9956780899184864,0.9956526559047172,-2.543401376919885e-05,0.0809331150608109,0.0815891842125079,0.0006560691516969974,250.36604046821597,234.5991888046265,-15.766851663589478,30.713514804840088,31.128182649612427,0.41466784477233887,binclass,103904,20781,25976,21,2,random,f_mmd,none,test,3.052426194001726
default_of_credit_card_clients,0.828,0.8265,-0.0014999999999999458,0.8051083277955948,0.8052157368245685,0.00010740902897365956,0.6610645161134262,0.6638786267726978,0.002814110659271618,0.7992106524824502,0.799596714825552,0.00038606234310178955,0.4159269597325757,0.4149705169883081,-0.0009564427442675938,77.41507124900818,115.67485761642456,38.25978636741638,5.413898706436157,5.472349882125855,0.058451175689698154,binclass,24000,4800,6000,23,2,random,f_mmd,none,test,7.581877829547388
dis,0.990728476821192,0.990728476821192,0.0,0.989524085374335,0.989524085374335,0.0,0.7493270524899058,0.7493270524899058,0.0,0.9973082099596232,0.9960744728577836,-0.0012337371018396048,0.0213290765929446,0.0243913420239682,0.0030622654310236003,19.101513862609863,19.7086980342865,0.6071841716766357,0.8296113014221191,0.7701578140258789,-0.059453487396240234,binclass,3017,604,755,29,2,random,f_mmd,none,test,5.355088270758003
drug_consumption,0.403183023872679,0.403183023872679,0.0,0.2316968605998004,0.2316968605998004,0.0,0.1428571428571428,0.1428571428571428,0.0,0.4577345352008025,0.5309765559163951,0.07324202071559266,1.5244990854460114,1.5104346544954783,-0.014064430950533113,8.2337965965271,7.715693235397339,-0.5181033611297607,0.461355447769165,0.4302096366882324,-0.03114581108093256,multiclass,1507,302,377,12,7,random,f_mmd,none,test,3.0060375948929003
eeg-eye-state,0.9929906542056076,0.9933244325767692,0.00033377837116155273,0.9929894266832971,0.993322543624194,0.0003331169408968826,0.9927445121690358,0.9929784584762192,0.00023394630718343024,0.9997424113807336,0.9997721331444952,2.972176376159208e-05,0.0187521256281575,0.0185272402508732,-0.0002248853772842986,18.41753554344177,31.15497994422913,12.73744440078736,1.8933889865875244,1.9126265048980715,0.019237518310547097,binclass,11984,2397,2996,14,2,random,f_mmd,none,test,7586696.755650854
estimation_of_obesity_levels,0.9905437352245864,0.9929078014184396,0.0023640661938532093,0.9905413452515084,0.9929048456536922,0.0023635004021838046,0.9902298850574712,0.9926929392446634,0.0024630541871921707,0.999986503812673,0.9999730076253458,-1.3496187327155518e-05,0.0184955879216706,0.0205948098029891,0.0020992218813185026,8.788058996200562,12.855451345443726,4.067392349243164,0.4866828918457031,0.4401652812957763,-0.04651761054992681,multiclass,1688,338,423,16,7,random,f_mmd,none,test,3.7695767221365215
eye_movements,0.909963436928702,0.9081352833638026,-0.001828153564899404,0.9098146456712148,0.9078855438466952,-0.0019291018245196634,0.914823429460176,0.9135457187580784,-0.0012777107020975897,0.9825262787438126,0.9818273005071364,-0.0006989782366761954,0.2535688739962684,0.260891487704919,0.007322613708650616,62.42280650138855,62.20451474189758,-0.2182917594909668,1.6593708992004397,1.6479170322418213,-0.011453866958618386,multiclass,8748,1750,2188,27,3,random,f_mmd,none,test,5.837584109932924
first-order-theorem-proving,0.6070261437908496,0.6176470588235294,0.010620915032679812,0.5901702793582696,0.6015791171269252,0.011408837768655644,0.4833290476877813,0.4920533920226123,0.008724344334830991,0.8285565667242207,0.8434909275472187,0.014934360822997927,1.1248837745786917,1.0723024423780592,-0.05258133220063255,13.57427716255188,13.047282934188845,-0.5269942283630353,1.4450232982635498,1.4145948886871338,-0.030428409576416016,multiclass,4894,979,1224,51,6,random,f_mmd,none,test,8.690973891333927
heloc,0.728,0.7295,0.0015000000000000568,0.7276066640228489,0.7291190736973869,0.0015124096745380289,0.728,0.7295,0.0015000000000000568,0.8021754999999999,0.8006354999999999,-0.0015399999999999858,0.5422763171988947,0.544061325309993,0.001785008111098274,17.247143745422363,23.030096292495728,5.782952547073364,1.378740310668945,1.3675355911254885,-0.011204719543456587,binclass,8000,1600,2000,22,2,random,f_mmd,none,test,7.5216218818738545
house_16H,0.8917716827279466,0.8865826538176427,-0.005189028910303928,0.8917716827279466,0.8865825914935707,-0.005189091234375942,0.8917716827279466,0.8865826538176427,-0.005189028910303928,0.9581893844436836,0.9573167615579944,-0.0008726228856892337,0.263731152758268,0.2645737242180332,0.0008425714597652401,23.623188018798828,29.347586631774902,5.724398612976074,1.7650210857391355,1.7732295989990234,0.008208513259887917,binclass,10790,2158,2698,16,2,random,f_mmd,none,test,7.526607633218357
ibm-employee-performance,1.0,1.0,0.0,1.0,1.0,0.0,1.0,1.0,0.0,1.0,1.0,0.0,1.299389698134889e-05,1.299389698134889e-05,0.0,8.90253734588623,8.396512508392334,-0.5060248374938965,0.4741871356964111,0.4509584903717041,-0.023228645324706976,binclass,1176,236,294,30,2,random,f_mmd,none,test,2.3734940379938125
internet_firewall,0.9308766308079652,0.9308003356984818,-7.629510948348184e-05,0.9282567791558411,0.9281828445592802,-7.39345965609095e-05,0.7765747081319475,0.7764913192059969,-8.338892595061154e-05,0.988693117900228,0.9871526075530574,-0.0015405103471705095,0.2185321191773843,0.1871983207030168,-0.031333798474367486,89.74754810333252,89.96986675262451,0.2223186492919922,16.62554621696472,16.810468196868896,0.1849219799041748,multiclass,52425,10485,13107,7,4,random,f_mmd,none,test,24.97476808637804
jm1,0.8185576481396417,0.8180983004134129,-0.00045934772622879816,0.7824221528939174,0.7820818108437007,-0.00034034205021671315,0.5877622160059301,0.5874774779649279,-0.00028473804100226374,0.7528913423403438,0.7503388450321666,-0.002552497308177193,0.4281294202463439,0.427754327311304,-0.00037509293503990015,32.36248469352722,25.1259822845459,-7.236502408981323,1.5033791065216064,1.484588623046875,-0.018790483474731445,binclass,8708,1742,2177,21,2,random,f_mmd,none,test,16.39964188685047
kc1,0.8649289099526066,0.8791469194312796,0.014218009478673022,0.8308569425393248,0.865508729332117,0.03465178679279213,0.5929971988795518,0.6831932773109244,0.09019607843137256,0.8237448825684119,0.8513682396035337,0.027623357035121754,0.3334716112728635,0.3092197112783318,-0.0242518999945317,8.106071472167969,12.70386528968811,4.597793817520142,0.4715495109558105,0.4313986301422119,-0.04015088081359858,binclass,1687,338,422,21,2,random,f_mmd,none,test,13.059992117936376
kr-vs-kp,0.9984375,0.9984375,0.0,0.9984376031804651,0.9984376031804651,0.0,0.998502994011976,0.998502994011976,0.0,0.9999706469414114,0.9999510782356854,-1.956870572594749e-05,0.0067094213582208,0.0075715525042215,0.0008621311460006997,25.34396433830261,18.152257442474365,-7.1917068958282435,0.8882684707641602,0.8472976684570312,-0.040970802307128906,binclass,2556,512,640,36,2,random,f_mmd,none,test,4.255044078248239
led24,0.728125,0.728125,0.0,0.7212110642568887,0.7189745453419292,-0.0022365189149595732,0.7276923691171063,0.728046944044259,0.00035457492715262884,0.957238760919237,0.957319633274601,8.08723553640256e-05,0.7707776764395027,0.777432450400679,0.006654773961176308,10.454326868057253,9.885098218917848,-0.5692286491394043,0.8057429790496826,0.7491953372955322,-0.05654764175415039,multiclass,2560,512,640,24,10,random,f_mmd,none,test,1.4863865026689451
madeline,0.9347133757961784,0.9331210191082804,-0.0015923566878980333,0.9347059249320224,0.933104733642154,-0.0016011912898684644,0.9346600129827978,0.9330371632586822,-0.001622849724115527,0.9767222492697176,0.97633682246024,-0.0003854268094776181,0.1884044549899327,0.1925499060073228,0.004145451017390112,29.817156314849857,38.86162519454956,9.044468879699703,4.105835199356079,4.002713203430176,-0.10312199592590332,binclass,2512,503,628,259,2,random,f_mmd,none,test,1.463640099017785
maternal_health_risk,0.8620689655172413,0.8423645320197044,-0.019704433497536922,0.8582925974148914,0.83794603173852,-0.020346565676371386,0.8597941828455925,0.8416134814144764,-0.018180701431116053,0.9631826985765666,0.9603368911977748,-0.0028458073787918092,0.334555584711916,0.374548218819649,0.039992634107733016,15.282137870788574,18.249717235565186,2.9675793647766113,0.4564042091369629,0.4227039813995361,-0.03370022773742681,multiclass,811,163,203,6,3,random,f_mmd,none,test,3.31848649755426
mfeat-fourier,0.925,0.915,-0.010000000000000009,0.9242038588121432,0.9117922416178728,-0.012411617194270419,0.925,0.915,-0.010000000000000009,0.9943680555555556,0.9936736111111112,-0.000694444444444442,0.2163145565785559,0.2271708662657918,0.010856309687235915,12.656610488891602,8.879727602005005,-3.7768828868865967,0.5018060207366943,0.4757473468780517,-0.026058673858642634,multiclass,1600,320,400,76,10,random,f_mmd,none,test,2.268642198833415
mfeat-morphological,0.7675,0.77,0.0025000000000000577,0.7544088907537245,0.753739344776823,-0.0006695459769014978,0.7675,0.77,0.0025000000000000577,0.9730416666666668,0.9729236111111113,-0.0001180555555555518,0.4978930781062066,0.498840489684826,0.0009474115786194393,14.371250629425049,10.864516019821169,-3.50673460960388,0.468989610671997,0.4276747703552246,-0.041314840316772405,multiclass,1600,320,400,6,10,random,f_mmd,none,test,3.0462114326407037
mfeat-zernike,0.845,0.8375,-0.007499999999999951,0.8375754116239669,0.8347006199928235,-0.0028747916311433475,0.845,0.8375,-0.007499999999999951,0.984777777777778,0.9845555555555556,-0.00022222222222234578,0.2453459772060356,0.2494236832045507,0.004077705998515091,14.47382378578186,26.18989372253418,11.71606993675232,0.4722888469696045,0.4455325603485107,-0.026756286621093806,multiclass,1600,320,400,47,10,random,f_mmd,none,test,3.202519510756844
microaggregation2,0.64275,0.644,0.0012499999999999734,0.5958957489944477,0.5994985634663392,0.00360281447189148,0.4247084962484047,0.431938198420405,0.007229702172000307,0.8316684347682877,0.8321346640768803,0.0004662293085926361,0.8660691883097866,0.8659692715413769,-9.991676840970243e-05,31.21095013618469,30.853281021118164,-0.35766911506652477,2.985910654067993,2.983475923538208,-0.0024347305297851562,multiclass,16000,3200,4000,20,5,random,f_mmd,none,test,7.857963638383117
mozilla4,0.9398520424573816,0.938565455130267,-0.0012865873271146189,0.9393254150301048,0.937597265859822,-0.0017281491702828555,0.9237418855143714,0.9165421109336804,-0.007199774580690987,0.9756117686882828,0.9756820950118008,7.032632351799961e-05,0.1698320300725435,0.1716016510735983,0.0017696210010547941,21.27589607238769,36.50859618186951,15.232700109481815,1.7130281925201416,1.700807809829712,-0.012220382690429688,binclass,12436,2488,3109,4,2,random,f_mmd,none,test,5.793754919248117
okcupid_stem,0.7518740629685158,0.7496251874062968,-0.002248875562218977,0.7010287341117386,0.6933713906024996,-0.0076573435092389674,0.5047549219619845,0.4870119851961596,-0.017742936765824835,0.8091905121036885,0.8073224877517343,-0.0018680243519542117,0.5910099057300613,0.5899017761792406,-0.0011081295508207356,49.45899438858032,49.71419453620911,0.2552001476287913,4.1939427852630615,4.234689235687256,0.040746450424194336,multiclass,21341,4269,5336,13,3,random,f_mmd,none,test,3.34951940185591
optdigits,0.994661921708185,0.9955516014234876,0.000889679715302627,0.9946656144721172,0.9955514951717668,0.0008858806996495661,0.9946583789358592,0.99555927983676,0.0009009009009007807,0.9999779773419848,0.9999841253301452,6.147988160454254e-06,0.0140883969519956,0.0126950820017433,-0.0013933149502523001,14.013169765472412,26.69949626922608,12.68632650375367,1.5370314121246338,1.5380632877349854,0.0010318756103515625,multiclass,4496,900,1124,64,10,random,f_mmd,none,test,5.620109054672161
ozone_level,0.9783464566929134,0.9783464566929134,0.0,0.9715321032632116,0.9715321032632116,0.0,0.4979959919839679,0.4979959919839679,0.0,0.8229792919171677,0.8156312625250501,-0.007348029392117539,0.085924485049864,0.0883489290434333,0.0024244439935693085,17.113775730133057,18.13230776786804,1.0185320377349818,0.8959400653839111,0.8644492626190186,-0.03149080276489258,binclass,2028,406,508,36,2,random,f_mmd,none,test,4.099503720039604
pc1,0.9324324324324323,0.9324324324324323,0.0,0.9186724718639612,0.9137478035310852,-0.00492466833287597,0.5927536231884059,0.5618357487922705,-0.03091787439613536,0.8880837359098228,0.8793880837359098,-0.008695652173912993,0.1713842354962716,0.1732372576738673,0.0018530221775956979,7.388167381286621,7.460753679275513,0.0725862979888916,0.4391546249389648,0.4624898433685303,0.023335218429565485,binclass,887,178,222,21,2,random,f_mmd,none,test,14.86032532681965
pc4,0.9143835616438356,0.9178082191780822,0.003424657534246589,0.9090075911520448,0.91053016835721,0.001522577205165243,0.7482638888888888,0.73828125,-0.00998263888888884,0.9569227430555556,0.9544270833333334,-0.00249565972222221,0.1917009929589431,0.1953160289563242,0.003615035997381083,7.853217601776123,17.430554151535034,9.577336549758911,0.4534780979156494,0.4382812976837158,-0.015196800231933594,binclass,1166,234,292,37,2,random,f_mmd,none,test,10.75574672843578
phoneme,0.8945420906567992,0.901017576318224,0.006475485661424751,0.893615230072717,0.900096422467573,0.006481192394856006,0.8644854410623153,0.8718351033081738,0.007349662245858535,0.9570498951227971,0.958061505937536,0.0010116108147388836,0.2491419243051821,0.2513564081355557,0.0022144838303736203,10.50496220588684,14.479995489120483,3.9750332832336426,0.6064207553863525,0.5702648162841797,-0.03615593910217285,binclass,4323,865,1081,5,2,random,f_mmd,none,test,2.9289108186790944
predict_students_dropout_and_academic_success,0.7830508474576271,0.7853107344632768,0.002259887005649719,0.771682724045154,0.7776290880969395,0.005946364051785502,0.6978137930288124,0.7096408335133694,0.011827040484556961,0.8909790726395327,0.8904410698291221,-0.0005380028104106094,0.5542516102524504,0.559433762254918,0.005182152002467633,11.968584537506104,15.499576568603516,3.530992031097412,0.9585676193237304,0.9251611232757568,-0.03340649604797352,multiclass,3539,708,885,34,3,random,f_mmd,none,test,3.729705293545708
ringnorm,0.977027027027027,0.9804054054054054,0.0033783783783783994,0.9770146831670996,0.9803997936806156,0.0033851105135159765,0.9768459924281024,0.9802822020231904,0.0034362095950879468,0.997466902626422,0.9973956763844828,-7.122624193922622e-05,0.0671884932612944,0.0591856788477026,-0.008002814413591804,27.004695177078247,17.651228427886963,-9.353466749191284,1.045793533325195,1.0238804817199707,-0.021913051605224387,binclass,5920,1184,1480,20,2,random,f_mmd,none,test,2.910172080710768
satimage,0.9416796267496113,0.9432348367029548,0.0015552099533435726,0.940757582785069,0.942371771071724,0.0016141882866549384,0.9240479384165406,0.9266264346171712,0.0025784962006305534,0.9959907021774206,0.9961872397673656,0.00019653758994497839,0.1465829440915913,0.1452259156113382,-0.0013570284802530974,17.823402166366577,17.090428113937378,-0.7329740524291992,1.2611980438232422,1.2353525161743164,-0.02584552764892578,multiclass,5144,1029,1286,36,6,random,f_mmd,none,test,4.555489347715731
seismic+bumps,0.9342359767891684,0.9342359767891684,0.0,0.9024719535783364,0.9024719535783364,0.0,0.5,0.5,0.0,0.6779320423821703,0.695469492144684,0.0175374497625137,0.243371333361321,0.2340066613322505,-0.009364672029070487,9.10672163963318,8.500400066375732,-0.6063215732574481,0.659217357635498,0.618206262588501,-0.04101109504699707,binclass,2067,414,517,18,2,random,f_mmd,none,test,6.7471506196877575
shill-bidding,0.9098814229249012,0.9106719367588932,0.0007905138339920903,0.8867610212839742,0.8881417839528507,0.001380762668876545,0.6016475433951162,0.605435422182995,0.0037878787878787845,0.8992718446601943,0.8995560191500174,0.0002841744898230969,0.2123409253339513,0.2126744168765683,0.0003334915426169982,11.946556329727173,11.336316585540771,-0.6102397441864014,0.627253532409668,0.5994358062744141,-0.027817726135253906,binclass,5056,1012,1265,3,2,random,f_mmd,none,test,2.25877517589016
splice,0.9608150470219436,0.9608150470219436,0.0,0.9606908002611791,0.9606846876771516,-6.112584027495593e-06,0.9515473863261316,0.9503616393611064,-0.0011857469650251584,0.9964606195604032,0.9966562158519452,0.00019559629154197733,0.1002012064754832,0.0992635467031389,-0.0009376597723442931,18.521267890930176,27.29654264450073,8.775274753570553,1.192609786987305,1.165449857711792,-0.027159929275512917,multiclass,2552,511,638,60,3,random,f_mmd,none,test,1.7497194576964898
statlog,0.73,0.73,0.0,0.7165280665280664,0.7095283146371131,-0.006999751890953365,0.6404761904761905,0.6261904761904762,-0.014285714285714346,0.7648809523809526,0.7548809523809523,-0.010000000000000231,0.5156153435107732,0.5251915187393296,0.00957617522855636,10.594472885131836,11.92178726196289,1.3273143768310547,0.4824011325836181,0.4499146938323974,-0.0324864387512207,binclass,800,160,200,20,2,random,f_mmd,none,test,2.655811727331582
svmguide3,0.8634538152610441,0.8554216867469879,-0.008032128514056214,0.8574905683339418,0.8420522957110085,-0.015438272622933291,0.7695997807017544,0.7273848684210527,-0.04221491228070173,0.8949195906432749,0.876279239766082,-0.018640350877192846,0.3282471171354252,0.3623007838513436,0.03405366671591842,7.867891073226929,15.989542722702026,8.121651649475098,0.4520554542541504,0.4303343296051025,-0.021721124649047907,binclass,994,199,249,22,2,random,f_mmd,none,test,6.847694175573602
taiwanese_bankruptcy_prediction,0.9721407624633432,0.9721407624633432,0.0,0.9635473773288332,0.9657864616079058,0.0022390842790726007,0.5901515151515152,0.6231060606060606,0.03295454545454535,0.9423725895316803,0.9389118457300276,-0.0034607438016527325,0.084335077220059,0.0855229257721449,0.00118784855208591,43.36801481246948,19.810219764709476,-23.557795047760006,2.416667938232422,2.3780887126922607,-0.03857922554016113,binclass,5455,1091,1364,95,2,random,f_mmd,none,test,2.3426401043571996e+36
thyroid,0.9951388888888888,0.99375,-0.001388888888888773,0.9951140046296296,0.993734375,-0.001379629629629675,0.9644422776455784,0.959687710625445,-0.004754567020133438,0.999758548316958,0.999568519574996,-0.00019002874196194508,0.0135668808135047,0.0176541186432495,0.004087237829744799,29.55445003509521,18.856387615203857,-10.698062419891354,1.0310728549957275,1.0104751586914062,-0.02059769630432129,multiclass,5760,1152,1440,21,3,random,f_mmd,none,test,6.57357810338756
thyroid-dis,0.7035714285714286,0.675,-0.02857142857142858,0.6840058611719171,0.6429562877782692,-0.0410495733936479,0.4142086659517852,0.3753720693170234,-0.0388365966347618,0.8777516696835004,0.8769311613398119,-0.0008205083436885197,0.7099639918330319,0.7219033018674054,0.01193931003437343,10.114656448364258,9.598602771759031,-0.5160536766052264,0.8023881912231445,0.7628612518310547,-0.039526939392089844,multiclass,2240,448,560,26,5,random,f_mmd,none,test,6.195405562608837
twonorm,0.9797297297297296,0.9797297297297296,0.0,0.9797297297297296,0.9797295076287252,-2.2210100436570457e-07,0.979731518866908,0.9797351711745274,3.6523076193395454e-06,0.9985007277222931,0.9984970754146738,-3.6523076193395454e-06,0.0511447129499392,0.0509185245662616,-0.0002261883836775988,10.965717792510986,10.444801807403564,-0.5209159851074219,1.0400621891021729,1.0223584175109863,-0.017703771591186523,binclass,5920,1184,1480,20,2,random,f_mmd,none,test,2.0104159775957977
wall-robot-navigation,0.9862637362637364,0.9908424908424908,0.0045787545787543404,0.9863035343421624,0.9908498705919364,0.0045463362497739634,0.988162234590806,0.9932977736549164,0.0051355390641104615,0.9998206344601084,0.999871059514439,5.042505433061617e-05,0.02901857545909,0.0250494284333358,-0.0039691470257542,35.497612953186035,30.719653606414795,-4.77795934677124,0.8886380195617676,0.8567333221435547,-0.03190469741821289,multiclass,4364,873,1092,24,4,random,f_mmd,none,test,2.660672702219943
waveform-5000,0.871,0.866,-0.0050000000000000044,0.8709724903474902,0.8659039961656645,-0.005068494181825756,0.8711125809661716,0.866160758445211,-0.004951822520960603,0.9780830955863706,0.9782105388429688,0.000127443256598192,0.2586521541294518,0.2606979352186131,0.0020457810891613137,23.97417426109314,10.958211183547974,-13.015963077545166,1.1100332736968994,1.0834071636199951,-0.026626110076904297,multiclass,4000,800,1000,40,3,random,f_mmd,none,test,1.8460368858891765
website_phishing,0.915129151291513,0.9298892988929888,0.014760147601475815,0.915535189199614,0.9304089643653364,0.014873775165722414,0.9246031746031744,0.9354256854256856,0.010822510822511178,0.9787112680069866,0.9769886499531372,-0.001722618053849434,0.2522619088621948,0.260160149238766,0.00789824037657122,8.592931985855103,7.75945520401001,-0.8334767818450928,0.4704029560089111,0.4324679374694824,-0.037935018539428655,multiclass,1082,217,271,9,3,random,f_mmd,none,test,2.228709432720395
wine-quality-red,0.65625,0.66875,0.012499999999999956,0.6380071712140518,0.6506962249407857,0.012689053726733901,0.3256280637254902,0.3364123774509804,0.010784313725490213,0.8054079270665886,0.8022032495834678,-0.0032046774831208102,0.864220017158934,0.8526707277167407,-0.011549289442193356,14.808520793914797,13.40062379837036,-1.4078969955444371,0.4452583789825439,0.4404947757720947,-0.004763603210449163,multiclass,1279,256,320,4,6,random,f_mmd,none,test,5.6754549366480544
yeast,0.6195286195286195,0.6094276094276094,-0.010101010101010055,0.6132129672851486,0.604762114381976,-0.008450852903172601,0.578211630926439,0.5611441997404112,-0.017067431186027826,0.8869320354293979,0.8882637450047145,0.0013317095753165864,0.9742044126343484,0.9793943895649436,0.005189976930595197,10.026872396469116,11.147674798965454,1.120802402496338,0.4626219272613525,0.4429645538330078,-0.01965737342834467,multiclass,1187,238,297,8,10,random,f_mmd,none,test,7.800245991400498
