dataset_name,accuracy_summary,accuracy_random,delta_accuracy,f1_summary,f1_random,balanced_accuracy_summary,balanced_accuracy_random,delta_balanced_accuracy,roc_auc_summary,roc_auc_random,delta_roc_auc,log_loss_summary,log_loss_random,delta_log_loss,fit_seconds_summary,fit_seconds_random,predict_seconds_summary,predict_seconds_random,task_type_summary,n_train_summary,n_val_summary,n_test_summary,n_features_summary,n_classes_summary
Amazon_employee_access,0.9433933475740006,0.9450717119316449,0.0016783643576442353,0.9301068881183704,0.9341816071224844,0.5860897524916411,0.6105079422729749,0.02441818978133381,0.8351237541794408,0.8259910482518452,-0.00913270592759563,0.1685398732352713,0.1764803804126319,0.007940507177360584,1.6257662773132324,68.03402209281921,9.051114082336426,5.1993372440338135,binclass,26215,5243,6554,7,2
BNG(breast-w),0.9881889763779528,0.9880619761239524,-0.00012700025400036452,0.9881997477294914,0.9880671889035106,0.9878375727246708,0.9872141801181176,-0.000623392606553197,0.9992097618743874,0.9991976835309644,-1.2078343422983195e-05,0.03218541099591,0.0328402254295313,0.0006548144336213021,0.791140079498291,91.92176294326782,10.719622135162354,7.557148694992065,binclass,31492,6299,7874,9,2
BNG(tic-tac-toe),0.8157226314452629,0.8159766319532639,0.0002540005080009511,0.8135631679198023,0.8136807500239616,0.7862986431728798,0.7859790070754806,-0.0003196360973991563,0.8836584746304951,0.8845327587143185,0.0008742840838233956,0.4047900127376176,0.4023220634677605,-0.002467949269857106,0.8712358474731445,100.55537390708923,10.989176034927368,7.366778135299683,binclass,31492,6299,7874,9,2
Basketball_c,0.6977611940298507,0.7089552238805971,0.011194029850746356,0.6974705754942503,0.711236006650442,0.6785376801322939,0.7008032128514057,0.022265532719111802,0.7381289865343728,0.7391330025986298,0.0010040160642570406,0.6196135343588107,0.5884238790115034,-0.031189655347307332,0.5286402702331543,7.880035161972046,0.5589077472686768,0.4807372093200683,binclass,1072,215,268,11,2
Cardiovascular-Disease-dataset,0.7339285714285714,0.7331428571428571,-0.0007857142857142785,0.7335481555639667,0.7329356282086473,0.7339070559696509,0.7331270148986171,-0.000780041071033799,0.800795567606716,0.8002455164066992,-0.0005500512000168323,0.5428176063678546,0.545056096578256,0.002238490210401456,0.9744865894317628,107.18091869354248,28.42198896408081,20.03214168548584,binclass,56000,11200,14000,11,2
Contaminant-detection-in-packaged-cocoa-hazelnut-spread-jars-using-Microwaves-Sensing-and-Machine-Learning-10.0GHz(Urbinati),0.9729166666666668,0.96875,-0.004166666666666763,0.9729231325737024,0.9687585467395412,0.97365127919911,0.969340934371524,-0.004310344827585966,0.9937082869855396,0.992769744160178,-0.0009385428253615435,0.0803472278754067,0.0977087822860217,0.017361554410615,0.5693988800048828,15.299450159072876,0.8503365516662598,0.5018520355224609,binclass,1920,384,480,30,2
Contaminant-detection-in-packaged-cocoa-hazelnut-spread-jars-using-Microwaves-Sensing-and-Machine-Learning-11.0GHz(Urbinati),0.95625,0.9541666666666668,-0.002083333333333215,0.95626044492675,0.9541722367865184,0.9569660734149056,0.9550889877641824,-0.001877085650723198,0.9923004727474972,0.9909795606229144,-0.0013209121245828515,0.1072469843459122,0.1180009335013932,0.010753949155480988,0.5447649955749512,10.370678186416626,0.8484790325164795,0.4700984954833984,binclass,1920,384,480,30,2
Contaminant-detection-in-packaged-cocoa-hazelnut-spread-jars-using-Microwaves-Sensing-and-Machine-Learning-9.5GHz(Urbinati),0.9666666666666668,0.9479166666666666,-0.018750000000000155,0.966675348578771,0.9479309112325682,0.9673248053392658,0.948484427141268,-0.018840378197997776,0.9943166017797552,0.99103170189099,-0.003284899888765236,0.0969399220662776,0.1229031666929741,0.025963244626696497,0.5409221649169922,8.367275953292847,0.8634233474731445,0.4627070426940918,binclass,1920,384,480,30,2
Customer_Personality_Analysis,0.8928571428571429,0.890625,-0.0022321428571429047,0.8848287598792377,0.8829200996492792,0.7278959533043444,0.7265836173463391,-0.001312335958005284,0.8997727895953304,0.9049046108042466,0.0051318212089161985,0.2595742916600211,0.2502802419888036,-0.009294049671217497,0.5580167770385742,8.958624839782715,0.8327481746673584,0.4727809429168701,binclass,1792,359,448,24,2
E-CommereShippingData,0.6772727272727272,0.6790909090909091,0.0018181818181818299,0.665211366874681,0.668365309163904,0.7274321222773565,0.727492227151776,6.010487441943102e-05,0.7306837959834488,0.7309559852004626,0.0002721892170137741,0.5033547758920178,0.5039355595107965,0.0005807836187786686,0.5957603454589844,24.45628499984741,1.71227765083313,1.239506721496582,binclass,8799,1760,2200,10,2
FICO-HELOC-cleaned,0.7478481012658228,0.7427848101265823,-0.005063291139240533,0.7476502050826498,0.7417968862947971,0.7468408326108662,0.7405209570258733,-0.006319875584992918,0.8245986712082801,0.8216814104750204,-0.002917260733259708,0.5147355473065034,0.5203755334769739,0.005639986170470457,0.5991725921630859,23.32220697402954,1.858705997467041,1.4236326217651367,binclass,7896,1580,1975,23,2
FOREX_audcad-hour-High,0.7151169423844838,0.7148887621220764,-0.00022818026240734035,0.7151269846755828,0.7149500539824737,0.714908638414774,0.7150753416112752,0.00016670319650113896,0.7888689425222595,0.789245184184885,0.0003762416626255094,0.5547981558088069,0.5547165553686841,-8.160044012273104e-05,0.5934126377105713,56.99611973762512,12.62379550933838,9.48857879638672,binclass,35060,7012,8765,10,2
FOREX_audjpy-day-High,0.773841961852861,0.7929155313351499,0.019073569482288888,0.7731838045481415,0.7924895078307409,0.7724124606147078,0.7917484097259377,0.019335949111229933,0.8518518518518517,0.8539028595208371,0.0020510076689853607,0.4794142945502971,0.4868904061680786,0.0074761116177815,0.6958770751953125,11.820612668991089,0.5001611709594727,0.4794297218322754,binclass,1465,293,367,10,2
FOREX_audsgd-hour-High,0.7005134055904164,0.7064460924130063,0.00593268682258985,0.69951660075165,0.7065101101552864,0.702448303075176,0.7066113271316201,0.004163024056444087,0.768914475055572,0.7771585514105186,0.008244076354946617,0.5774531634811079,0.5719959264200599,-0.005457237061047948,0.5845966339111328,162.50005435943604,12.678776502609251,8.723124504089355,binclass,35060,7012,8765,10,2
FOREX_cadjpy-day-High,0.7356948228882834,0.7111716621253406,-0.02452316076294281,0.7353883707151857,0.7039070053616947,0.7357893799002138,0.7116001425516749,-0.02418923734853884,0.7915775718698027,0.7810643858398669,-0.010513186029935784,0.5547467864516467,0.5958858769525862,0.04113909050093956,0.5213072299957275,7.920401334762573,0.4991862773895263,0.4687860012054443,binclass,1467,294,367,10,2
Firm-Teacher_Clave-Direction_Classification,0.8837962962962963,0.8731481481481481,-0.010648148148148184,0.8819237739970741,0.8707146705930869,0.8085371811799024,0.7910120854921663,-0.01752509568773608,0.973213808374568,0.9704393633201536,-0.002774445054414376,0.3019769126299133,0.3193081879623482,0.017331275332434948,0.7659912109375,37.29038310050965,1.874260187149048,1.405182123184204,multiclass,8640,1728,2160,16,4
GAMETES_Epistasis_2-Way_20atts_0.1H_EDM-1_1,0.678125,0.675,-0.0031249999999999334,0.6732719396504724,0.6693032314479908,0.6781250000000001,0.675,-0.0031250000000000444,0.7366796875,0.7472656249999999,0.01058593749999992,0.5880500909116693,0.5947689303410832,0.006718839429413981,0.705669641494751,8.878027200698853,0.5390233993530273,0.4901998043060303,binclass,1280,256,320,20,2
Gender_Gap_in_Spanish_WP,0.6021052631578947,0.6073684210526316,0.0052631578947368585,0.5543913727638692,0.5508862643555095,0.4204621400136057,0.4157822119059017,-0.004679928107704012,0.6988720599484267,0.7022620959704057,0.0033900360219789594,0.7977652880447951,0.7969275763409027,-0.0008377117038923521,0.6349608898162842,11.127746343612673,0.7899901866912842,0.6473388671875,multiclass,3796,760,950,13,3
HR_Analytics_Job_Change_of_Data_Scientists,0.8034968684759917,0.8024530271398748,-0.0010438413361169019,0.8062098585249203,0.804575257903581,0.752311981467024,0.7474195961106955,-0.004892385356328521,0.8108460856731581,0.8105782091947873,-0.00026787647837078765,0.4297638037933818,0.4308719889491304,0.00110818515574862,0.824465274810791,27.65243411064148,3.595534563064575,2.5703065395355225,binclass,15326,3066,3832,13,2
INNHotelsGroup,0.9018607856650586,0.903790489317712,0.0019297036526534361,0.9011744080275164,0.9029275668715078,0.8820465897128471,0.882510970671339,0.00046438095849188343,0.9635678498139628,0.9616163199915548,-0.0019515298224079825,0.2200890576979379,0.2250514689388694,0.004962411240931497,0.8551855087280273,64.0415050983429,10.136996984481812,7.042298078536987,binclass,29020,5804,7255,17,2
Intersectional-Bias-Assessment,0.9459090909090908,0.9472727272727272,0.0013636363636363447,0.9459094597199642,0.9472731630367524,0.9459155783994558,0.9472995187408416,0.001383940341385781,0.9905359803826768,0.9904285380151758,-0.00010744236750093172,0.1282935509259604,0.128876931491068,0.0005833805651075941,0.6226456165313721,23.39620041847229,1.9586315155029297,1.4998109340667725,binclass,8800,1760,2200,19,2
JapaneseVowels,0.9994982438534872,0.9989964877069744,-0.0005017561465128217,0.999498083906782,0.9989960803818158,0.9993540051679586,0.9987928379401247,-0.0005611672278338364,1.0,0.999998157779988,-1.8422200119827536e-06,0.0010800111030294,0.0048273669656399,0.0037473558626105003,0.6406657695770264,29.26097798347473,1.6421678066253662,1.203678846359253,multiclass,7968,1594,1993,14,9
KDDCup09_upselling,0.8128654970760234,0.8148148148148148,0.0019493177387913674,0.8117208078939019,0.8138983400350551,0.8128654970760234,0.8148148148148148,0.0019493177387913674,0.9127936801066996,0.912736682511998,-5.699759470156884e-05,0.3544383456513748,0.3519923255290391,-0.0024460201223356903,0.761005163192749,33.97381329536438,1.5992085933685305,1.3045055866241455,binclass,4102,821,1026,49,2
MIC,0.9030303030303032,0.9030303030303032,0.0,0.89153605015674,0.8941558441558441,0.7263335441703563,0.7423571579169301,0.016023613746573795,0.8855154965211891,0.8840396373603205,-0.0014758591608685645,0.2626932184419975,0.2665500938865575,0.0038568754445599818,0.9051039218902588,12.71725082397461,0.707557201385498,0.7385702133178711,binclass,1319,264,330,104,2
Marketing_Campaign,0.8995535714285714,0.8861607142857143,-0.013392857142857095,0.8933521949808856,0.8699259093699128,0.750284013005837,0.6747561405570572,-0.07552787244877979,0.9335605437380028,0.9307008265757823,-0.002859717162220443,0.2257363253083464,0.2345622793186054,0.008825954010259013,0.5684330463409424,8.81807279586792,0.8287215232849121,0.4841899871826172,binclass,1792,359,448,27,2
National_Health_and_Nutrition_Health_Survey,0.8355263157894737,0.8355263157894737,0.0,0.7913318971559885,0.7885534022230477,0.541739690260739,0.5361958582209664,-0.0055438320397726,0.7716656532780143,0.7694838871204264,-0.0021817661575879166,0.3808431662361319,0.3828058391395953,0.001962672903463414,0.520153284072876,14.83202052116394,0.6240849494934082,0.5727264881134033,binclass,1822,365,456,7,2
PhishingWebsites,0.9796472184531886,0.9773857982813208,-0.0022614201718678117,0.979630362587788,0.9773575845045794,0.9786012699149522,0.9759462192675608,-0.002655050647391466,0.9986550672259156,0.998050365556458,-0.0006047016694575857,0.0474991610621031,0.0552336094530958,0.007734448390992701,0.7821168899536133,33.366337060928345,2.3534512519836426,1.7845337390899658,binclass,8844,1769,2211,30,2
Pima_Indians_Diabetes_Database,0.7467532467532467,0.7597402597402597,0.012987012987012991,0.7371540246262263,0.7539924190641895,0.6942592592592592,0.717037037037037,0.022777777777777786,0.875925925925926,0.8681481481481481,-0.007777777777777883,0.4475877550794772,0.4501965919687013,0.002608836889224142,0.5170810222625732,11.50687551498413,0.4933927059173584,0.4600379467010498,binclass,614,123,154,8,2
Pumpkin_Seeds,0.886,0.866,-0.020000000000000018,0.8858805822787859,0.8648546915716654,0.8850961538461539,0.8628205128205129,-0.022275641025641058,0.9462980769230768,0.9448878205128204,-0.001410256410256383,0.2964318626463558,0.3767257361504,0.08029387350404421,0.5176534652709961,8.05547833442688,0.6814243793487549,0.6376228332519531,binclass,2000,400,500,12,2
Rain_in_Australia,0.8615083184380585,0.8596177643338375,-0.0018905541042210094,0.854826432280574,0.8533517699241645,0.7171830455512745,0.7232006057390744,0.006017560187799864,0.9226146241530576,0.9219524988930612,-0.0006621252599964267,0.3410465858234109,0.3437694668604421,0.0027228810370311662,1.9657645225524905,319.6074318885803,116.24803447723389,33.01152205467224,multiclass,116368,23274,29092,18,3
Shipping,0.6895454545454546,0.6909090909090909,0.0013636363636363447,0.6801288242132769,0.6812510258107868,0.7313018622410887,0.7331257066063697,0.0018238443652809355,0.7379214573689712,0.7361914716610849,-0.0017299857078862946,0.4986877744465905,0.4987569619835652,6.918753697465752e-05,0.7547352313995361,18.51113986968994,1.6757745742797852,1.2245714664459229,binclass,8799,1760,2200,9,2
VulNoneVul,0.9894644424934153,0.9894644424934153,0.0,0.9842245601854184,0.9842245601854184,0.5,0.5,0.0,0.8556270334220645,0.821354628808045,-0.03427240461401948,0.0486209616221006,0.0492539806861057,0.0006330190640051053,0.5216972827911377,9.465019464492798,1.002232551574707,0.7588624954223633,binclass,4553,911,1139,16,2
Waterstress,0.7815126050420168,0.7815126050420168,0.0,0.7814354555381475,0.7810183246151058,0.7826793920113114,0.7835277483209615,0.0008483563096500779,0.8700600919052669,0.8599505125486037,-0.010109579356663234,0.4465526987846978,0.4591542751223279,0.01260157633763015,0.6623325347900391,10.10526704788208,0.4895088672637939,0.4683718681335449,binclass,950,190,238,22,2
abalone,0.6423444976076556,0.6411483253588517,-0.0011961722488038617,0.6456383330126182,0.6455169969334182,0.6401762457252539,0.6396814518276348,-0.0004947938976190835,0.8328166744803882,0.8295697495300965,-0.003246924950291663,0.7400480054193321,0.745337646874146,0.00528964145481392,0.6448209285736084,9.011738777160645,0.7134835720062256,0.5974974632263184,multiclass,3341,669,836,8,3
ada,0.8602409638554217,0.8662650602409638,0.0060240963855421326,0.8555096105240209,0.8610022876800131,0.7834826985312422,0.7874891087876525,0.004006410256410353,0.9165655339805824,0.9169545058501368,0.0003889718695544442,0.3081865165492102,0.3115614627847219,0.003374946235511711,0.7145934104919434,12.158353328704834,1.303537368774414,1.1294043064117432,binclass,3317,664,830,48,2
ada_prior,0.8532311062431545,0.8510405257393209,-0.0021905805038335835,0.845130577091515,0.8410790115448555,0.7593756823056472,0.749075275169854,-0.010300407135793277,0.8954161903905677,0.8878385841435378,-0.0075776062470299665,0.3384187805846442,0.3493802736396695,0.010961493055025306,0.566533088684082,17.536696672439575,0.7842087745666504,0.6704921722412109,binclass,3649,730,913,14,2
airlines_seed_0_nrows_2000_nclasses_10_ncols_100_stratify_True,0.6225,0.595,-0.02750000000000008,0.6053696710220732,0.5815916808149405,0.6003391031480919,0.5755643283733172,-0.024774774774774744,0.6678687114080373,0.6515715153355602,-0.016297196072477038,0.6342773372702637,0.6462746340849744,0.011997296814710734,0.5344092845916748,21.58408141136169,0.5092449188232422,0.4631907939910888,binclass,1600,320,400,7,2
allrep,0.9827814569536424,0.981456953642384,-0.0013245033112584403,0.9820487314653762,0.9810612979454876,0.7254158512720157,0.7250733855185909,-0.00034246575342478103,0.996170409040133,0.9963539727462476,0.00018356370611460893,0.0399784142443855,0.0438527936554354,0.0038743794110498997,0.7185103893280029,27.412903547286987,0.9090628623962402,0.792691707611084,multiclass,3017,604,755,29,4
artificial-characters,0.9153620352250488,0.905577299412916,-0.009784735812132794,0.915357396455982,0.9055219206950968,0.9112691480565728,0.9000729313937137,-0.011196216662859082,0.997822261381858,0.9966748673545188,-0.0011473940273392103,0.1774127371267938,0.2109651425794065,0.03355240545261268,0.5233457088470459,40.37778043746948,1.5182087421417236,1.085608720779419,multiclass,8174,1635,2044,7,10
autoUniv-au7-1100,0.4363636363636363,0.4136363636363636,-0.022727272727272707,0.417061161483152,0.3793039582821249,0.4165152487519671,0.3957321172046106,-0.020783131547356504,0.7461221733973696,0.7287411864523616,-0.017380986945008003,1.335546867621219,1.359826422413272,0.024279554792052904,0.5404458045959473,8.37763500213623,0.5018754005432129,0.4831190109252929,multiclass,880,176,220,12,5
banknote_authentication,0.5454545454545454,0.5454545454545454,0.0,0.4049286992445585,0.4366675652114969,0.4918568520304296,0.496839172827601,0.004982320797171369,0.51183970856102,0.5045001607200257,-0.0073395478409943316,0.6888109738252358,0.7019105406662124,0.013099566840976573,0.6466865539550781,10.8003191947937,0.4865877628326416,0.4575202465057373,binclass,1097,220,275,4,2
car-evaluation,1.0,1.0,0.0,1.0,1.0,1.0,1.0,0.0,1.0,1.0,0.0,0.0101887919926194,0.0102502187336994,6.142674107999929e-05,0.6801478862762451,11.96039605140686,0.5210916996002197,0.4894623756408691,multiclass,1382,277,346,21,4
cmc,0.5898305084745763,0.5796610169491525,-0.01016949152542379,0.5889259395286689,0.5758060148940605,0.5632156676932797,0.5487525026594385,-0.014463165033841152,0.7641391269428205,0.7616530005592658,-0.002486126383554721,0.8711270147773404,0.8751492686784674,0.004022253901126982,0.6579818725585938,8.32838249206543,0.5032596588134766,0.472994327545166,multiclass,1178,236,295,9,3
compass,0.863923100030039,0.8486031841393812,-0.015319915890657843,0.8639227316640866,0.848602200525109,0.8639226365788866,0.8486024486024486,-0.015320187976437971,0.9343805945368444,0.9256810897435898,-0.008699504793254653,0.3241917229664793,0.341559195024499,0.017367472058019695,0.7855687141418457,29.20378613471985,3.172307014465332,2.2946410179138184,binclass,13315,2663,3329,17,2
contraceptive_method_choice,0.6237288135593221,0.6135593220338983,-0.01016949152542379,0.6228917606751242,0.6124320735101368,0.5964992962359074,0.590732146921787,-0.005767149314120368,0.795110269819967,0.7878538719784506,-0.007256397841516438,0.8235676170810268,0.8362518376949766,0.012684220613949804,0.6693935394287109,13.37317180633545,0.5184547901153564,0.487401008605957,multiclass,1178,236,295,9,3
credit-g,0.78,0.79,0.010000000000000009,0.7653333333333333,0.774077578051088,0.6904761904761905,0.6976190476190476,0.0071428571428571175,0.8492857142857144,0.8547619047619047,0.005476190476190301,0.4386637856117444,0.435871746105815,-0.0027920395059294334,0.6734585762023926,12.895226001739502,0.4998507499694824,0.4764816761016845,binclass,800,160,200,20,2
dabetes_130-us_hospitals,0.6457698732435885,0.6441977006976516,-0.0015721725459368896,0.6427007838187897,0.6409097394060362,0.6387873800926585,0.6369890110148455,-0.0017983690778129446,0.703220791392558,0.6986781802700435,-0.004542611122514528,0.6190037473594296,0.6226559461754473,0.0036521988160176377,1.6081488132476809,167.5112919807434,61.51466035842896,27.02142357826233,binclass,81412,16283,20354,20,2
delta_ailerons,0.9488078541374474,0.9537166900420756,0.004908835904628206,0.94881429657582,0.9537166900420756,0.9487424792618177,0.953539757480259,0.0047972782184413365,0.983042179320858,0.982876313352408,-0.00016586596845002965,0.1567919330308575,0.1571672758527128,0.00037534282185530676,0.5840332508087158,9.269721031188965,1.002138614654541,0.7204999923706055,binclass,5703,1141,1426,5,2
dna,0.9733542319749215,0.974921630094044,0.0015673981191224318,0.9734742464782928,0.9750157414217072,0.9724064974642548,0.9745568525557864,0.0021503550915316083,0.9979098128546194,0.99786610807502,-4.370477959947383e-05,0.0801749785453853,0.0815947150535172,0.0014197365081319024,1.2701177597045898,46.33084297180176,3.398192405700684,3.1904313564300537,multiclass,2548,510,638,180,3
dry_bean_dataset,0.927653323540213,0.9272860815277268,-0.0003672420124861686,0.927728352449278,0.9273269806267233,0.9380339500347646,0.93730990090097,-0.0007240491337946464,0.9960916095769318,0.9959410056314508,-0.0001506039454809427,0.1841381651473717,0.1882367227653775,0.004098557618005816,0.6851744651794434,17.512503623962402,2.485868453979492,1.7955000400543213,multiclass,10888,2178,2723,16,7
electricity,0.9075361359373276,0.9234249144874764,0.015888778550148808,0.9073774123744734,0.9233287186680156,0.9037827173733214,0.9204501149132022,0.01666739753988078,0.9710905591778074,0.980398777714214,0.00930821853640662,0.2159302643202768,0.1786339085696292,-0.037296355750647575,0.7863049507141113,205.22028613090515,13.238555431365969,9.151057243347168,binclass,36249,7250,9063,8,2
eucalyptus,0.6959459459459459,0.7027027027027027,0.006756756756756799,0.6982020452012838,0.7072166310879462,0.6854223296083761,0.6887361992013155,0.0033138695929393336,0.9387611114625752,0.938101793046633,-0.0006593184159422449,0.6187390177571781,0.6237668851858644,0.005027867428686328,0.677962064743042,26.34578585624695,0.5017492771148682,0.4728085994720459,multiclass,588,118,148,19,5
eye_movements_bin,0.6662286465177398,0.8232588699080158,0.15703022339027595,0.6656374276289273,0.8232252164575528,0.6662286465177398,0.8232588699080158,0.15703022339027595,0.7359221993331273,0.9127125419385588,0.17679034260543147,0.5974813869318522,0.3833097874696615,-0.21417159946219066,0.6575877666473389,38.94294810295105,1.4068639278411863,1.0630381107330322,binclass,6086,1218,1522,20,2
golf_play_dataset_extended,0.9406392694063926,0.9315068493150684,-0.0091324200913242,0.9408723830749228,0.9317758266249112,0.9145513948228198,0.900791656195024,-0.013759738627795781,0.981276702689118,0.9763759738627796,-0.0049007288263384075,0.1448183993449505,0.163869044060157,0.01905064471520651,0.537548303604126,11.218965768814089,0.4939477443695068,0.4867117404937744,binclass,876,176,219,9,2
hill-valley,0.9423868312757202,0.8930041152263375,-0.04938271604938271,0.9422341876901056,0.8917162017985063,0.9421826310797996,0.8925619834710744,-0.0496206476087252,0.9990516190218128,0.9533938490719416,-0.04565776994987125,0.3018602720551643,0.3785438742368602,0.0766836021816959,0.5448079109191895,9.268364667892456,0.5541143417358398,0.4878358840942383,binclass,969,194,243,100,2
htru,0.979608938547486,0.9810055865921788,0.0013966480446928609,0.9795667990043684,0.9808461102593908,0.9366918669186692,0.934719347193472,-0.001972519725197186,0.987409249092491,0.9879558170581706,0.0005465679656796452,0.0631265934301215,0.0616085908090619,-0.001518002621059604,0.5323352813720703,21.242055892944336,3.0244619846343994,2.147390127182007,binclass,14318,2864,3580,8,2
in_vehicle_coupon_recommendation,0.780449349625542,0.7737485218762318,-0.006700827749310245,0.7784073117522701,0.7718380606661707,0.7695061400008867,0.7631720276885857,-0.006334112312300966,0.8563686280470427,0.8512014008955091,-0.0051672271515336154,0.4626202332822232,0.4694996011703924,0.00687936788816923,0.7596774101257324,46.06681847572327,2.3222880363464355,1.7966723442077637,binclass,10147,2030,2537,21,2
jasmine,0.8257956448911222,0.8324958123953099,0.006700167504187671,0.8236736385438235,0.830927772854532,0.8259803371417027,0.8326580772597697,0.006677740118066988,0.8858162555273731,0.8745033781508833,-0.011312877376489783,0.3838201270905387,0.3845572540364546,0.000737126945915878,1.0045347213745115,83.94332575798035,2.8521487712860107,2.62361216545105,binclass,2387,478,597,144,2
jungle_chess_2pcs_raw_endgame_complete,0.9601740294511378,0.9902945113788488,0.030120481927710996,0.9600929858181042,0.9902907502860454,0.945605036556938,0.9864077423205924,0.04080270576365441,0.9972861426204732,0.9996209222594123,0.002334779638939133,0.1094445958788701,0.0516015698541623,-0.05784302602470779,0.6822841167449951,185.29758524894717,12.847052574157717,8.616498947143555,multiclass,35855,7171,8964,6,3
kdd_ipums_la_97-small,0.8911368015414258,0.8766859344894027,-0.014450867052023142,0.8906250728504117,0.8764837126282911,0.8911368015414258,0.8766859344894027,-0.014450867052023142,0.948719376598691,0.9465995448487344,-0.0021198317499565578,0.2620318195467249,0.2676186280266074,0.005586808479882521,0.6533546447753906,9.88330078125,0.9842097759246826,0.8012616634368896,binclass,4150,830,1038,20,2
law-school-admission-bianry,1.0,1.0,0.0,1.0,1.0,1.0,1.0,0.0,1.0,1.0,0.0,1.2997894562074718e-05,1.2993896981348888e-05,-3.997580725829725e-09,0.636601448059082,24.49703550338745,4.00120735168457,2.842893600463867,binclass,16640,3328,4160,11,2
led7,0.740625,0.740625,0.0,0.7340405712446606,0.7344028439473028,0.7387037180770313,0.7386593331245221,-4.4384952509135545e-05,0.9595226044004244,0.9590290945042852,-0.000493509896139166,0.776993937894978,0.7784400640818426,0.0014461261868646824,0.6514534950256348,14.30797290802002,0.6514263153076172,0.6048052310943604,multiclass,2560,512,640,7,10
mammography,0.9888243182834152,0.9888243182834152,0.0,0.9880426288676926,0.9879016619731944,0.8159346945960217,0.8065481429325823,-0.00938655166343949,0.98241946840345,0.9831455729625066,0.0007261045590566395,0.0314449558440079,0.0338761582307375,0.0024312023867296,0.6243855953216553,12.561676740646362,1.61999249458313,1.139389991760254,binclass,8946,1790,2237,6,2
mfeat-factors,0.9775,0.9775,0.0,0.9774628833597652,0.977492574033173,0.9775,0.9775,0.0,0.9996458333333332,0.9995902777777778,-5.555555555547542e-05,0.0815147374346061,0.0858900948396252,0.004375357405019098,0.7132666110992432,20.76672840118408,1.2040455341339111,1.022608518600464,multiclass,1600,320,400,216,10
mfeat-karhunen,0.975,0.97,-0.0050000000000000044,0.9748970954986188,0.9699556969393338,0.975,0.97,-0.0050000000000000044,0.999625,0.9995694444444444,-5.5555555555586444e-05,0.1034154846607184,0.1034366112482482,2.11265875297989e-05,0.5367181301116943,9.113251447677612,0.5481383800506592,0.4857487678527832,multiclass,1600,320,400,64,10
mfeat-pixel,0.9725,0.9675,-0.0050000000000000044,0.9724422611343312,0.967433717439272,0.9725,0.9675,-0.0050000000000000044,0.9990763888888888,0.999,-7.638888888883422e-05,0.1193072284339493,0.1286886149674886,0.009381386533539302,1.343003749847412,76.97288393974304,1.5262401103973389,1.3338487148284912,multiclass,1600,320,400,240,10
mice_protein_expression,1.0,1.0,0.0,1.0,1.0,1.0,1.0,0.0,1.0,1.0,0.0,0.000430273077415,0.00043146778065,1.1947032350000065e-06,0.5355789661407471,10.778267860412598,0.501744270324707,0.470205545425415,multiclass,864,173,216,75,8
mobile_c36_oversampling,0.9943972179289028,0.9942040185471408,-0.00019319938176198814,0.9943915050789932,0.9941983711508204,0.993131249972617,0.9929721156632598,-0.00015913430935721173,0.9993249309792096,0.9992791231433548,-4.580783585483861e-05,0.0239188466026683,0.0248854966757292,0.0009666500730608971,0.6702756881713867,220.55250239372253,16.275747060775757,11.168550968170166,binclass,41408,8282,10352,6,2
national-longitudinal-survey-binary,1.0,1.0,0.0,1.0,1.0,1.0,1.0,0.0,1.0,1.0,0.0,0.0001356987627348,0.0001518081124744,1.610934973960001e-05,0.6071376800537109,9.980347394943236,0.9017648696899414,0.7540075778961182,binclass,3926,786,982,16,2
online_shoppers,0.9051094890510948,0.9042984590429846,-0.0008110300081102251,0.9008488208842648,0.8997367305815303,0.7792354614062766,0.7755486830601642,-0.003686778346112418,0.9323831033755065,0.9307664479303795,-0.0016166554451269022,0.2235676386770813,0.2257094629348586,0.002141824257777314,0.6342113018035889,22.13996934890747,2.064779043197632,1.534772872924805,binclass,9864,1973,2466,14,2
ozone-level-8hr,0.9585798816568049,0.9526627218934912,-0.00591715976331364,0.9514530950290728,0.9438411998460644,0.7010197368421053,0.668717105263158,-0.032302631578947305,0.943157894736842,0.9440131578947368,0.0008552631578948588,0.1258905551201907,0.1259611151701423,7.05600499515957e-05,0.5378777980804443,12.273987770080566,1.3513944149017334,1.2643201351165771,binclass,2027,406,507,72,2
page-blocks,0.9799086757990868,0.9771689497716894,-0.00273972602739736,0.9796501794474878,0.9769755430864684,0.9029675319250268,0.8995303112955375,-0.003437220629489257,0.9920835892345498,0.9928929962404152,0.0008094070058654035,0.087900281713343,0.0886302042092117,0.0007299224958686873,0.6260671615600586,14.60739254951477,0.9607503414154052,0.6715953350067139,multiclass,4378,876,1095,10,5
pc3,0.8913738019169329,0.8977635782747604,0.006389776357827448,0.8610103697565126,0.8493992104215747,0.5379782028469751,0.5,-0.03797820284697506,0.8405249110320284,0.822508896797153,-0.01801601423487542,0.2632758333845115,0.2778711633368486,0.014595329952337088,0.6243147850036621,14.087969303131104,0.4968311786651611,0.4699609279632568,binclass,1250,250,313,37,2
pendigits,0.9968167348794906,0.9972714870395636,0.0004547521600729576,0.996819604653752,0.997273276642423,0.9967942217347212,0.9972681553840104,0.00047393364928915993,0.9997106283167064,0.9997121736022538,1.5452855474107352e-06,0.0106484674926686,0.0128193643522196,0.002170896859551,0.6378059387207031,14.23433232307434,1.8771557807922363,1.3992702960968018,multiclass,8793,1759,2199,16,10
pol,0.9910758552305404,0.992563212692117,0.0014873574615765772,0.9910756578038038,0.992563135915902,0.9910783110733556,0.9925649314896094,0.0014866204162538033,0.9997807431528938,0.999789592083943,8.848931049243447e-06,0.0209589387967249,0.020920619279036,-3.831951768890063e-05,0.6493439674377441,18.230698823928837,1.9874796867370603,1.511378049850464,binclass,8065,1613,2017,26,2
rice_cammeo_and_osmancik,0.9304461942257218,0.9304461942257218,0.0,0.9301801841698922,0.93028263305116,0.9256768165700456,0.9268376765914336,0.0011608600213879328,0.9786964597287106,0.9769657229695504,-0.0017307367591601341,0.1833028732835232,0.1938992174050329,0.010596344121509699,0.5189638137817383,12.69823145866394,0.6434459686279297,0.5891482830047607,binclass,3048,610,762,7,2
rl,0.903420523138833,0.8943661971830986,-0.00905432595573441,0.9034013605442176,0.8943421362993529,0.903420523138833,0.8943661971830985,-0.009054325955734521,0.9516009538113996,0.9482164617483574,-0.003384492063042255,0.2767802852401595,0.2929597122162481,0.016179426976088596,0.5792934894561768,15.009244918823242,0.788703441619873,0.7062737941741943,binclass,3976,796,994,12,2
segment,0.948051948051948,0.9372294372294372,-0.010822510822510845,0.9479996078536224,0.9371760551764846,0.948051948051948,0.9372294372294372,-0.010822510822510845,0.9968297695570424,0.9958240412785866,-0.0010057282784557975,0.1486823196927429,0.1699289830908586,0.021246663398115706,0.6345407962799072,8.435113668441772,0.743004322052002,0.4716935157775879,multiclass,1848,370,462,17,7
semeion,0.9592476489028212,0.9529780564263324,-0.006269592476488839,0.9594012559871594,0.953089419686292,0.959375,0.9530241935483872,-0.006350806451612789,0.9990296744845328,0.9990405629862752,1.088850174235656e-05,0.1490701030265195,0.1391276491810384,-0.009942453845481092,1.1096935272216797,43.69405031204224,1.3722734451293943,1.2100045680999756,multiclass,1274,255,319,256,10
shrutime,0.8695,0.8735,0.0040000000000000036,0.8583802325835219,0.8612633243351486,0.7253044178967025,0.7248503491852345,-0.0004540687114680253,0.8859536082474228,0.884282827249239,-0.0016707809981837407,0.3047273537634816,0.3080566216785053,0.0033292679150236926,0.7127993106842041,12.428614377975464,1.5611474514007568,1.1257143020629885,binclass,8000,1600,2000,10,2
spambase,0.9565689467969598,0.9576547231270358,0.0010857763300760048,0.9565689467969598,0.957644474401364,0.9545306436802038,0.955426701027874,0.0008960573476701761,0.9905556049251064,0.9909703091521274,0.00041470422702094556,0.1201718175120327,0.1186971316471305,-0.0014746858649021949,0.5626020431518555,12.864884853363035,1.5441479682922363,1.329097032546997,binclass,3680,736,921,57,2
sports_articles_for_objectivity_analysis,0.855,0.845,-0.010000000000000009,0.8527182148705282,0.8425608503788404,0.8304929349584727,0.8197066120159637,-0.010786322942508919,0.9002265127817928,0.9032466832056952,0.0030201704239024574,0.385181763300322,0.3744814965375516,-0.010700266762770416,0.577195405960083,12.417716026306152,0.5325090885162354,0.4946367740631103,binclass,800,160,200,59,2
steel_plates_faults,0.8688946015424165,0.8406169665809768,-0.028277634961439646,0.8684020283722197,0.8407789123274074,0.90083234666568,0.8721605514368671,-0.028671795228812913,0.9827323266619016,0.9802323798768292,-0.002499946785072371,0.367135921046178,0.3874117375214187,0.020275816475240738,0.669663667678833,16.160257577896118,0.536766529083252,0.4828066825866699,multiclass,1552,311,389,27,7
sylvine,0.982439024390244,0.9707317073170731,-0.011707317073170853,0.9824388238110529,0.9707316516010556,0.9824428149366472,0.9707335830896686,-0.011709231846978585,0.9982486598440546,0.9979250426413256,-0.0003236172027289985,0.051536126398266,0.0591895418581999,0.0076534154599339,0.6553833484649658,13.087030172348022,0.9838194847106934,0.7867140769958496,binclass,4099,820,1025,20,2
telco-customer-churn,0.8041163946061036,0.8048261178140526,0.0007097232079489313,0.7948010078500996,0.7949110424513848,0.7104200573510037,0.7091955359218787,-0.0012245214291249917,0.851241313389651,0.8510501433775091,-0.00019117001214197238,0.41066976263188,0.4102857647623726,-0.0003839978695073798,0.6361033916473389,14.75683069229126,1.2821509838104248,0.982614040374756,binclass,5634,1127,1409,18,2
thyroid-ann,0.9894039735099338,0.9880794701986756,-0.0013245033112582183,0.9891688392896362,0.9878644042103668,0.9113255919167548,0.9025536620921932,-0.008771929824561542,0.9995059057666112,0.9988082912598836,-0.0006976145067276729,0.019636437973186,0.0350326041404768,0.015396166167290799,0.6616742610931396,18.675710916519165,0.8171358108520508,0.7466878890991211,multiclass,3017,604,755,21,3
turiye_student_evaluation,0.5223367697594502,0.520618556701031,-0.0017182130584192379,0.4900510227930256,0.4905814305075623,0.4072196782525421,0.4098288722232384,0.0026091939706962552,0.7669075211861227,0.7639629592675881,-0.0029445619185346494,1.1830196590771818,1.1903069145655911,0.007287255488409361,0.7369678020477295,39.82311797142029,1.353609323501587,1.085352897644043,multiclass,4656,932,1164,32,5
vehicle,0.888235294117647,0.8941176470588236,0.005882352941176561,0.8865706150645658,0.8926598118922366,0.8885281385281385,0.8947510822510822,0.006222943722943741,0.9763778972763348,0.9740865688131312,-0.002291328463203679,0.2554886953799184,0.2606973422620132,0.0052086468820947696,0.5160267353057861,9.822251558303831,0.4935681819915771,0.4800269603729248,multiclass,676,136,170,18,4
water_quality,0.9075,0.905,-0.0024999999999999467,0.8953511100092846,0.8929228733167178,0.6724298268727043,0.6686247461987942,-0.003805080673910055,0.912868689843302,0.9085405074474184,-0.004328182395883617,0.2136100743066258,0.2177451742327535,0.0041350999261277055,0.6768555641174316,11.503594398498535,1.4239249229431152,1.0424232482910156,binclass,6396,1280,1600,20,2
waveform_database_generator_version_1,0.872,0.868,-0.0040000000000000036,0.871398129680973,0.8677767786832707,0.8718356673504322,0.8679073738174763,-0.003928293532955873,0.9735765931494256,0.9725033201972788,-0.0010732729521467643,0.287673577108609,0.2927088258116233,0.00503524870301425,0.6301381587982178,23.85536742210388,0.9759063720703124,0.8200488090515137,multiclass,4000,800,1000,21,3
wine,0.786692759295499,0.7651663405088063,-0.021526418786692703,0.7852074210292779,0.7636076619640798,0.7868566176470588,0.7653262867647059,-0.0215303308823529,0.8756433823529413,0.8699295343137255,-0.005713848039215708,0.4547601000105623,0.4493147531543623,-0.005445346856199962,0.6147291660308838,8.034082889556885,0.5928497314453125,0.5576512813568115,binclass,2043,409,511,4,2
wine-quality-white,0.6744897959183673,0.6561224489795918,-0.01836734693877551,0.6668761482189028,0.6460108473535884,0.396532811812635,0.3822891762140657,-0.014243635598569282,0.9093686539512708,0.8963308490073615,-0.01303780494390927,0.7575167013725385,0.8028392083031746,0.04532250693063611,0.6187586784362793,17.070534229278564,0.7749676704406738,0.681645393371582,multiclass,3918,784,980,11,7
BLE_RSSI_dataset_for_Indoor_localization,0.7325988983475212,0.758137205808713,0.02553830746119179,0.732261005216419,0.7577771841886759,0.7320213700624537,0.7578756870544007,0.025854316991946957,0.9030766833289078,0.9188840337868406,0.0158073504579328,0.5865750230788574,0.5364816665313568,-0.05009335654750069,1.569704294204712,25.996546506881717,2.837652444839477,0.9849441051483154,multiclass,7987,1598,1997,3,3
BNG(cmc),0.5886075949367089,0.5872513562386981,-0.0013562386980108254,0.5872630800128735,0.5854122349949082,0.5695514682950084,0.5666405011123222,-0.0029109671826861305,0.7663268990896294,0.7658891431254036,-0.00043775596422579444,0.8730918208991995,0.8730739863300606,-1.7834569138841516e-05,1.1139566898345947,129.9259808063507,18.44194793701172,12.752584218978882,multiclass,44236,8848,11060,9,3
Bank_Customer_Churn_Dataset,0.878,0.8575,-0.020499999999999963,0.8680798282528358,0.8556543303471325,0.7487209860091215,0.7678641661692509,0.01914318016012939,0.8864889542855644,0.8760517065601812,-0.010437247725383236,0.3085202200100904,0.3594424414872602,0.05092222147716979,0.7346339225769043,12.152786493301392,1.5448248386383057,1.105733871459961,binclass,8000,1600,2000,10,2
California-Housing-Classification,0.9195736434108528,0.9207848837209304,0.001211240310077577,0.9195735301367404,0.9207845908538989,0.9195743287414953,0.920785921440719,0.0012115926992237736,0.9789690136018094,0.9787500044013104,-0.00021900920049899852,0.1862329430538064,0.1882071616812243,0.001974218627417923,0.5306129455566406,42.543187618255615,3.790614128112793,2.6881606578826904,binclass,16512,3303,4128,8,2
Click_prediction_small,0.8334167709637046,0.83279098873592,-0.0006257822277846437,0.763162972272759,0.7592204859050842,0.5103115078637352,0.5051957860291112,-0.005115721834624054,0.625785154667027,0.6273579240740956,0.0015727694070686304,0.4382894134245221,0.439158606905097,0.0008691934805749035,0.5764784812927246,44.98828339576721,10.71051573753357,6.9844183921813965,binclass,31958,6392,7990,3,2
Contaminant-detection-in-packaged-cocoa-hazelnut-spread-jars-using-Microwaves-Sensing-and-Machine-Learning-10.5GHz(Urbinati),0.9854166666666668,0.9791666666666666,-0.0062500000000002,0.985419137011668,0.9791692006510168,0.9856090100111234,0.9792825361512792,-0.006326473859844195,0.9978448275862069,0.9972712736373748,-0.0005735539488320729,0.0527151528999949,0.0638224588223996,0.011107305922404706,0.5427584648132324,10.46670699119568,0.876589298248291,0.4662864208221435,binclass,1920,384,480,30,2
Contaminant-detection-in-packaged-cocoa-hazelnut-spread-jars-using-Microwaves-Sensing-and-Machine-Learning-9.0GHz(Urbinati),0.96875,0.96875,0.0,0.9687552935964316,0.968752036493972,0.9689238042269188,0.9687847608453838,-0.00013904338153503115,0.9952377641824248,0.9943861234705228,-0.0008516407119020242,0.0847020118056949,0.0953793856573205,0.010677373851625607,0.530120849609375,11.371843099594116,0.8523256778717041,0.4641683101654053,binclass,1920,384,480,30,2
Credit_c,0.8198,0.81325,-0.006549999999999945,0.8196209068102378,0.8133157724270034,0.836096850131454,0.8204360748815986,-0.01566077524985532,0.9325024318345704,0.9273300241347868,-0.005172407699783554,0.4164081092319479,0.4407815234101476,0.024373414178199715,1.7227323055267334,479.7576777935028,58.80084943771362,28.646157264709476,multiclass,80000,16000,20000,22,3
Diabetic_Retinopathy_Debrecen,0.7489177489177489,0.7489177489177489,0.0,0.7487568958024189,0.7489177489177489,0.747289972899729,0.7478545618789522,0.0005645889792231795,0.8327311050888286,0.8373230954531767,0.0045919903643480975,0.497082056890597,0.4841768094269514,-0.012905247463645575,0.7216498851776123,8.461467027664185,0.5928480625152588,0.4736979007720947,binclass,920,184,231,19,2
Employee,0.8625134264232008,0.8528464017185822,-0.009667024704618665,0.8565492171460555,0.8437685141652652,0.8163717266775777,0.7963558715220949,-0.020015855155482876,0.8799969312602292,0.8750818330605564,-0.004915098199672729,0.3484467668928112,0.3538418974780197,0.0053951305852085185,0.5508987903594971,9.080119132995604,0.7455129623413086,0.5907347202301025,binclass,3722,745,931,8,2
FOREX_audcad-day-High,0.7411444141689373,0.7411444141689373,0.0,0.740901904864998,0.740693610707586,0.7407621933107587,0.740613675518327,-0.000148517792431635,0.8316402304996139,0.8305411988356205,-0.0010990316639933884,0.5050213664997297,0.5084220702776182,0.0034007037778884808,0.5192692279815674,17.32353663444519,0.4902560710906982,0.4905660152435303,binclass,1467,294,367,10,2
FOREX_audchf-day-High,0.7574931880108992,0.6730245231607629,-0.08446866485013627,0.75746798033842,0.6493808029456501,0.7577080734271966,0.6766025069803363,-0.08110556644686029,0.8376700528723341,0.8305114952771342,-0.007158557595199899,0.4971519513190489,0.5967048020234306,0.09955285070438169,0.5203146934509277,7.936278820037842,0.494518518447876,0.4630823135375976,binclass,1466,294,367,10,2
FOREX_audjpy-hour-High,0.7210496292070736,0.7209355390758699,-0.00011409013120367018,0.7210588155824698,0.7207630432300667,0.7216651413147127,0.7220066648552135,0.0003415235405007655,0.7968894597710962,0.7944800863660842,-0.0024093734050119053,0.5450362438039899,0.5494298322264155,0.004393588422425654,0.7299497127532959,54.63952660560608,12.559349298477173,8.594046831130981,binclass,35060,7012,8765,10,2
FOREX_audusd-hour-High,0.689218482601255,0.7091842555618939,0.01996577296063895,0.6883429734519192,0.7085310864861528,0.6934942566907742,0.7066085492810845,0.013114292590310273,0.7588373896479047,0.7848866547962935,0.02604926514838879,0.58304355829907,0.5623474754425271,-0.020696082856542897,0.602386474609375,196.39784383773804,12.566981554031372,8.627562522888184,binclass,35060,7012,8765,10,2
FOREX_cadjpy-hour-High,0.7108956075299486,0.7119224187107815,0.0010268111808329206,0.710912428833357,0.7109570192803799,0.7117421219911735,0.7100329770688006,-0.0017091449223728405,0.7831296612510161,0.7829829076645201,-0.0001467535864960734,0.561623854761214,0.5692160284107085,0.007592173649494494,0.5913753509521484,54.853275775909424,12.57476282119751,8.615311861038208,binclass,35060,7012,8765,10,2
Fitness_Club_c,0.7966666666666666,0.7966666666666666,0.0,0.7919126658337796,0.7910568700935312,0.739287028760713,0.7361848677638152,-0.0031021609968977515,0.8234397181765603,0.8270676691729323,0.0036279509963720313,0.4532609876445627,0.4546457393183044,0.001384751673741691,0.5779218673706055,13.919032573699951,0.489393949508667,0.4807970523834228,binclass,1200,240,300,6,2
GAMETES_Heterogeneity_20atts_1600_Het_0.4_0.2_50_EDM-2_001,0.678125,0.690625,0.012500000000000067,0.6777442094662638,0.6904768883547792,0.6781250000000001,0.690625,0.012499999999999956,0.757265625,0.759140625,0.00187499999999996,0.550760688859457,0.5495888579199417,-0.0011718309395152282,0.5710694789886475,12.70693588256836,0.5092957019805908,0.4861707687377929,binclass,1280,256,320,20,2
GesturePhaseSegmentationProcessed,0.8278481012658228,0.8217721518987342,-0.006075949367088551,0.8263483766913349,0.820473915257765,0.7999016364967685,0.7955302821171969,-0.00437135437957159,0.9673230244533484,0.9615680616265714,-0.00575496282677701,0.4912032285663368,0.516643212467639,0.0254399839013022,0.6689581871032715,36.6792848110199,2.101064682006836,1.635786056518555,multiclass,7898,1580,1975,32,5
Heart-Disease-Dataset-(Comprehensive),0.953781512605042,0.9369747899159664,-0.01680672268907557,0.9536614172576188,0.9368834898709552,0.9511664407505172,0.9350431618748662,-0.016123278875650904,0.9842334308339872,0.9703930941000214,-0.013840336733965786,0.1509176278974729,0.2093050645865777,0.05838743668910479,0.6179032325744629,10.237768173217772,0.4859235286712646,0.4668140411376953,binclass,952,191,238,11,2
Insurance,0.7575371549893843,0.7575371549893843,0.0,0.6530303380048618,0.6530303380048618,0.5,0.5,0.0,0.5040443904957866,0.4991398046853526,-0.00490458581043407,0.5553308650870328,0.5660885347032683,0.010757669616235477,0.6691279411315918,28.18956065177917,4.73929238319397,3.23755955696106,binclass,18838,3768,4710,10,2
Is-this-a-good-customer,0.8840579710144928,0.8840579710144928,0.0,0.829654403567447,0.829654403567447,0.5,0.5,0.0,0.7435245901639345,0.7423770491803279,-0.0011475409836065875,0.3220641440745498,0.3195621416909866,-0.0025020023835631844,0.5423052310943604,8.286328792572021,0.497967004776001,0.4582698345184326,binclass,1378,276,345,13,2
KDD,0.7934458788480635,0.8073485600794439,0.013902681231380387,0.7932257327433344,0.8060876822111309,0.7939243302954985,0.8084447863652503,0.01452045606975183,0.9035112636603936,0.9054957194145264,0.0019844557541328633,0.3722556571329808,0.3667904482035727,-0.005465208929408105,0.6367533206939697,19.777090787887573,1.448988676071167,1.2310121059417725,binclass,4025,805,1007,45,2
Long,0.9944196428571428,0.9921875,-0.0022321428571427937,0.9944294891772116,0.9922103018927738,0.9949162312654845,0.9933585988667304,-0.0015576323987540608,0.999957073122869,0.999871219368607,-8.58537542619553e-05,0.0091087346383156,0.0187325010459584,0.009623766407642799,0.5235514640808105,9.105209827423096,0.8281142711639404,0.6962440013885498,binclass,3581,717,896,19,2
MagicTelescope,0.898527865404837,0.8940588853838065,-0.004468980021030466,0.8972402378861712,0.892488930158156,0.8776344836866588,0.8711107837895832,-0.006523699897075574,0.94901421666503,0.948422916386322,-0.0005913002787080179,0.2563758747714479,0.2609174300320742,0.004541555260626273,0.6830720901489258,48.35559415817261,3.3432059288024902,2.365799903869629,binclass,15216,3044,3804,9,2
Mobile_Price_Classification,0.9675,0.9825,0.015000000000000013,0.9674796487907612,0.982511816508284,0.9675,0.9825,0.015000000000000013,0.999475,0.9995,2.5000000000052758e-05,0.0598872569849832,0.0528693434723485,-0.007017913512634699,0.660123348236084,8.542408227920532,0.5178601741790771,0.4868800640106201,multiclass,1600,320,400,20,4
Performance-Prediction,0.7313432835820896,0.7425373134328358,0.011194029850746245,0.7217209816795238,0.7366111238221777,0.6865698404159943,0.7059052059052059,0.019335365489211553,0.7995337995337997,0.7973821050744128,-0.002151694459386899,0.5376712137817764,0.529424233271593,-0.008246980510183355,0.626335620880127,11.66794776916504,0.4916141033172607,0.4532296657562256,binclass,1072,215,268,19,2
PieChart3,0.8611111111111112,0.8796296296296297,0.01851851851851849,0.8097014925373135,0.8350746268656716,0.492063492063492,0.5343915343915344,0.04232804232804244,0.8669410150891632,0.8549872623946698,-0.011953752694493391,0.2757128158157924,0.2800567389682768,0.004343923152484441,0.5246012210845947,8.106360912322998,0.4904336929321289,0.4707136154174804,binclass,861,173,216,37,2
PizzaCutter3,0.8851674641148325,0.8708133971291866,-0.014354066985645897,0.8498495535934495,0.8343952016712312,0.5545652173913043,0.5291304347826087,-0.025434782608695583,0.9047826086956522,0.8830434782608696,-0.021739130434782594,0.2425148333579596,0.2592999893782957,0.01678515602033609,0.534858226776123,8.075592041015625,0.504432201385498,0.4542880058288574,binclass,834,167,209,37,2
QSAR_biodegradation,0.8767772511848341,0.8815165876777251,0.004739336492891044,0.8736220216840875,0.8803938097917156,0.8411971830985916,0.8586519114688129,0.01745472837022133,0.9463782696177064,0.9387323943661972,-0.007645875251509282,0.284385452299736,0.3162718776767058,0.031886425376969785,0.537684440612793,16.840163946151733,0.5131564140319824,0.4733779430389404,binclass,843,169,211,41,2
SDSS17,0.97745,0.9763,-0.0011500000000000954,0.977353058658226,0.9761725103854906,0.9727950448383278,0.9710189507472324,-0.0017760940910953593,0.9969486590650868,0.996758487836756,-0.00019017122833075994,0.0702613894828378,0.0748491455535557,0.004587756070717888,1.195476770401001,257.76487731933594,53.990970849990845,25.19096875190735,multiclass,80000,16000,20000,12,3
Telecom_Churn_Dataset,0.967016491754123,0.970014992503748,0.0029985007496250438,0.9664220941119864,0.9691826476871452,0.916540061493941,0.9140170012660518,-0.0025230602278891734,0.9224633749321758,0.9218846084282872,-0.0005787665038885503,0.122983025164683,0.1265697279785121,0.0035867028138290985,0.7334756851196289,11.811769723892212,0.7568666934967041,0.7063696384429932,binclass,2666,534,667,17,2
Water_Quality_and_Potability,0.6570121951219512,0.649390243902439,-0.007621951219512146,0.6047888947928316,0.5781372934697089,0.581640625,0.5641406250000001,-0.01749999999999996,0.6735546875,0.6676464843750001,-0.005908203124999956,0.6215042419644862,0.6264848155667776,0.004980573602291427,0.6555964946746826,22.975631713867188,0.6463367938995361,0.6141564846038818,binclass,2620,524,656,8,2
Wilt,0.9937823834196892,0.9906735751295336,-0.0031088082901555847,0.9937248277163724,0.9904507934090568,0.9604431712865448,0.9315970174403908,-0.028846153846153966,0.9862878085769652,0.9881413766955937,0.001853568118628468,0.0307275001383183,0.0336215426176042,0.002894042479285902,0.5150585174560547,15.968535661697388,0.6920793056488037,0.5705411434173584,binclass,3856,772,965,5,2
ada_agnostic,0.8400876232201533,0.8389923329682366,-0.0010952902519166807,0.8352457786780003,0.8378888103725963,0.7594720078087874,0.7779022874096146,0.018430279600827215,0.8999049588369018,0.8983252205854022,-0.0015797382514995961,0.3302114249308999,0.3380539244305084,0.007842499499608524,0.7844383716583252,12.549881219863892,1.3853881359100342,1.1822760105133057,binclass,3649,730,913,48,2
adult,0.8629076838032061,0.874393464774891,0.011485780971684845,0.858486184257438,0.8709651812239977,0.7817550796121109,0.8015762464032941,0.019821166791183176,0.9184170897193747,0.9291598579906204,0.01074276827124565,0.2946178527875275,0.273965835852247,-0.020652016935280515,0.9046807289123536,151.29589986801147,13.8490469455719,9.873324632644652,binclass,32561,6513,16281,14,2
allbp,0.9774834437086092,0.9788079470198676,0.0013245033112584403,0.9741554146906778,0.975389238731662,0.5430594028931979,0.54352108341028,0.0004616805170821747,0.9858948890317276,0.986540001954744,0.0006451129230163888,0.0644260194511045,0.0640939843750916,-0.0003320350760128987,0.743767261505127,17.035148859024048,0.9137754440307616,0.8321702480316162,multiclass,3017,604,755,29,3
analcatdata_authorship,0.9881656804733728,0.9940828402366864,0.005917159763313529,0.9881656804733728,0.9940804879569156,0.9918564618644068,0.9957627118644068,0.00390625,0.9999242768178148,0.9999242768178148,0.0,0.0091333246815618,0.0119386679449394,0.0028053432633775993,0.5291914939880371,8.346934795379639,0.5018079280853271,0.491685152053833,multiclass,672,135,169,69,4
autoUniv-au4-2500,0.722,0.69,-0.03200000000000003,0.6924099631795538,0.6610079840319361,0.5225067470030754,0.4997552250047072,-0.022751521998368218,0.7658104943623805,0.7473881272798621,-0.01842236708251832,0.6844671382734406,0.7300323778481143,0.04556523957467362,0.758690595626831,14.043880939483644,1.8676774501800537,1.7788262367248535,multiclass,2000,400,500,100,3
bank,0.9116443658078072,0.9098750414685391,-0.0017693243392680191,0.90946245325996,0.9078580832213466,0.7630212840001278,0.7607894883246351,-0.002231795675492698,0.945098027610844,0.944984866473409,-0.0001131611374350916,0.182463170222626,0.1831763431199776,0.0007131728973515938,1.058419704437256,82.15473079681396,13.932482957839966,9.653854846954346,binclass,36168,7234,9043,16,2
baseball,0.9440298507462688,0.9514925373134328,0.007462686567163979,0.9350137571046004,0.942167188252287,0.6038961038961039,0.670995670995671,0.0670995670995671,0.9749021571692588,0.9683826401959332,-0.006519516973325534,0.1364398981093045,0.1444511075880435,0.008011209478738984,0.6534442901611328,16.09873604774475,0.495065689086914,0.4621057510375976,multiclass,1072,215,268,16,3
churn,0.969,0.97,0.0010000000000000009,0.9680497733297432,0.9690275740299898,0.9078550846687968,0.9084371568457468,0.0005820721769499437,0.9434770762638396,0.9400094122309464,-0.003467664032893225,0.1113468524941747,0.1189096403379572,0.007562787843782504,0.818089485168457,12.587154626846312,0.984849452972412,0.7999234199523926,binclass,4000,800,1000,20,2
company_bankruptcy_prediction,0.9714076246334312,0.9699413489736072,-0.0014662756598240456,0.967039552211666,0.9659102317479724,0.6556818181818181,0.6549242424242424,-0.0007575757575757347,0.9646694214876032,0.9587637741046832,-0.005905647382919987,0.0702616962702631,0.0735541821125398,0.0032924858422767045,0.7883999347686768,52.352606534957886,2.861836194992065,2.449676275253296,binclass,5455,1091,1364,95,2
connect-4,0.8534635879218473,0.8632326820603907,0.009769094138543433,0.8346293883630407,0.8484339056732695,0.6615663403354329,0.6875051208614459,0.02593878052601295,0.9396035515671176,0.9460080781932714,0.0064045266261537614,0.3622183926617405,0.3385801166958948,-0.023638275965845723,2.721141815185547,496.6551496982575,32.47294902801514,22.490808725357056,multiclass,54045,10809,13512,42,3
credit,0.784026323661382,0.7747532156745438,-0.009273107986838225,0.7840255119918156,0.7739723009862747,0.7840257674543794,0.7747708231325825,-0.009254944321796854,0.8647509298789654,0.8587507408966353,-0.0060001889823301235,0.4623702790379217,0.5048689616592797,0.04249868262135803,0.6793346405029297,20.23436117172241,2.9068007469177246,2.051969528198242,binclass,13371,2675,3343,10,2
customer_satisfaction_in_airline,0.9648906683092086,0.964197720973206,-0.0006929473360025584,0.9649330765625675,0.9642418520553064,0.9660143434319108,0.9653518926504212,-0.0006624507814896319,0.9959753125690451,0.9956780899184864,-0.0002972226505587594,0.0777800008316469,0.0809331150608109,0.003153114229163992,2.212208271026612,250.36604046821597,93.88418531417848,30.713514804840088,binclass,103904,20781,25976,21,2
default_of_credit_card_clients,0.8265,0.828,0.0014999999999999458,0.8059728487239031,0.8051083277955948,0.6660369636148337,0.6610645161134262,-0.004972447501407462,0.8016277349509464,0.7992106524824502,-0.0024170824684962566,0.4141213673848365,0.4159269597325757,0.0018055923477391933,0.89239501953125,77.41507124900818,7.808742523193359,5.413898706436157,binclass,24000,4800,6000,23,2
dis,0.9894039735099338,0.990728476821192,0.0013245033112582183,0.9876592747782136,0.989524085374335,0.7076603858232391,0.7493270524899058,0.04166666666666674,0.9945042620008973,0.9973082099596232,0.002803947958725961,0.026967816245709,0.0213290765929446,-0.005638739652764402,0.6096560955047607,19.101513862609863,0.9232497215270996,0.8296113014221191,binclass,3017,604,755,29,2
drug_consumption,0.403183023872679,0.403183023872679,0.0,0.2316968605998004,0.2316968605998004,0.1428571428571428,0.1428571428571428,0.0,0.5295789854311167,0.4577345352008025,-0.07184445023031422,1.508819754856953,1.5244990854460114,0.01567933058905835,0.6341569423675537,8.2337965965271,0.4953234195709228,0.461355447769165,multiclass,1507,302,377,12,7
eeg-eye-state,0.9939919893190922,0.9929906542056076,-0.0010013351134845472,0.9939915726012408,0.9929894266832971,0.9938597538047236,0.9927445121690358,-0.0011152416356877692,0.9999117353682234,0.9997424113807336,-0.00016932398748981115,0.0126073785538265,0.0187521256281575,0.0061447470743310004,0.7869770526885986,18.41753554344177,2.685525894165039,1.8933889865875244,binclass,11984,2397,2996,14,2
estimation_of_obesity_levels,0.9929078014184396,0.9905437352245864,-0.0023640661938532093,0.9929060758789716,0.9905413452515084,0.9926929392446632,0.9902298850574712,-0.0024630541871919487,0.9999527633443552,0.999986503812673,3.374046831772226e-05,0.0253649559501606,0.0184955879216706,-0.006869368028490003,0.6629476547241211,8.788058996200562,0.7414817810058594,0.4866828918457031,multiclass,1688,338,423,16,7
eye_movements,0.853290676416819,0.909963436928702,0.05667276051188297,0.8529272825901404,0.9098146456712148,0.8618682666966883,0.914823429460176,0.05295516276348777,0.962570166034968,0.9825262787438126,0.019956112708844564,0.3537701187435651,0.2535688739962684,-0.10020124474729675,0.6300778388977051,62.42280650138855,2.167808055877685,1.6593708992004397,multiclass,8748,1750,2188,27,3
first-order-theorem-proving,0.6495098039215687,0.6070261437908496,-0.042483660130719025,0.6302433711633108,0.5901702793582696,0.5197128306430172,0.4833290476877813,-0.03638378295523592,0.8529567668120221,0.8285565667242207,-0.024400200087801416,1.037056970043118,1.1248837745786917,0.08782680453557368,0.5485773086547852,13.57427716255188,1.702683925628662,1.4450232982635498,multiclass,4894,979,1224,51,6
heloc,0.731,0.728,-0.0030000000000000027,0.7305470495903614,0.7276066640228489,0.731,0.728,-0.0030000000000000027,0.8028854999999999,0.8021754999999999,-0.0007099999999999884,0.5408285475378205,0.5422763171988947,0.001447769661074183,0.6626236438751221,17.247143745422363,1.840502977371216,1.378740310668945,binclass,8000,1600,2000,22,2
house_16H,0.8873239436619719,0.8917716827279466,0.004447739065974732,0.8873239436619719,0.8917716827279466,0.8873239436619719,0.8917716827279466,0.004447739065974732,0.9579519958500956,0.9581893844436836,0.00023738859358801712,0.2633639596034496,0.263731152758268,0.00036719315481836823,0.5353152751922607,23.623188018798828,2.4536168575286865,1.7650210857391355,binclass,10790,2158,2698,16,2
ibm-employee-performance,1.0,1.0,0.0,1.0,1.0,1.0,1.0,0.0,1.0,1.0,0.0,2.157777479602868e-05,1.299389698134889e-05,-8.58387781467979e-06,0.5647521018981934,8.90253734588623,0.5007753372192383,0.4741871356964111,binclass,1176,236,294,30,2
internet_firewall,0.9310292210269322,0.9308766308079652,-0.00015259021896696368,0.92839777077415,0.9282567791558411,0.7766913064096516,0.7765747081319475,-0.00011659827770404974,0.9891675866283542,0.988693117900228,-0.00047446872812628715,0.1669844808440885,0.2185321191773843,0.05154763833329579,0.6671907901763916,89.74754810333252,25.06958055496216,16.62554621696472,multiclass,52425,10485,13107,7,4
jm1,0.8240698208543867,0.8185576481396417,-0.005512172714745023,0.7869517070219415,0.7824221528939174,0.5920819829130122,0.5877622160059301,-0.004319766907082023,0.7555527299682392,0.7528913423403438,-0.002661387627895362,0.4328921120284391,0.4281294202463439,-0.0047626917820952075,0.6872692108154297,32.36248469352722,2.008990526199341,1.5033791065216064,binclass,8708,1742,2177,21,2
kc1,0.8909952606635071,0.8649289099526066,-0.026066350710900466,0.8768422259593335,0.8308569425393248,0.6964878258995906,0.5929971988795518,-0.10349062702003875,0.8684550743374273,0.8237448825684119,-0.04471019176901536,0.294340683746275,0.3334716112728635,0.03913092752658853,0.5187838077545166,8.106071472167969,0.7620053291320801,0.4715495109558105,binclass,1687,338,422,21,2
kr-vs-kp,0.9984375,0.9984375,0.0,0.9984376031804651,0.9984376031804651,0.998502994011976,0.998502994011976,0.0,0.9999510782356854,0.9999706469414114,1.956870572594749e-05,0.0088925579799075,0.0067094213582208,-0.002183136621686699,0.6442041397094727,25.34396433830261,0.9855451583862304,0.8882684707641602,binclass,2556,512,640,36,2
led24,0.7328125,0.728125,-0.004687499999999956,0.7274317091791632,0.7212110642568887,0.7324413594196779,0.7276923691171063,-0.004748990302571587,0.957924849412572,0.957238760919237,-0.0006860884933350686,0.7781484097147751,0.7707776764395027,-0.007370733275272379,0.708355188369751,10.454326868057253,0.829209566116333,0.8057429790496826,multiclass,2560,512,640,24,10
madeline,0.931528662420382,0.9347133757961784,0.0031847133757963997,0.9315250160332008,0.9347059249320224,0.9314954560207724,0.9346600129827978,0.0031645569620253333,0.9761441090555016,0.9767222492697176,0.000578140214215983,0.1952274396616047,0.1884044549899327,-0.006822984671672,0.7408304214477539,29.817156314849857,4.435345411300659,4.105835199356079,binclass,2512,503,628,259,2
maternal_health_risk,0.8669950738916257,0.8620689655172413,-0.0049261083743843415,0.8652812526611048,0.8582925974148914,0.8692943810688419,0.8597941828455925,-0.009500198223249434,0.9663322134272988,0.9631826985765666,-0.003149514850732227,0.3204857732236801,0.334555584711916,0.014069811488235884,0.6237244606018066,15.282137870788574,0.4825260639190674,0.4564042091369629,multiclass,811,163,203,6,3
mfeat-fourier,0.9225,0.925,0.0025000000000000577,0.9221122182118064,0.9242038588121432,0.9225,0.925,0.0025000000000000577,0.9948680555555556,0.9943680555555556,-0.0004999999999999449,0.2148861153093662,0.2163145565785559,0.0014284412691897008,0.5371801853179932,12.656610488891602,0.5922806262969971,0.5018060207366943,multiclass,1600,320,400,76,10
mfeat-morphological,0.7675,0.7675,0.0,0.7611634892155331,0.7544088907537245,0.7675,0.7675,0.0,0.97225,0.9730416666666668,0.000791666666666857,0.496599375949782,0.4978930781062066,0.0012937021564246032,0.5191061496734619,14.371250629425049,0.5005323886871338,0.468989610671997,multiclass,1600,320,400,6,10
mfeat-zernike,0.8375,0.845,0.007499999999999951,0.8351894692254072,0.8375754116239669,0.8375,0.845,0.007499999999999951,0.9831875,0.984777777777778,0.001590277777777982,0.2293256286810208,0.2453459772060356,0.0160203485250148,0.6540646553039551,14.47382378578186,0.5109152793884277,0.4722888469696045,multiclass,1600,320,400,47,10
microaggregation2,0.6425,0.64275,0.0002500000000000835,0.5963832110708861,0.5958957489944477,0.4279883658955928,0.4247084962484047,-0.0032798696471881272,0.8351120274023109,0.8316684347682877,-0.0034435926340232736,0.8591512618493298,0.8660691883097866,0.006917926460456858,0.5577960014343262,31.21095013618469,4.2132649421691895,2.985910654067993,multiclass,16000,3200,4000,20,5
mozilla4,0.9382438082984884,0.9398520424573816,0.001608234158893218,0.9377120328531924,0.9393254150301048,0.9220446769068044,0.9237418855143714,0.0016972086075670578,0.97652694857833,0.9756117686882828,-0.0009151798900471908,0.167145132925597,0.1698320300725435,0.002686897146946504,0.6347672939300537,21.27589607238769,2.451918363571167,1.7130281925201416,binclass,12436,2488,3109,4,2
okcupid_stem,0.75,0.7518740629685158,0.0018740629685157772,0.6939902792313312,0.7010287341117386,0.489946064009106,0.5047549219619845,0.014808857952878451,0.8112394276242298,0.8091905121036885,-0.0020489155205413168,0.5866689427009563,0.5910099057300613,0.004340963029105027,0.885528564453125,49.45899438858032,5.994947195053101,4.1939427852630615,multiclass,21341,4269,5336,13,3
optdigits,0.998220640569395,0.994661921708185,-0.003558718861209953,0.9982205883039564,0.9946656144721172,0.9982142857142856,0.9946583789358592,-0.003555906778426432,0.9999982283906084,0.9999779773419848,-2.0251048623576295e-05,0.0103786237140096,0.0140883969519956,0.0037097732379860002,0.5752677917480469,14.013169765472412,1.832235336303711,1.5370314121246338,multiclass,4496,900,1124,64,10
ozone_level,0.9822834645669292,0.9783464566929134,-0.003937007874015741,0.973504367068317,0.9715321032632116,0.5,0.4979959919839679,-0.0020040080160321216,0.828768648407927,0.8229792919171677,-0.00578935649075929,0.0841212687560635,0.085924485049864,0.0018032162938004942,0.7067775726318359,17.113775730133057,0.9479539394378662,0.8959400653839111,binclass,2028,406,508,36,2
pc1,0.945945945945946,0.9324324324324323,-0.013513513513513709,0.9395752895752896,0.9186724718639612,0.6927536231884058,0.5927536231884059,-0.09999999999999998,0.9148148148148147,0.8880837359098228,-0.026731078904991934,0.150421085260577,0.1713842354962716,0.020963150235694616,0.5174286365509033,7.388167381286621,0.4816162586212158,0.4391546249389648,binclass,887,178,222,21,2
pc4,0.9212328767123288,0.9143835616438356,-0.006849315068493178,0.9175227549128888,0.9090075911520448,0.7760416666666667,0.7482638888888888,-0.0277777777777779,0.9646267361111112,0.9569227430555556,-0.00770399305555558,0.1941158567181509,0.1917009929589431,-0.002414863759207797,0.5234596729278564,7.853217601776123,0.4973032474517822,0.4534780979156494,binclass,1166,234,292,37,2
phoneme,0.9037927844588344,0.8945420906567992,-0.009250693802035137,0.9032395738863194,0.893615230072717,0.8784126381158439,0.8644854410623153,-0.013927197053528628,0.9660429088146398,0.9570498951227971,-0.008993013691842688,0.2159560613557243,0.2491419243051821,0.0331858629494578,0.5194995403289795,10.50496220588684,0.7377324104309082,0.6064207553863525,binclass,4323,865,1081,5,2
predict_students_dropout_and_academic_success,0.7762711864406779,0.7830508474576271,0.006779661016949157,0.7701185250526816,0.771682724045154,0.6996643911964916,0.6978137930288124,-0.001850598167679185,0.890918775704891,0.8909790726395327,6.0296934641712596e-05,0.5528960306669667,0.5542516102524504,0.0013555795854837127,0.7312438488006592,11.968584537506104,1.1207170486450195,0.9585676193237304,multiclass,3539,708,885,34,3
ringnorm,0.9817567567567568,0.977027027027027,-0.004729729729729737,0.9817496645776146,0.9770146831670996,0.9816081059115954,0.9768459924281024,-0.00476211348349298,0.9975965709130292,0.997466902626422,-0.00012966828660720964,0.0600262967377051,0.0671884932612944,0.0071621965235893065,0.7568240165710449,27.004695177078247,1.353846311569214,1.045793533325195,binclass,5920,1184,1480,20,2
satimage,0.9385692068429238,0.9416796267496113,0.0031104199066874783,0.9370872227904558,0.940757582785069,0.9193900649454708,0.9240479384165406,0.004657873471069829,0.99621250255618,0.9959907021774206,-0.00022180037875940695,0.1440072358300166,0.1465829440915913,0.0025757082615747162,0.6388750076293945,17.823402166366577,1.5074288845062256,1.2611980438232422,multiclass,5144,1029,1286,36,6
seismic+bumps,0.9342359767891684,0.9342359767891684,0.0,0.9024719535783364,0.9024719535783364,0.5,0.5,0.0,0.7139812446717817,0.6779320423821703,-0.03604920228961139,0.230137936241613,0.243371333361321,0.013233397119708001,0.6531820297241211,9.10672163963318,0.6940104961395264,0.659217357635498,binclass,2067,414,517,18,2
shill-bidding,0.9106719367588932,0.9098814229249012,-0.0007905138339920903,0.8881417839528507,0.8867610212839742,0.605435422182995,0.6016475433951162,-0.0037878787878787845,0.9024612854047982,0.8992718446601943,-0.003189440744603922,0.2113295279123624,0.2123409253339513,0.0010113974215889,0.5096752643585205,11.946556329727173,0.8712742328643799,0.627253532409668,binclass,5056,1012,1265,3,2
splice,0.9592476489028212,0.9608150470219436,0.0015673981191224318,0.9592476489028212,0.9606908002611791,0.951697789799798,0.9515473863261316,-0.00015040347366646056,0.996874991879233,0.9964606195604032,-0.0004143723188297921,0.0945414129672171,0.1002012064754832,0.005659793508266092,0.7472634315490723,18.521267890930176,1.349193096160889,1.192609786987305,multiclass,2552,511,638,60,3
statlog,0.735,0.73,-0.0050000000000000044,0.7228087167070218,0.7165280665280664,0.6488095238095238,0.6404761904761905,-0.008333333333333304,0.7672619047619048,0.7648809523809526,-0.0023809523809522615,0.5140407571200865,0.5156153435107732,0.0015745863906867497,0.6570267677307129,10.594472885131836,0.5051686763763428,0.4824011325836181,binclass,800,160,200,20,2
svmguide3,0.8674698795180723,0.8634538152610441,-0.004016064257028162,0.8559427674857135,0.8574905683339418,0.747532894736842,0.7695997807017544,0.022066885964912353,0.8992141812865497,0.8949195906432749,-0.004294590643274865,0.3204476665972024,0.3282471171354252,0.007799450538222785,0.5123045444488525,7.867891073226929,0.4881768226623535,0.4520554542541504,binclass,994,199,249,22,2
taiwanese_bankruptcy_prediction,0.9721407624633432,0.9721407624633432,0.0,0.9650922998087764,0.9635473773288332,0.6121212121212121,0.5901515151515152,-0.02196969696969686,0.9414428374655648,0.9423725895316803,0.0009297520661155634,0.0837684574562902,0.084335077220059,0.0005666197637687886,0.6005206108093262,43.36801481246948,2.819645881652832,2.416667938232422,binclass,5455,1091,1364,95,2
thyroid,0.99375,0.9951388888888888,0.001388888888888773,0.9936960582674976,0.9951140046296296,0.9540912050289396,0.9644422776455784,0.010351072616638812,0.9997710735466784,0.999758548316958,-1.2525229720394826e-05,0.0137468853630382,0.0135668808135047,-0.00018000454953350127,0.7669782638549805,29.55445003509521,1.340834617614746,1.0310728549957275,multiclass,5760,1152,1440,21,3
thyroid-dis,0.6964285714285714,0.7035714285714286,0.0071428571428572285,0.676025589337698,0.6840058611719171,0.40901386075698,0.4142086659517852,0.0051948051948051965,0.8880637053416812,0.8777516696835004,-0.01031203565818084,0.6981137724629664,0.7099639918330319,0.011850219370065584,0.5832889080047607,10.114656448364258,0.8700821399688721,0.8023881912231445,multiclass,2240,448,560,26,5
twonorm,0.9777027027027028,0.9797297297297296,0.00202702702702684,0.9777025500087502,0.9797297297297296,0.9777072273689325,0.979731518866908,0.002024291497975561,0.9985208154141992,0.9985007277222931,-2.0087691906089944e-05,0.0505746180628562,0.0511447129499392,0.0005700948870829975,0.6417310237884521,10.965717792510986,1.350788116455078,1.0400621891021729,binclass,5920,1184,1480,20,2
wall-robot-navigation,0.9844322344322344,0.9862637362637364,0.001831501831502047,0.9844385402661296,0.9863035343421624,0.9850752422180994,0.988162234590806,0.0030869923727065984,0.9997760779599658,0.9998206344601084,4.45565001425674e-05,0.0345742984866538,0.02901857545909,-0.005555723027563797,0.6289312839508057,35.497612953186035,1.095224380493164,0.8886380195617676,multiclass,4364,873,1092,24,4
waveform-5000,0.871,0.871,0.0,0.8709480413434756,0.8709724903474902,0.8711334370177038,0.8711125809661716,-2.0856051532236464e-05,0.9783501982322494,0.9780830955863706,-0.00026710264587881394,0.2577499475958717,0.2586521541294518,0.0009022065335800855,0.535083532333374,23.97417426109314,1.3158538341522217,1.1100332736968994,multiclass,4000,800,1000,40,3
website_phishing,0.922509225092251,0.915129151291513,-0.0073800738007380184,0.9227682230368248,0.915535189199614,0.9287157287157288,0.9246031746031744,-0.004112554112554401,0.9817122205890876,0.9787112680069866,-0.0030009525821009797,0.2239700322257675,0.2522619088621948,0.028291876636427293,0.5332934856414795,8.592931985855103,0.4946637153625488,0.4704029560089111,multiclass,1082,217,271,9,3
wine-quality-red,0.675,0.65625,-0.018750000000000044,0.6584549757395616,0.6380071712140518,0.3875408496732026,0.3256280637254902,-0.061912785947712434,0.8471816598570786,0.8054079270665886,-0.041773732790490015,0.8204822739613942,0.864220017158934,0.04373774319753987,0.5301027297973633,14.808520793914797,0.4858582019805908,0.4452583789825439,multiclass,1279,256,320,4,6
yeast,0.622895622895623,0.6195286195286195,-0.0033670033670034627,0.6163935556092418,0.6132129672851486,0.5784088741147871,0.578211630926439,-0.00019724318834812848,0.8844834173008895,0.8869320354293979,0.002448618128508384,0.9677978037090326,0.9742044126343484,0.00640660892531586,0.5239465236663818,10.026872396469116,0.4896063804626465,0.4626219272613525,multiclass,1187,238,297,8,10
