dataset_name,dataset_dir,task_type,n_train,n_val,n_test,n_features,n_classes,accuracy,f1,balanced_accuracy,roc_auc,log_loss,fit_seconds,predict_seconds,status,error,n_train_a,n_train_b,n_holdout_c,n_test_d,ttt_loss,ttt_steps,ttt_lr,ttt_applied,ttt_update_seconds,ttt_split_strategy,ttt_split_reason,ttt_epochs,ttt_chunks_per_epoch,ttt_batch_mode,ttt_val_eval_metric,ttt_val_baseline_metric,ttt_val_best_metric,ttt_val_baseline_accuracy,ttt_val_best_accuracy,ttt_best_epoch,ttt_stopped_early,ttt_oom_fallback,ttt_fallback_reason,model_family,peft_method,peft_targets,peft_trainable_params,peft_trainable_ratio,peft_rank
OpenML-ID-1049,/home/crc00006699/zh/tabiclv2/openml_cc18/OpenML-ID-1049,binclass,1166,234,292,37,2,0.9143835616438356,0.9075644107845744,0.736328125,0.9599609375,0.176674820618111,11.960803031921388,1.7223856449127195,ok,,1166,932,0,292,,30,1e-05,True,8.104640245437622,tabpfn_finetune_epoch_chunks,dataset_val_split,30,1,tabpfn_finetuning_api,acc,0.9273504273504274,0.9273504273504274,,,0,True,False,,tabpfnv3,ln_head_embedding,tabpfnv3_all,558976,0.0105163299465408,
OpenML-ID-1053,/home/crc00006699/zh/tabiclv2/openml_cc18/OpenML-ID-1053,binclass,8708,1742,2177,21,2,0.8226917776757005,0.7828783977182,0.5849073958846223,0.7518863049794664,0.4315053887961108,15.502246141433716,5.106250524520874,ok,,8708,6966,0,2177,,30,1e-05,True,15.501938104629517,tabpfn_finetune_epoch_chunks,dataset_val_split,30,1,tabpfn_finetuning_api,acc,0.8180252583237658,0.8185993111366245,,,2,True,False,,tabpfnv3,ln_head_embedding,tabpfnv3_all,558976,0.0105163299465408,
OpenML-ID-1067,/home/crc00006699/zh/tabiclv2/openml_cc18/OpenML-ID-1067,binclass,1687,338,422,21,2,0.8886255924170616,0.8760570642864607,0.701379013143719,0.850635638870933,0.3150353030290054,5.538334369659424,1.7242791652679443,ok,,1687,1349,0,422,,30,1e-05,True,5.537846326828003,tabpfn_finetune_epoch_chunks,dataset_val_split,30,1,tabpfn_finetuning_api,acc,0.8668639053254438,0.8668639053254438,,,0,True,False,,tabpfnv3,ln_head_embedding,tabpfnv3_all,558976,0.0105163299465408,
OpenML-ID-11,/home/crc00006699/zh/tabiclv2/openml_cc18/OpenML-ID-11,multiclass,500,100,125,4,3,0.984,0.9846570918884886,0.988404920346844,0.997337826088727,0.0536564032774681,5.725567102432251,1.6651346683502195,ok,,500,400,0,125,,30,1e-05,True,5.725270509719849,tabpfn_finetune_epoch_chunks,dataset_val_split,30,1,tabpfn_finetuning_api,acc,0.97,0.97,,,0,True,False,,tabpfnv3,ln_head_embedding,tabpfnv3_all,558976,0.0105163299465408,
OpenML-ID-14,/home/crc00006699/zh/tabiclv2/openml_cc18/OpenML-ID-14,multiclass,1600,320,400,76,10,0.925,0.924467217515998,0.925,0.9947430555555556,0.2153766644556066,6.863168478012085,1.914770603179932,ok,,1600,1280,0,400,,30,1e-05,True,6.86287522315979,tabpfn_finetune_epoch_chunks,dataset_val_split,30,1,tabpfn_finetuning_api,acc,0.90625,0.90625,,,0,True,False,,tabpfnv3,ln_head_embedding,tabpfnv3_all,558976,0.0105163299465408,
OpenML-ID-1462,/home/crc00006699/zh/tabiclv2/openml_cc18/OpenML-ID-1462,binclass,1097,220,275,4,2,1.0,1.0,1.0,1.0,1.3591695763713832e-05,4.94607138633728,1.7220032215118408,ok,,1097,877,0,275,,30,1e-05,True,4.945613861083984,tabpfn_finetune_epoch_chunks,dataset_val_split,30,1,tabpfn_finetuning_api,acc,1.0,1.0,,,0,True,False,,tabpfnv3,ln_head_embedding,tabpfnv3_all,558976,0.0105163299465408,
OpenML-ID-1468,/home/crc00006699/zh/tabiclv2/openml_cc18/OpenML-ID-1468,multiclass,864,173,216,856,9,0.9305555555555556,0.9316109165425857,0.9305555555555556,0.996479552469136,0.3812413047086626,30.88721251487732,4.313913345336914,ok,,864,691,0,216,,30,1e-05,True,30.88688898086548,tabpfn_finetune_epoch_chunks,dataset_val_split,30,1,tabpfn_finetuning_api,acc,0.8959537572254336,0.8959537572254336,,,0,True,False,,tabpfnv3,ln_head_embedding,tabpfnv3_all,558976,0.0105163299465408,
OpenML-ID-1478,/home/crc00006699/zh/tabiclv2/openml_cc18/OpenML-ID-1478,multiclass,8239,1648,2060,561,6,0.9990291262135922,0.9990290295629314,0.9990636704119852,0.9999935765944128,0.0120983171108332,3.3764798641204834,63.42678570747376,ok,,8239,0,0,2060,,0,1e-05,False,0.0,,"TTT OOM; used original model parameters for inference: OutOfMemoryError: CUDA out of memory. Tried to allocate 1.57 GiB. GPU 0 has a total capacity of 23.57 GiB of which 1.53 GiB is free. Process 63822 has 22.04 GiB memory in use. Of the allocated memory 17.59 GiB is allocated by PyTorch, and 4.13 GiB is reserved by PyTorch but unallocated. If reserved but unallocated memory is large try setting PYTORCH_CUDA_ALLOC_CONF=expandable_segments:True to avoid fragmentation. See documentation for Memory Management (https://pytorch.org/docs/stable/notes/cuda.html#environment-variables)",0,0,,,,,,,0,False,True,"TTT OOM; used original model parameters for inference: OutOfMemoryError: CUDA out of memory. Tried to allocate 1.57 GiB. GPU 0 has a total capacity of 23.57 GiB of which 1.53 GiB is free. Process 63822 has 22.04 GiB memory in use. Of the allocated memory 17.59 GiB is allocated by PyTorch, and 4.13 GiB is reserved by PyTorch but unallocated. If reserved but unallocated memory is large try setting PYTORCH_CUDA_ALLOC_CONF=expandable_segments:True to avoid fragmentation. See documentation for Memory Management (https://pytorch.org/docs/stable/notes/cuda.html#environment-variables)",tabpfnv3,ln_head_embedding,tabpfnv3_all,558976,0.0105163299465408,
OpenML-ID-1485,/home/crc00006699/zh/tabiclv2/openml_cc18/OpenML-ID-1485,binclass,0,0,0,0,0,,,,,,0.0,0.0,fail,"TabPFNCUDAOutOfMemoryError: CUDA out of memory with 520 test samples.

This is issue is usually caused by one of the following two reasons:

1) Large test set — split into batches:

    predictions = []
    for i in range(0, len(X_test), 100):
        pred = model.predict_proba(X_test[i:i + 100])
        predictions.append(pred)
    predictions = np.vstack(predictions)

   Only with fit_mode='fit_with_cache', test rows are chunked
   automatically — lower the TABPFN_MAX_BATCHED_TEST_ROWS
   environment variable (currently 32768) to
   reduce peak memory without changing your code.

2) Large training set — batching won't help.
   Subsample your training data; see https://docs.priorlabs.ai
   for further guidance.

Your sizes: 2,080 train / 520 test samples, 500 features.
Not sure which? If model.predict_proba(X_test[:1]) also fails, it's (2).

Original error: CUDA out of memory. Tried to allocate 2.00 MiB. GPU 0 has a total capacity of 23.57 GiB of which 2.00 MiB is free. Process 63822 has 23.56 GiB memory in use. Of the allocated memory 22.56 GiB is allocated by PyTorch, and 667.46 MiB is reserved by PyTorch but unallocated. If reserved but unallocated memory is large try setting PYTORCH_CUDA_ALLOC_CONF=expandable_segments:True to avoid fragmentation.  See documentation for Memory Management  (https://pytorch.org/docs/stable/notes/cuda.html#environment-variables)",0,0,0,0,,0,,False,0.0,,,0,0,,,,,,,0,False,False,,tabpfnv3,ln_head_embedding,tabpfnv3_all,558976,0.0105163299465408,
OpenML-ID-1487,/home/crc00006699/zh/tabiclv2/openml_cc18/OpenML-ID-1487,binclass,2027,406,507,72,2,0.9566074950690336,0.9485210998588924,0.6853947368421053,0.9461184210526316,0.1232450812031773,7.441532135009766,2.166579484939575,ok,,2027,1621,0,507,,30,1e-05,True,7.441191434860229,tabpfn_finetune_epoch_chunks,dataset_val_split,30,1,tabpfn_finetuning_api,acc,0.9507389162561576,0.9507389162561576,,,0,True,False,,tabpfnv3,ln_head_embedding,tabpfnv3_all,558976,0.0105163299465408,
OpenML-ID-1494,/home/crc00006699/zh/tabiclv2/openml_cc18/OpenML-ID-1494,binclass,844,169,211,41,2,0.8483412322274881,0.8472112985627205,0.8232394366197183,0.9413480885311872,0.2849908203218278,5.760094881057739,1.7454876899719238,ok,,844,675,0,211,,30,1e-05,True,5.759768724441528,tabpfn_finetune_epoch_chunks,dataset_val_split,30,1,tabpfn_finetuning_api,acc,0.8816568047337278,0.8816568047337278,,,0,True,False,,tabpfnv3,ln_head_embedding,tabpfnv3_all,558976,0.0105163299465408,
OpenML-ID-15,/home/crc00006699/zh/tabiclv2/openml_cc18/OpenML-ID-15,binclass,559,112,140,9,2,0.9714285714285714,0.9715631307468042,0.9732789855072465,0.9927536231884058,0.1136907262253194,5.055824041366577,1.6883141994476318,ok,,559,447,0,140,,30,1e-05,True,5.0555267333984375,tabpfn_finetune_epoch_chunks,dataset_val_split,30,1,tabpfn_finetuning_api,acc,0.9553571428571428,0.9553571428571428,,,0,True,False,,tabpfnv3,ln_head_embedding,tabpfnv3_all,558976,0.0105163299465408,
OpenML-ID-151,/home/crc00006699/zh/tabiclv2/openml_cc18/OpenML-ID-151,binclass,36249,7250,9063,8,2,0.9023502151605428,0.9021920776852236,0.8985612179404125,0.9678880388611932,0.2270776008881053,85.16327500343323,35.428040981292725,ok,,36249,28999,0,9063,,90,1e-05,True,85.16293334960938,tabpfn_finetune_epoch_chunks,dataset_val_split,30,3,tabpfn_finetuning_api,acc,0.8957241379310344,0.8972413793103449,,,6,True,False,,tabpfnv3,ln_head_embedding,tabpfnv3_all,558976,0.0105163299465408,
OpenML-ID-1590,/home/crc00006699/zh/tabiclv2/openml_cc18/OpenML-ID-1590,binclass,39073,7815,9769,14,2,0.8680520012283754,0.8628738819598667,0.7853111183481125,0.9207164712043124,0.2925215056245094,64.80183959007263,41.78002953529358,ok,,39073,31258,0,9769,,120,1e-05,True,64.80131793022156,tabpfn_finetune_epoch_chunks,dataset_val_split,30,4,tabpfn_finetuning_api,acc,0.8666666666666667,0.8666666666666667,,,0,True,False,,tabpfnv3,ln_head_embedding,tabpfnv3_all,558976,0.0105163299465408,
OpenML-ID-18,/home/crc00006699/zh/tabiclv2/openml_cc18/OpenML-ID-18,multiclass,1600,320,400,6,10,0.7675,0.7589299396636916,0.7675000000000001,0.9735625,0.4979356097753888,5.513237714767456,1.7801942825317385,ok,,1600,1280,0,400,,30,1e-05,True,5.5125732421875,tabpfn_finetune_epoch_chunks,dataset_val_split,30,1,tabpfn_finetuning_api,acc,0.746875,0.746875,,,0,True,False,,tabpfnv3,ln_head_embedding,tabpfnv3_all,558976,0.0105163299465408,
OpenML-ID-188,/home/crc00006699/zh/tabiclv2/openml_cc18/OpenML-ID-188,multiclass,588,118,148,19,5,0.7297297297297297,0.7314655518187898,0.7173459615320079,0.9337374850074702,0.6262606112993765,5.597102403640747,1.8375537395477293,ok,,588,470,0,148,,30,1e-05,True,5.596773862838745,tabpfn_finetune_epoch_chunks,dataset_val_split,30,1,tabpfn_finetuning_api,acc,0.7627118644067796,0.7627118644067796,,,0,True,False,,tabpfnv3,ln_head_embedding,tabpfnv3_all,558976,0.0105163299465408,
OpenML-ID-23,/home/crc00006699/zh/tabiclv2/openml_cc18/OpenML-ID-23,multiclass,1178,236,295,9,3,0.5898305084745763,0.590180012832578,0.5666299687370802,0.7631148213589017,0.8754284005769644,5.508308172225952,1.7598836421966553,ok,,1178,942,0,295,,30,1e-05,True,5.508005142211914,tabpfn_finetune_epoch_chunks,dataset_val_split,30,1,tabpfn_finetuning_api,acc,0.559322033898305,0.559322033898305,,,0,True,False,,tabpfnv3,ln_head_embedding,tabpfnv3_all,558976,0.0105163299465408,
OpenML-ID-23517,/home/crc00006699/zh/tabiclv2/openml_cc18/OpenML-ID-23517,binclass,77056,15412,19264,21,2,0.5196740033222591,0.5122765288068097,0.5183970915715321,0.5284400144605602,0.6917569212353799,224.89785313606265,142.7150535583496,ok,,77056,61644,0,19264,,210,1e-05,True,224.89752793312076,tabpfn_finetune_epoch_chunks,dataset_val_split,30,7,tabpfn_finetuning_api,acc,0.524980534648326,0.5260186867376071,,,4,True,False,,tabpfnv3,ln_head_embedding,tabpfnv3_all,558976,0.0105163299465408,
OpenML-ID-29,/home/crc00006699/zh/tabiclv2/openml_cc18/OpenML-ID-29,binclass,552,111,138,15,2,0.8405797101449275,0.8410846308264787,0.8435171385991058,0.9131360442835852,0.3948193926128974,5.735109090805054,1.797022819519043,ok,,552,441,0,138,,30,1e-05,True,5.734622240066528,tabpfn_finetune_epoch_chunks,dataset_val_split,30,1,tabpfn_finetuning_api,acc,0.8378378378378378,0.8378378378378378,,,0,True,False,,tabpfnv3,ln_head_embedding,tabpfnv3_all,558976,0.0105163299465408,
OpenML-ID-31,/home/crc00006699/zh/tabiclv2/openml_cc18/OpenML-ID-31,binclass,800,160,200,20,2,0.775,0.7663232432777264,0.7011904761904761,0.7807142857142857,0.5040040299619247,5.846356630325317,1.8150110244750977,ok,,800,640,0,200,,30,1e-05,True,5.846011638641357,tabpfn_finetune_epoch_chunks,dataset_val_split,30,1,tabpfn_finetuning_api,acc,0.80625,0.80625,,,0,True,False,,tabpfnv3,ln_head_embedding,tabpfnv3_all,558976,0.0105163299465408,
OpenML-ID-37,/home/crc00006699/zh/tabiclv2/openml_cc18/OpenML-ID-37,binclass,614,123,154,8,2,0.7207792207792207,0.7140992978313553,0.6742592592592592,0.8190740740740742,0.5017581682285511,5.243117809295654,1.737018585205078,ok,,614,491,0,154,,30,1e-05,True,5.242640972137451,tabpfn_finetune_epoch_chunks,dataset_val_split,30,1,tabpfn_finetuning_api,acc,0.7967479674796748,0.7967479674796748,,,0,True,False,,tabpfnv3,ln_head_embedding,tabpfnv3_all,558976,0.0105163299465408,
OpenML-ID-40668,/home/crc00006699/zh/tabiclv2/openml_cc18/OpenML-ID-40668,multiclass,0,0,0,0,0,,,,,,0.0,0.0,fail,"OutOfMemoryError: CUDA out of memory. Tried to allocate 2.00 MiB. GPU 0 has a total capacity of 23.57 GiB of which 2.00 MiB is free. Process 63822 has 23.56 GiB memory in use. Of the allocated memory 22.99 GiB is allocated by PyTorch, and 225.14 MiB is reserved by PyTorch but unallocated. If reserved but unallocated memory is large try setting PYTORCH_CUDA_ALLOC_CONF=expandable_segments:True to avoid fragmentation.  See documentation for Memory Management  (https://pytorch.org/docs/stable/notes/cuda.html#environment-variables)",0,0,0,0,,0,,False,0.0,,,0,0,,,,,,,0,False,False,,tabpfnv3,ln_head_embedding,tabpfnv3_all,558976,0.0105163299465408,
OpenML-ID-40701,/home/crc00006699/zh/tabiclv2/openml_cc18/OpenML-ID-40701,binclass,4000,800,1000,20,2,0.97,0.9690275740299898,0.9084371568457468,0.9341061270320924,0.1194738505385403,7.462061166763306,2.190229177474976,ok,,4000,3200,0,1000,,30,1e-05,True,7.461710691452026,tabpfn_finetune_epoch_chunks,dataset_val_split,30,1,tabpfn_finetuning_api,acc,0.97625,0.97625,,,0,True,False,,tabpfnv3,ln_head_embedding,tabpfnv3_all,558976,0.0105163299465408,
OpenML-ID-40966,/home/crc00006699/zh/tabiclv2/openml_cc18/OpenML-ID-40966,multiclass,864,173,216,77,8,1.0,1.0,1.0,1.0,0.0004103652271312,6.469334840774536,1.806623697280884,ok,,864,691,0,216,,30,1e-05,True,6.468902349472046,tabpfn_finetune_epoch_chunks,dataset_val_split,30,1,tabpfn_finetuning_api,acc,1.0,1.0,,,0,True,False,,tabpfnv3,ln_head_embedding,tabpfnv3_all,558976,0.0105163299465408,
OpenML-ID-40978,/home/crc00006699/zh/tabiclv2/openml_cc18/OpenML-ID-40978,binclass,2623,525,656,1558,2,0.9740853658536586,0.9731053516564144,0.9121569534381746,0.9908263953129818,0.0767058689326355,9.102288484573364,35.708226680755615,ok,,2623,0,0,656,,0,1e-05,False,0.0,,"TTT OOM; used original model parameters for inference: OutOfMemoryError: CUDA out of memory. Tried to allocate 516.00 MiB. GPU 0 has a total capacity of 23.57 GiB of which 66.00 MiB is free. Process 63822 has 23.50 GiB memory in use. Of the allocated memory 20.34 GiB is allocated by PyTorch, and 2.81 GiB is reserved by PyTorch but unallocated. If reserved but unallocated memory is large try setting PYTORCH_CUDA_ALLOC_CONF=expandable_segments:True to avoid fragmentation. See documentation for Memory Management (https://pytorch.org/docs/stable/notes/cuda.html#environment-variables)",0,0,,,,,,,0,False,True,"TTT OOM; used original model parameters for inference: OutOfMemoryError: CUDA out of memory. Tried to allocate 516.00 MiB. GPU 0 has a total capacity of 23.57 GiB of which 66.00 MiB is free. Process 63822 has 23.50 GiB memory in use. Of the allocated memory 20.34 GiB is allocated by PyTorch, and 2.81 GiB is reserved by PyTorch but unallocated. If reserved but unallocated memory is large try setting PYTORCH_CUDA_ALLOC_CONF=expandable_segments:True to avoid fragmentation. See documentation for Memory Management (https://pytorch.org/docs/stable/notes/cuda.html#environment-variables)",tabpfnv3,ln_head_embedding,tabpfnv3_all,558976,0.0105163299465408,
OpenML-ID-40982,/home/crc00006699/zh/tabiclv2/openml_cc18/OpenML-ID-40982,multiclass,1552,311,389,27,7,0.794344473007712,0.7941409048400474,0.8079670433993742,0.9704174517731792,0.5030100369962127,6.235900163650513,1.7921569347381592,ok,,1552,1241,0,389,,30,1e-05,True,6.235478401184082,tabpfn_finetune_epoch_chunks,dataset_val_split,30,1,tabpfn_finetuning_api,acc,0.8295819935691319,0.8295819935691319,,,0,True,False,,tabpfnv3,ln_head_embedding,tabpfnv3_all,558976,0.0105163299465408,
OpenML-ID-40984,/home/crc00006699/zh/tabiclv2/openml_cc18/OpenML-ID-40984,multiclass,1848,370,462,16,7,0.9415584415584416,0.9414208427958888,0.9415584415584416,0.9959060299969392,0.1697935426712186,6.7348833084106445,1.7847447395324707,ok,,1848,1478,0,462,,30,1e-05,True,6.734399795532227,tabpfn_finetune_epoch_chunks,dataset_val_split,30,1,tabpfn_finetuning_api,acc,0.9486486486486486,0.9513513513513514,,,2,True,False,,tabpfnv3,ln_head_embedding,tabpfnv3_all,558976,0.0105163299465408,
OpenML-ID-40996,/home/crc00006699/zh/tabiclv2/openml_cc18/OpenML-ID-40996,multiclass,56000,11200,14000,784,10,0.9103571428571428,0.909504766781395,0.910357142857143,0.994274909297052,0.2537953734385824,24.429110765457157,454.843533039093,ok,,56000,0,0,14000,,0,1e-05,False,0.0,,"TTT OOM; used original model parameters for inference: TabPFNCUDAOutOfMemoryError: CUDA out of memory with 11,200 test samples. This is issue is usually caused by one of the following two reasons: 1) Large test set — split into batches: predictions = [] for i in range(0, len(X_test), 100): pred = model.predict_proba(X_test[i:i + 100]) predictions.append(pred) predictions = np.vstack(predictions) Only with fit_mode='fit_with_cache', test rows are chunked automatically — lower the TABPFN_MAX_BATCHED_TEST_ROWS environment variable (currently 32768) to reduce peak memory without changing your code. 2) Large training set — batching won't help. Subsample your training data; see https://docs.priorlabs.ai for further guidance. Your sizes: 44,800 train / 11,200 test samples, 784 features. Not sure which? If model.predict_proba(X_test[:1]) also fails, it's (2). Original error: CUDA out of memory. Tried to allocate 6.66 GiB. GPU 0 has a total capacity of 23.57 GiB of which 4.56 GiB is free. Process 63822 has 19.00 GiB memory in use. Of the allocated memory 14.49 GiB is allocated by PyTorch, and 4.16 GiB is reserved by PyTorch but unallocated. If reserved but unallocated memory is large try setting PYTORCH_CUDA_ALLOC_CONF=expandable_segments:True to avoid fragmentation. See documentation for Memory Management (https://pytorch.org/docs/stable/notes/cuda.html#environment-variables)",0,0,,,,,,,0,False,True,"TTT OOM; used original model parameters for inference: TabPFNCUDAOutOfMemoryError: CUDA out of memory with 11,200 test samples. This is issue is usually caused by one of the following two reasons: 1) Large test set — split into batches: predictions = [] for i in range(0, len(X_test), 100): pred = model.predict_proba(X_test[i:i + 100]) predictions.append(pred) predictions = np.vstack(predictions) Only with fit_mode='fit_with_cache', test rows are chunked automatically — lower the TABPFN_MAX_BATCHED_TEST_ROWS environment variable (currently 32768) to reduce peak memory without changing your code. 2) Large training set — batching won't help. Subsample your training data; see https://docs.priorlabs.ai for further guidance. Your sizes: 44,800 train / 11,200 test samples, 784 features. Not sure which? If model.predict_proba(X_test[:1]) also fails, it's (2). Original error: CUDA out of memory. Tried to allocate 6.66 GiB. GPU 0 has a total capacity of 23.57 GiB of which 4.56 GiB is free. Process 63822 has 19.00 GiB memory in use. Of the allocated memory 14.49 GiB is allocated by PyTorch, and 4.16 GiB is reserved by PyTorch but unallocated. If reserved but unallocated memory is large try setting PYTORCH_CUDA_ALLOC_CONF=expandable_segments:True to avoid fragmentation. See documentation for Memory Management (https://pytorch.org/docs/stable/notes/cuda.html#environment-variables)",tabpfnv3,ln_head_embedding,tabpfnv3_all,558976,0.0105163299465408,
OpenML-ID-4134,/home/crc00006699/zh/tabiclv2/openml_cc18/OpenML-ID-4134,binclass,3000,600,751,1776,2,0.7869507323568575,0.7864679184686244,0.7836409348037254,0.8673361522198731,0.4502657619398585,7.104645490646362,36.83735132217407,ok,,3000,0,0,751,,0,1e-05,False,0.0,,"TTT OOM; used original model parameters for inference: OutOfMemoryError: CUDA out of memory. Tried to allocate 590.00 MiB. GPU 0 has a total capacity of 23.57 GiB of which 422.00 MiB is free. Process 63822 has 23.15 GiB memory in use. Of the allocated memory 21.28 GiB is allocated by PyTorch, and 1.52 GiB is reserved by PyTorch but unallocated. If reserved but unallocated memory is large try setting PYTORCH_CUDA_ALLOC_CONF=expandable_segments:True to avoid fragmentation. See documentation for Memory Management (https://pytorch.org/docs/stable/notes/cuda.html#environment-variables)",0,0,,,,,,,0,False,True,"TTT OOM; used original model parameters for inference: OutOfMemoryError: CUDA out of memory. Tried to allocate 590.00 MiB. GPU 0 has a total capacity of 23.57 GiB of which 422.00 MiB is free. Process 63822 has 23.15 GiB memory in use. Of the allocated memory 21.28 GiB is allocated by PyTorch, and 1.52 GiB is reserved by PyTorch but unallocated. If reserved but unallocated memory is large try setting PYTORCH_CUDA_ALLOC_CONF=expandable_segments:True to avoid fragmentation. See documentation for Memory Management (https://pytorch.org/docs/stable/notes/cuda.html#environment-variables)",tabpfnv3,ln_head_embedding,tabpfnv3_all,558976,0.0105163299465408,
OpenML-ID-4534,/home/crc00006699/zh/tabiclv2/openml_cc18/OpenML-ID-4534,binclass,8844,1769,2211,30,2,0.9782903663500678,0.9782632811243964,0.976862597191598,0.9982600838873325,0.0537645017765935,21.631191730499268,5.895028591156006,ok,,8844,7075,0,2211,,30,1e-05,True,21.63072633743286,tabpfn_finetune_epoch_chunks,dataset_val_split,30,1,tabpfn_finetuning_api,acc,0.9768230638778972,0.9773883550028264,,,2,True,False,,tabpfnv3,ln_head_embedding,tabpfnv3_all,558976,0.0105163299465408,
OpenML-ID-458,/home/crc00006699/zh/tabiclv2/openml_cc18/OpenML-ID-458,multiclass,672,135,169,70,4,1.0,1.0,1.0,1.0,0.0018141219161292,6.349447727203369,1.809654951095581,ok,,672,537,0,169,,30,1e-05,True,6.349041223526001,tabpfn_finetune_epoch_chunks,dataset_val_split,30,1,tabpfn_finetuning_api,acc,1.0,1.0,,,0,True,False,,tabpfnv3,ln_head_embedding,tabpfnv3_all,558976,0.0105163299465408,
OpenML-ID-469,/home/crc00006699/zh/tabiclv2/openml_cc18/OpenML-ID-469,multiclass,637,128,160,4,6,0.20625,0.176916148544438,0.2055356431700517,0.537149259188927,1.7798916905754965,5.255558252334595,1.7728025913238523,ok,,637,509,0,160,,30,1e-05,True,5.2551658153533936,tabpfn_finetune_epoch_chunks,dataset_val_split,30,1,tabpfn_finetuning_api,acc,0.1875,0.1875,,,0,True,False,,tabpfnv3,ln_head_embedding,tabpfnv3_all,558976,0.0105163299465408,
OpenML-ID-54,/home/crc00006699/zh/tabiclv2/openml_cc18/OpenML-ID-54,multiclass,676,136,170,18,4,0.9,0.8984333429859463,0.9004329004329005,0.9745938740079364,0.2600738563162426,6.86592960357666,1.7719831466674805,ok,,676,540,0,170,,30,1e-05,True,6.865461826324463,tabpfn_finetune_epoch_chunks,dataset_val_split,30,1,tabpfn_finetuning_api,acc,0.9044117647058824,0.9117647058823528,,,3,True,False,,tabpfnv3,ln_head_embedding,tabpfnv3_all,558976,0.0105163299465408,
OpenML-ID-6332,/home/crc00006699/zh/tabiclv2/openml_cc18/OpenML-ID-6332,binclass,432,87,108,37,2,0.8518518518518519,0.8513815402704291,0.8457223001402525,0.9298737727910238,0.3347211275709912,6.151841402053833,1.7689907550811768,ok,,432,345,0,108,,30,1e-05,True,6.151490211486816,tabpfn_finetune_epoch_chunks,dataset_val_split,30,1,tabpfn_finetuning_api,acc,0.735632183908046,0.735632183908046,,,0,True,False,,tabpfnv3,ln_head_embedding,tabpfnv3_all,558976,0.0105163299465408,
OpenML-ID-1050,/home/crc00006699/zh/tabiclv2/openml_cc18/OpenML-ID-1050,binclass,1250,250,313,37,2,0.8945686900958466,0.8670690747212215,0.5536032028469751,0.8405249110320284,0.2608145074802987,11.861324310302734,1.7315301895141602,ok,,1250,1000,0,313,,30,1e-05,True,8.023152589797974,tabpfn_finetune_epoch_chunks,dataset_val_split,30,1,tabpfn_finetuning_api,acc,0.9,0.9,,,0,True,False,,tabpfnv3,ln_head_embedding,tabpfnv3_all,558976,0.0105163299465408,
OpenML-ID-1063,/home/crc00006699/zh/tabiclv2/openml_cc18/OpenML-ID-1063,binclass,417,84,105,21,2,0.8095238095238095,0.7869238604532722,0.6289704271631983,0.7565717415115006,0.4893938844683658,5.053812503814697,1.692493915557861,ok,,417,333,0,105,,30,1e-05,True,5.053514003753662,tabpfn_finetune_epoch_chunks,dataset_val_split,30,1,tabpfn_finetuning_api,acc,0.8571428571428571,0.8571428571428571,,,0,True,False,,tabpfnv3,ln_head_embedding,tabpfnv3_all,558976,0.0105163299465408,
OpenML-ID-1068,/home/crc00006699/zh/tabiclv2/openml_cc18/OpenML-ID-1068,binclass,887,178,222,21,2,0.9324324324324323,0.9186724718639612,0.5927536231884059,0.9061191626409018,0.1603543300607176,5.127955436706543,1.715635061264038,ok,,887,709,0,222,,30,1e-05,True,5.127630472183228,tabpfn_finetune_epoch_chunks,dataset_val_split,30,1,tabpfn_finetuning_api,acc,0.9606741573033708,0.9606741573033708,,,0,True,False,,tabpfnv3,ln_head_embedding,tabpfnv3_all,558976,0.0105163299465408,
OpenML-ID-12,/home/crc00006699/zh/tabiclv2/openml_cc18/OpenML-ID-12,multiclass,1600,320,400,216,10,0.98,0.9799656196280668,0.98,0.9995277777777778,0.092297110524939,13.53446912765503,4.258715152740479,ok,,1600,1280,0,400,,30,1e-05,True,13.534152746200562,tabpfn_finetune_epoch_chunks,dataset_val_split,30,1,tabpfn_finetuning_api,acc,0.98125,0.98125,,,0,True,False,,tabpfnv3,ln_head_embedding,tabpfnv3_all,558976,0.0105163299465408,
OpenML-ID-1461,/home/crc00006699/zh/tabiclv2/openml_cc18/OpenML-ID-1461,binclass,36168,7234,9043,16,2,0.9127501935198497,0.91022610802578,0.7620075685388363,0.9413772041860152,0.1876172961033983,60.04596400260925,39.10875654220581,ok,,36168,28934,0,9043,,90,1e-05,True,60.04525828361511,tabpfn_finetune_epoch_chunks,dataset_val_split,30,3,tabpfn_finetuning_api,acc,0.9151230301354714,0.9151230301354714,,,0,True,False,,tabpfnv3,ln_head_embedding,tabpfnv3_all,558976,0.0105163299465408,
OpenML-ID-1464,/home/crc00006699/zh/tabiclv2/openml_cc18/OpenML-ID-1464,binclass,598,120,150,4,2,0.78,0.732358926919519,0.5796783625730995,0.7809454191033138,0.4619668404887602,5.121209859848023,1.7241733074188232,ok,,598,478,0,150,,30,1e-05,True,5.120629549026489,tabpfn_finetune_epoch_chunks,dataset_val_split,30,1,tabpfn_finetuning_api,acc,0.8,0.8,,,0,True,False,,tabpfnv3,ln_head_embedding,tabpfnv3_all,558976,0.0105163299465408,
OpenML-ID-1475,/home/crc00006699/zh/tabiclv2/openml_cc18/OpenML-ID-1475,multiclass,4894,979,1224,51,6,0.6258169934640523,0.6047208399445696,0.4889558879034679,0.8455047657645968,1.0670437716444223,15.992675065994264,3.82666540145874,ok,,4894,3915,0,1224,,30,1e-05,True,15.992276906967165,tabpfn_finetune_epoch_chunks,dataset_val_split,30,1,tabpfn_finetuning_api,acc,0.6200204290091931,0.6220633299284984,,,5,True,False,,tabpfnv3,ln_head_embedding,tabpfnv3_all,558976,0.0105163299465408,
OpenML-ID-1480,/home/crc00006699/zh/tabiclv2/openml_cc18/OpenML-ID-1480,binclass,466,94,117,10,2,0.7094017094017094,0.6485012063959433,0.5434089298369951,0.7087172218284904,0.5340830069178587,6.292482137680054,1.7335515022277832,ok,,466,372,0,117,,30,1e-05,True,6.292172431945801,tabpfn_finetune_epoch_chunks,dataset_val_split,30,1,tabpfn_finetuning_api,acc,0.7127659574468085,0.723404255319149,,,2,True,False,,tabpfnv3,ln_head_embedding,tabpfnv3_all,558976,0.0105163299465408,
OpenML-ID-1486,/home/crc00006699/zh/tabiclv2/openml_cc18/OpenML-ID-1486,binclass,27572,5515,6893,118,2,0.9747569998549253,0.9748101197888208,0.9712067818860906,0.9967794890667244,0.0658545951874146,3.904212474822998,72.71410012245178,ok,,27572,0,0,6893,,0,1e-05,False,0.0,,"TTT OOM; used original model parameters for inference: OutOfMemoryError: CUDA out of memory. Tried to allocate 546.00 MiB. GPU 0 has a total capacity of 23.57 GiB of which 356.00 MiB is free. Process 63823 has 23.21 GiB memory in use. Of the allocated memory 20.07 GiB is allocated by PyTorch, and 2.82 GiB is reserved by PyTorch but unallocated. If reserved but unallocated memory is large try setting PYTORCH_CUDA_ALLOC_CONF=expandable_segments:True to avoid fragmentation. See documentation for Memory Management (https://pytorch.org/docs/stable/notes/cuda.html#environment-variables)",0,0,,,,,,,0,False,True,"TTT OOM; used original model parameters for inference: OutOfMemoryError: CUDA out of memory. Tried to allocate 546.00 MiB. GPU 0 has a total capacity of 23.57 GiB of which 356.00 MiB is free. Process 63823 has 23.21 GiB memory in use. Of the allocated memory 20.07 GiB is allocated by PyTorch, and 2.82 GiB is reserved by PyTorch but unallocated. If reserved but unallocated memory is large try setting PYTORCH_CUDA_ALLOC_CONF=expandable_segments:True to avoid fragmentation. See documentation for Memory Management (https://pytorch.org/docs/stable/notes/cuda.html#environment-variables)",tabpfnv3,ln_head_embedding,tabpfnv3_all,558976,0.0105163299465408,
OpenML-ID-1489,/home/crc00006699/zh/tabiclv2/openml_cc18/OpenML-ID-1489,binclass,4323,865,1081,5,2,0.8982423681776133,0.897348029017534,0.8689489157183676,0.9564966059424908,0.2467681406273176,6.175963401794434,1.8514997959136963,ok,,4323,3458,0,1081,,30,1e-05,True,6.175427913665772,tabpfn_finetune_epoch_chunks,dataset_val_split,30,1,tabpfn_finetuning_api,acc,0.923699421965318,0.923699421965318,,,0,True,False,,tabpfnv3,ln_head_embedding,tabpfnv3_all,558976,0.0105163299465408,
OpenML-ID-1497,/home/crc00006699/zh/tabiclv2/openml_cc18/OpenML-ID-1497,multiclass,4364,873,1092,24,4,0.9835164835164836,0.983522452035007,0.9844800041228612,0.9997518861919747,0.0362746952767899,7.563396692276001,2.478684902191162,ok,,4364,3491,0,1092,,30,1e-05,True,7.562986850738525,tabpfn_finetune_epoch_chunks,dataset_val_split,30,1,tabpfn_finetuning_api,acc,0.979381443298969,0.979381443298969,,,0,True,False,,tabpfnv3,ln_head_embedding,tabpfnv3_all,558976,0.0105163299465408,
OpenML-ID-1501,/home/crc00006699/zh/tabiclv2/openml_cc18/OpenML-ID-1501,multiclass,1274,255,319,256,10,0.9592476489028212,0.9591750396857232,0.959375,0.9987356849374944,0.1639136888035217,19.16865181922913,4.377939224243164,ok,,1274,1019,0,319,,30,1e-05,True,19.1683349609375,tabpfn_finetune_epoch_chunks,dataset_val_split,30,1,tabpfn_finetuning_api,acc,0.9372549019607844,0.9372549019607844,,,0,True,False,,tabpfnv3,ln_head_embedding,tabpfnv3_all,558976,0.0105163299465408,
OpenML-ID-1510,/home/crc00006699/zh/tabiclv2/openml_cc18/OpenML-ID-1510,binclass,455,91,114,30,2,0.9649122807017544,0.9649122807017544,0.9623015873015872,0.9953703703703703,0.0799412128451846,5.28143310546875,1.7082138061523438,ok,,455,364,0,114,,30,1e-05,True,5.281144618988037,tabpfn_finetune_epoch_chunks,dataset_val_split,30,1,tabpfn_finetuning_api,acc,0.978021978021978,0.978021978021978,,,0,True,False,,tabpfnv3,ln_head_embedding,tabpfnv3_all,558976,0.0105163299465408,
OpenML-ID-16,/home/crc00006699/zh/tabiclv2/openml_cc18/OpenML-ID-16,multiclass,1600,320,400,64,10,0.9775,0.9773634363932296,0.9775,0.9994166666666666,0.1129948361074758,6.678203821182251,1.820353984832764,ok,,1600,1280,0,400,,30,1e-05,True,6.677900791168213,tabpfn_finetune_epoch_chunks,dataset_val_split,30,1,tabpfn_finetuning_api,acc,0.98125,0.98125,,,0,True,False,,tabpfnv3,ln_head_embedding,tabpfnv3_all,558976,0.0105163299465408,
OpenML-ID-182,/home/crc00006699/zh/tabiclv2/openml_cc18/OpenML-ID-182,multiclass,5144,1029,1286,36,6,0.9339035769828928,0.932181158591753,0.9117736218139976,0.9957700017295776,0.1533894792561412,9.287035703659058,3.589200973510742,ok,,5144,4115,0,1286,,30,1e-05,True,9.286582231521606,tabpfn_finetune_epoch_chunks,dataset_val_split,30,1,tabpfn_finetuning_api,acc,0.933916423712342,0.933916423712342,,,0,True,False,,tabpfnv3,ln_head_embedding,tabpfnv3_all,558976,0.0105163299465408,
OpenML-ID-22,/home/crc00006699/zh/tabiclv2/openml_cc18/OpenML-ID-22,multiclass,1600,320,400,47,10,0.845,0.8417816619029515,0.845,0.9834375,0.2457754616888135,9.648321866989136,1.8109610080718996,ok,,1600,1280,0,400,,30,1e-05,True,9.647996425628662,tabpfn_finetune_epoch_chunks,dataset_val_split,30,1,tabpfn_finetuning_api,acc,0.84375,0.846875,,,6,True,False,,tabpfnv3,ln_head_embedding,tabpfnv3_all,558976,0.0105163299465408,
OpenML-ID-23381,/home/crc00006699/zh/tabiclv2/openml_cc18/OpenML-ID-23381,binclass,400,80,100,12,2,0.66,0.5921413721413722,0.5985221674876847,0.6473727422003284,0.6476667878483131,5.466739892959595,1.726769208908081,ok,,400,320,0,100,,30,1e-05,True,5.46624493598938,tabpfn_finetune_epoch_chunks,dataset_val_split,30,1,tabpfn_finetuning_api,acc,0.575,0.575,,,0,True,False,,tabpfnv3,ln_head_embedding,tabpfnv3_all,558976,0.0105163299465408,
OpenML-ID-28,/home/crc00006699/zh/tabiclv2/openml_cc18/OpenML-ID-28,multiclass,4496,900,1124,64,10,0.994661921708185,0.9946656144721172,0.9946583789358592,0.99998944015832,0.0131248561116114,11.243617296218872,3.9828014373779297,ok,,4496,3596,0,1124,,30,1e-05,True,11.24331545829773,tabpfn_finetune_epoch_chunks,dataset_val_split,30,1,tabpfn_finetuning_api,acc,0.9933333333333332,0.9933333333333332,,,0,True,False,,tabpfnv3,ln_head_embedding,tabpfnv3_all,558976,0.0105163299465408,
OpenML-ID-3,/home/crc00006699/zh/tabiclv2/openml_cc18/OpenML-ID-3,binclass,2556,512,640,36,2,0.99375,0.9937507947687102,0.9938749951078236,0.9993640170639114,0.030983648148534,7.981240510940552,1.907156467437744,ok,,2556,2044,0,640,,30,1e-05,True,7.980907678604126,tabpfn_finetune_epoch_chunks,dataset_val_split,30,1,tabpfn_finetuning_api,acc,0.98046875,0.98046875,,,0,True,False,,tabpfnv3,ln_head_embedding,tabpfnv3_all,558976,0.0105163299465408,
OpenML-ID-32,/home/crc00006699/zh/tabiclv2/openml_cc18/OpenML-ID-32,multiclass,8793,1759,2199,16,10,0.9968167348794906,0.996819604653752,0.9967942217347212,0.9997041125039994,0.0120590203649476,12.095882177352903,4.824560642242432,ok,,8793,7034,0,2199,,30,1e-05,True,12.095476865768433,tabpfn_finetune_epoch_chunks,dataset_val_split,30,1,tabpfn_finetuning_api,acc,0.9977259806708356,0.9977259806708356,,,0,True,False,,tabpfnv3,ln_head_embedding,tabpfnv3_all,558976,0.0105163299465408,
OpenML-ID-38,/home/crc00006699/zh/tabiclv2/openml_cc18/OpenML-ID-38,binclass,3017,604,755,29,2,0.9947019867549668,0.994646850936376,0.9666860857300544,0.999601398172564,0.0156821951199593,7.714838266372681,1.884864330291748,ok,,3017,2413,0,755,,30,1e-05,True,7.714503765106201,tabpfn_finetune_epoch_chunks,dataset_val_split,30,1,tabpfn_finetuning_api,acc,0.98841059602649,0.98841059602649,,,0,True,False,,tabpfnv3,ln_head_embedding,tabpfnv3_all,558976,0.0105163299465408,
OpenML-ID-40670,/home/crc00006699/zh/tabiclv2/openml_cc18/OpenML-ID-40670,multiclass,2548,510,638,180,3,0.9733542319749215,0.9734601409062592,0.9712348975722,0.9981886481394764,0.0762393210652152,23.912625312805176,5.320395469665527,ok,,2548,2038,0,638,,30,1e-05,True,23.912292003631592,tabpfn_finetune_epoch_chunks,dataset_val_split,30,1,tabpfn_finetuning_api,acc,0.9705882352941176,0.9705882352941176,,,0,True,False,,tabpfnv3,ln_head_embedding,tabpfnv3_all,558976,0.0105163299465408,
OpenML-ID-40927,/home/crc00006699/zh/tabiclv2/openml_cc18/OpenML-ID-40927,multiclass,48000,9600,12000,3072,10,0.5575,0.5522777811515863,0.5575,0.9054318364197532,1.3034611810655552,35.789565086364746,401.88897919654846,ok,,48000,0,0,12000,,0,1e-05,False,0.0,,"TTT OOM; used original model parameters for inference: TabPFNCUDAOutOfMemoryError: CUDA out of memory with 9,600 test samples. This is issue is usually caused by one of the following two reasons: 1) Large test set — split into batches: predictions = [] for i in range(0, len(X_test), 100): pred = model.predict_proba(X_test[i:i + 100]) predictions.append(pred) predictions = np.vstack(predictions) Only with fit_mode='fit_with_cache', test rows are chunked automatically — lower the TABPFN_MAX_BATCHED_TEST_ROWS environment variable (currently 32768) to reduce peak memory without changing your code. 2) Large training set — batching won't help. Subsample your training data; see https://docs.priorlabs.ai for further guidance. Your sizes: 38,400 train / 9,600 test samples, 3072 features. Not sure which? If model.predict_proba(X_test[:1]) also fails, it's (2). Original error: CUDA out of memory. Tried to allocate 1.44 GiB. GPU 0 has a total capacity of 23.57 GiB of which 422.00 MiB is free. Process 63823 has 23.15 GiB memory in use. Of the allocated memory 21.08 GiB is allocated by PyTorch, and 1.72 GiB is reserved by PyTorch but unallocated. If reserved but unallocated memory is large try setting PYTORCH_CUDA_ALLOC_CONF=expandable_segments:True to avoid fragmentation. See documentation for Memory Management (https://pytorch.org/docs/stable/notes/cuda.html#environment-variables)",0,0,,,,,,,0,False,True,"TTT OOM; used original model parameters for inference: TabPFNCUDAOutOfMemoryError: CUDA out of memory with 9,600 test samples. This is issue is usually caused by one of the following two reasons: 1) Large test set — split into batches: predictions = [] for i in range(0, len(X_test), 100): pred = model.predict_proba(X_test[i:i + 100]) predictions.append(pred) predictions = np.vstack(predictions) Only with fit_mode='fit_with_cache', test rows are chunked automatically — lower the TABPFN_MAX_BATCHED_TEST_ROWS environment variable (currently 32768) to reduce peak memory without changing your code. 2) Large training set — batching won't help. Subsample your training data; see https://docs.priorlabs.ai for further guidance. Your sizes: 38,400 train / 9,600 test samples, 3072 features. Not sure which? If model.predict_proba(X_test[:1]) also fails, it's (2). Original error: CUDA out of memory. Tried to allocate 1.44 GiB. GPU 0 has a total capacity of 23.57 GiB of which 422.00 MiB is free. Process 63823 has 23.15 GiB memory in use. Of the allocated memory 21.08 GiB is allocated by PyTorch, and 1.72 GiB is reserved by PyTorch but unallocated. If reserved but unallocated memory is large try setting PYTORCH_CUDA_ALLOC_CONF=expandable_segments:True to avoid fragmentation. See documentation for Memory Management (https://pytorch.org/docs/stable/notes/cuda.html#environment-variables)",tabpfnv3,ln_head_embedding,tabpfnv3_all,558976,0.0105163299465408,
OpenML-ID-40975,/home/crc00006699/zh/tabiclv2/openml_cc18/OpenML-ID-40975,multiclass,1382,277,346,6,4,1.0,1.0,1.0,1.0,0.0136230440822237,5.741691827774048,1.787936449050903,ok,,1382,1105,0,346,,30,1e-05,True,5.741211414337158,tabpfn_finetune_epoch_chunks,dataset_val_split,30,1,tabpfn_finetuning_api,acc,0.9927797833935018,0.9927797833935018,,,0,True,False,,tabpfnv3,ln_head_embedding,tabpfnv3_all,558976,0.0105163299465408,
OpenML-ID-40979,/home/crc00006699/zh/tabiclv2/openml_cc18/OpenML-ID-40979,multiclass,1600,320,400,240,10,0.97,0.9699675113765313,0.97,0.9990555555555556,0.1166598350647938,15.011492490768433,4.389523983001709,ok,,1600,1280,0,400,,30,1e-05,True,15.01114821434021,tabpfn_finetune_epoch_chunks,dataset_val_split,30,1,tabpfn_finetuning_api,acc,0.975,0.975,,,0,True,False,,tabpfnv3,ln_head_embedding,tabpfnv3_all,558976,0.0105163299465408,
OpenML-ID-40983,/home/crc00006699/zh/tabiclv2/openml_cc18/OpenML-ID-40983,binclass,3871,775,968,5,2,0.9907024793388428,0.9906598818919714,0.9497396708095398,0.998089519650655,0.0255640606295097,5.946485996246338,1.7994332313537598,ok,,3871,3096,0,968,,30,1e-05,True,5.945941925048828,tabpfn_finetune_epoch_chunks,dataset_val_split,30,1,tabpfn_finetuning_api,acc,0.9870967741935484,0.9870967741935484,,,0,True,False,,tabpfnv3,ln_head_embedding,tabpfnv3_all,558976,0.0105163299465408,
OpenML-ID-40994,/home/crc00006699/zh/tabiclv2/openml_cc18/OpenML-ID-40994,binclass,432,87,108,18,2,0.9629629629629628,0.9608333333333332,0.8282828282828283,0.9057239057239056,0.1708213758970946,5.3933868408203125,1.770228624343872,ok,,432,345,0,108,,30,1e-05,True,5.393004655838013,tabpfn_finetune_epoch_chunks,dataset_val_split,30,1,tabpfn_finetuning_api,acc,0.942528735632184,0.942528735632184,,,0,True,False,,tabpfnv3,ln_head_embedding,tabpfnv3_all,558976,0.0105163299465408,
OpenML-ID-41027,/home/crc00006699/zh/tabiclv2/openml_cc18/OpenML-ID-41027,multiclass,35855,7171,8964,6,3,0.9601740294511378,0.96008147489964,0.9460109081630408,0.997095785006686,0.1122240862496983,165.4781198501587,34.772135972976685,ok,,35855,28684,0,8964,,90,1e-05,True,165.47777462005615,tabpfn_finetune_epoch_chunks,dataset_val_split,30,3,tabpfn_finetuning_api,acc,0.9510528517640496,0.9570492260493656,,,30,False,False,,tabpfnv3,ln_head_embedding,tabpfnv3_all,558976,0.0105163299465408,
OpenML-ID-44,/home/crc00006699/zh/tabiclv2/openml_cc18/OpenML-ID-44,binclass,3680,736,921,57,2,0.9598262757871878,0.9598358904607924,0.9581815219645132,0.9908863809157064,0.1168641788001859,13.080622673034668,3.1216695308685303,ok,,3680,2944,0,921,,30,1e-05,True,13.080251693725586,tabpfn_finetune_epoch_chunks,dataset_val_split,30,1,tabpfn_finetuning_api,acc,0.9619565217391304,0.9633152173913044,,,4,True,False,,tabpfnv3,ln_head_embedding,tabpfnv3_all,558976,0.0105163299465408,
OpenML-ID-4538,/home/crc00006699/zh/tabiclv2/openml_cc18/OpenML-ID-4538,multiclass,7898,1580,1975,32,5,0.8081012658227849,0.8061728897845454,0.7780263850492766,0.9568720869584432,0.5566743176257264,43.440560817718506,5.2905638217926025,ok,,7898,6318,0,1975,,30,1e-05,True,43.440144300460815,tabpfn_finetune_epoch_chunks,dataset_val_split,30,1,tabpfn_finetuning_api,acc,0.779746835443038,0.7841772151898734,,,24,False,False,,tabpfnv3,ln_head_embedding,tabpfnv3_all,558976,0.0105163299465408,
OpenML-ID-46,/home/crc00006699/zh/tabiclv2/openml_cc18/OpenML-ID-46,multiclass,2552,511,638,60,3,0.9608150470219436,0.9608144483213632,0.9538764390372708,0.9964477607515886,0.0997300092485316,10.062803745269775,2.3511557579040527,ok,,2552,2041,0,638,,30,1e-05,True,10.06245255470276,tabpfn_finetune_epoch_chunks,dataset_val_split,30,1,tabpfn_finetuning_api,acc,0.9706457925636008,0.9706457925636008,,,0,True,False,,tabpfnv3,ln_head_embedding,tabpfnv3_all,558976,0.0105163299465408,
OpenML-ID-50,/home/crc00006699/zh/tabiclv2/openml_cc18/OpenML-ID-50,binclass,766,154,192,9,2,0.9739583333333334,0.9737089603283174,0.9626865671641792,0.9997611940298508,0.0523910363484459,5.497015714645386,1.7742090225219729,ok,,766,612,0,192,,30,1e-05,True,5.496662139892578,tabpfn_finetune_epoch_chunks,dataset_val_split,30,1,tabpfn_finetuning_api,acc,0.987012987012987,0.987012987012987,,,0,True,False,,tabpfnv3,ln_head_embedding,tabpfnv3_all,558976,0.0105163299465408,
OpenML-ID-554,/home/crc00006699/zh/tabiclv2/openml_cc18/OpenML-ID-554,multiclass,56000,11200,14000,784,10,0.9907142857142858,0.9907127857967134,0.9906461904391278,0.9999229583014844,0.0402217585114876,23.75909209251404,435.252768278122,ok,,56000,0,0,14000,,0,1e-05,False,0.0,,"TTT OOM; used original model parameters for inference: TabPFNCUDAOutOfMemoryError: CUDA out of memory with 11,200 test samples. This is issue is usually caused by one of the following two reasons: 1) Large test set — split into batches: predictions = [] for i in range(0, len(X_test), 100): pred = model.predict_proba(X_test[i:i + 100]) predictions.append(pred) predictions = np.vstack(predictions) Only with fit_mode='fit_with_cache', test rows are chunked automatically — lower the TABPFN_MAX_BATCHED_TEST_ROWS environment variable (currently 32768) to reduce peak memory without changing your code. 2) Large training set — batching won't help. Subsample your training data; see https://docs.priorlabs.ai for further guidance. Your sizes: 44,800 train / 11,200 test samples, 784 features. Not sure which? If model.predict_proba(X_test[:1]) also fails, it's (2). Original error: CUDA out of memory. Tried to allocate 6.09 GiB. GPU 0 has a total capacity of 23.57 GiB of which 5.93 GiB is free. Process 63823 has 17.63 GiB memory in use. Of the allocated memory 13.28 GiB is allocated by PyTorch, and 4.01 GiB is reserved by PyTorch but unallocated. If reserved but unallocated memory is large try setting PYTORCH_CUDA_ALLOC_CONF=expandable_segments:True to avoid fragmentation. See documentation for Memory Management (https://pytorch.org/docs/stable/notes/cuda.html#environment-variables)",0,0,,,,,,,0,False,True,"TTT OOM; used original model parameters for inference: TabPFNCUDAOutOfMemoryError: CUDA out of memory with 11,200 test samples. This is issue is usually caused by one of the following two reasons: 1) Large test set — split into batches: predictions = [] for i in range(0, len(X_test), 100): pred = model.predict_proba(X_test[i:i + 100]) predictions.append(pred) predictions = np.vstack(predictions) Only with fit_mode='fit_with_cache', test rows are chunked automatically — lower the TABPFN_MAX_BATCHED_TEST_ROWS environment variable (currently 32768) to reduce peak memory without changing your code. 2) Large training set — batching won't help. Subsample your training data; see https://docs.priorlabs.ai for further guidance. Your sizes: 44,800 train / 11,200 test samples, 784 features. Not sure which? If model.predict_proba(X_test[:1]) also fails, it's (2). Original error: CUDA out of memory. Tried to allocate 6.09 GiB. GPU 0 has a total capacity of 23.57 GiB of which 5.93 GiB is free. Process 63823 has 17.63 GiB memory in use. Of the allocated memory 13.28 GiB is allocated by PyTorch, and 4.01 GiB is reserved by PyTorch but unallocated. If reserved but unallocated memory is large try setting PYTORCH_CUDA_ALLOC_CONF=expandable_segments:True to avoid fragmentation. See documentation for Memory Management (https://pytorch.org/docs/stable/notes/cuda.html#environment-variables)",tabpfnv3,ln_head_embedding,tabpfnv3_all,558976,0.0105163299465408,
