dataset_name,dataset_dir,task_type,n_train,n_val,n_test,n_features,n_classes,accuracy,f1,balanced_accuracy,roc_auc,log_loss,fit_seconds,predict_seconds,status,error,n_train_a,n_train_b,n_holdout_c,n_test_d,ttt_loss,ttt_wise_ft,ttt_wise_alpha,ttt_wise_applied,ttt_steps,ttt_lr,ttt_applied,ttt_update_seconds,ttt_split_strategy,ttt_split_reason,ttt_epochs,ttt_chunks_per_epoch,ttt_batch_mode,ttt_val_eval_metric,ttt_val_baseline_metric,ttt_val_best_metric,ttt_val_baseline_accuracy,ttt_val_best_accuracy,ttt_best_epoch,ttt_stopped_early,ttt_oom_fallback,ttt_fallback_reason,ttt_c_selection,ttt_c_source,ttt_c_metric,ttt_c_f_distance_mean,ttt_c_f_distance_std,ttt_c_fallback_reason,ttt_c_label_coverage_ok
Amazon_employee_access,/home/crc00006699/zh/tabiclv2/data184/Amazon_employee_access,binclass,26215,5243,6554,7,2,0.9441562404638388,0.9333683970538553,0.6087838227596595,0.835939666499311,0.16898760993180661,29.2191481590271,11.943565845489502,ok,,26215,20972,0,6554,0.2490173801779747,True,0.1,False,30,1e-05,True,28.98941159248352,full_train_epoch_chunks,full train set chunked per epoch | validation=dataset_val_split | c_selection=f_mmd c_source=test c_metric=standardized_l2 | f_mmd_reserved_context=5% source=test | wise_ft_skipped rows=32769>=2000,30,3,epoch_chunk,accuracy,0.9498378790768643,0.950982262063704,0.9498378790768643,0.950982262063704,2,True,False,,f_mmd,test,standardized_l2,3.4619756433109408,0.7290008275458952,,True
BNG(breast-w),/home/crc00006699/zh/tabiclv2/data184/BNG(breast-w),binclass,31492,6299,7874,9,2,0.9883159766319533,0.9883261298059302,0.9879343781457741,0.9992056166441001,0.0325713552388909,54.8058979511261,19.118659496307373,ok,,31492,25193,0,7874,0.04868774302303791,True,0.1,False,54,1e-05,True,54.5383083820343,full_train_epoch_chunks,full train set chunked per epoch | validation=dataset_val_split | c_selection=f_mmd c_source=test c_metric=standardized_l2 | f_mmd_reserved_context=5% source=test | wise_ft_skipped rows=39366>=2000,30,3,epoch_chunk,accuracy,0.9863470392125734,0.9871408160025401,0.9863470392125734,0.9871408160025401,10,True,False,,f_mmd,test,standardized_l2,4.034681274666381,0.7850725487970129,,True
BNG(tic-tac-toe),/home/crc00006699/zh/tabiclv2/data184/BNG(tic-tac-toe),binclass,31492,6299,7874,9,2,0.8150876301752603,0.8123813655727697,0.7833272943391529,0.8835994369678826,0.40403417285104065,53.35839033126831,19.322348833084106,ok,,31492,25193,0,7874,0.40684324502944946,True,0.1,False,51,1e-05,True,52.99250602722168,full_train_epoch_chunks,full train set chunked per epoch | validation=dataset_val_split | c_selection=f_mmd c_source=test c_metric=standardized_l2 | f_mmd_reserved_context=5% source=test | wise_ft_skipped rows=39366>=2000,30,3,epoch_chunk,accuracy,0.8082235275440546,0.8102873471979679,0.8082235275440546,0.8102873471979679,9,True,False,,f_mmd,test,standardized_l2,1.585180139223586,0.11227703589247183,,True
Basketball_c,/home/crc00006699/zh/tabiclv2/data184/Basketball_c,binclass,1072,215,268,11,2,0.7052238805970149,0.7043439518823792,0.684561776517836,0.7437987243090007,0.5798744492210324,3.136662483215332,0.3058609962463379,ok,,1072,857,0,268,0.5723329186439514,True,0.1,True,8,1e-05,True,3.103025197982788,full_train_epoch_chunks,full train set chunked per epoch | validation=dataset_val_split | c_selection=f_mmd c_source=test c_metric=standardized_l2 | f_mmd_reserved_context=5% source=test | wise_ft=alpha0.1 rows=1340<2000,30,1,epoch_chunk,accuracy,0.7534883720930232,0.7534883720930232,0.7534883720930232,0.7534883720930232,0,True,False,,f_mmd,test,standardized_l2,4.639848744988571,2.2692785611157227,,True
Cardiovascular-Disease-dataset,/home/crc00006699/zh/tabiclv2/data184/Cardiovascular-Disease-dataset,binclass,56000,11200,14000,11,2,0.7343571428571428,0.7339598859080049,0.7343351377420858,0.8002235470117703,0.5436182476750299,53.46963143348694,57.289311170578,ok,,56000,44800,0,14000,0.5678880214691162,True,0.1,False,40,1e-05,True,52.9723219871521,full_train_epoch_chunks,full train set chunked per epoch | validation=dataset_val_split | c_selection=f_mmd c_source=test c_metric=standardized_l2 | f_mmd_reserved_context=5% source=test | wise_ft_skipped rows=70000>=2000,30,5,epoch_chunk,accuracy,0.7324107142857142,0.7324107142857142,0.7324107142857142,0.7324107142857142,0,True,False,,f_mmd,test,standardized_l2,9.176271858979922,71.74893279752877,,True
Contaminant-detection-in-packaged-cocoa-hazelnut-spread-jars-using-Microwaves-Sensing-and-Machine-Learning-10.0GHz(Urbinati),/home/crc00006699/zh/tabiclv2/data184/Contaminant-detection-in-packaged-cocoa-hazelnut-spread-jars-using-Microwaves-Sensing-and-Machine-Learning-10.0GHz(Urbinati),binclass,1920,384,480,30,2,0.96875,0.9687574606619641,0.9694799777530589,0.9931694938820913,0.09260358448837334,6.687637090682983,0.7110226154327393,ok,,1920,1536,0,480,0.08569912984967232,True,0.1,False,14,1e-05,True,6.6140053272247314,full_train_epoch_chunks,full train set chunked per epoch | validation=dataset_val_split | c_selection=f_mmd c_source=test c_metric=standardized_l2 | f_mmd_reserved_context=5% source=test | wise_ft_skipped rows=2400>=2000,30,1,epoch_chunk,accuracy,0.9661458333333334,0.96875,0.9661458333333334,0.96875,6,True,False,,f_mmd,test,standardized_l2,3.235187064973895,0.57722955952411,,True
Contaminant-detection-in-packaged-cocoa-hazelnut-spread-jars-using-Microwaves-Sensing-and-Machine-Learning-11.0GHz(Urbinati),/home/crc00006699/zh/tabiclv2/data184/Contaminant-detection-in-packaged-cocoa-hazelnut-spread-jars-using-Microwaves-Sensing-and-Machine-Learning-11.0GHz(Urbinati),binclass,1920,384,480,30,2,0.9520833333333333,0.9520964401547419,0.9525166852057843,0.9882682146829811,0.1386301657741739,3.9630954265594482,0.6904375553131104,ok,,1920,1536,0,480,0.11549370735883713,True,0.1,False,8,1e-05,True,3.8781256675720215,full_train_epoch_chunks,full train set chunked per epoch | validation=dataset_val_split | c_selection=f_mmd c_source=test c_metric=standardized_l2 | f_mmd_reserved_context=5% source=test | wise_ft_skipped rows=2400>=2000,30,1,epoch_chunk,accuracy,0.9661458333333334,0.9661458333333334,0.9661458333333334,0.9661458333333334,0,True,False,,f_mmd,test,standardized_l2,2.4236105300425663,0.2842333772813796,,True
Contaminant-detection-in-packaged-cocoa-hazelnut-spread-jars-using-Microwaves-Sensing-and-Machine-Learning-9.5GHz(Urbinati),/home/crc00006699/zh/tabiclv2/data184/Contaminant-detection-in-packaged-cocoa-hazelnut-spread-jars-using-Microwaves-Sensing-and-Machine-Learning-9.5GHz(Urbinati),binclass,1920,384,480,30,2,0.9479166666666666,0.9479291011032736,0.9486234705228032,0.9917616796440489,0.11363816134256512,6.14046311378479,0.7030212879180908,ok,,1920,1536,0,480,0.1022169217467308,True,0.1,False,13,1e-05,True,6.0699241161346436,full_train_epoch_chunks,full train set chunked per epoch | validation=dataset_val_split | c_selection=f_mmd c_source=test c_metric=standardized_l2 | f_mmd_reserved_context=5% source=test | wise_ft_skipped rows=2400>=2000,30,1,epoch_chunk,accuracy,0.921875,0.9479166666666666,0.921875,0.9479166666666666,5,True,False,,f_mmd,test,standardized_l2,2.788729298338286,0.24399856711095919,,True
Customer_Personality_Analysis,/home/crc00006699/zh/tabiclv2/data184/Customer_Personality_Analysis,binclass,1792,359,448,24,2,0.8861607142857143,0.8749138711299775,0.6993575429936929,0.8942100521016964,0.2680283309901576,7.486604452133179,0.5976099967956543,ok,,1792,1433,0,448,0.239006869494915,True,0.1,False,18,1e-05,True,7.423529863357544,full_train_epoch_chunks,full train set chunked per epoch | validation=dataset_val_split | c_selection=f_mmd c_source=test c_metric=standardized_l2 | f_mmd_reserved_context=5% source=test | wise_ft_skipped rows=2240>=2000,30,1,epoch_chunk,accuracy,0.8746518105849582,0.8857938718662952,0.8746518105849582,0.8857938718662952,10,True,False,,f_mmd,test,standardized_l2,5.096833339744329,1.547632343204959,,True
E-CommereShippingData,/home/crc00006699/zh/tabiclv2/data184/E-CommereShippingData,binclass,8799,1760,2200,10,2,0.6759090909090909,0.6659973141304735,0.7228147799603479,0.735098928330089,0.5061544720826859,7.32729434967041,2.710608959197998,ok,,8799,7039,0,2200,0.5054794251918793,True,0.1,False,8,1e-05,True,7.23882794380188,full_train_epoch_chunks,full train set chunked per epoch | validation=dataset_val_split | c_selection=f_mmd c_source=test c_metric=standardized_l2 | f_mmd_reserved_context=5% source=test | wise_ft_skipped rows=10999>=2000,30,1,epoch_chunk,accuracy,0.6880681818181819,0.6880681818181819,0.6880681818181819,0.6880681818181819,0,True,False,,f_mmd,test,standardized_l2,2.215045841396021,0.42010142227020425,,True
FICO-HELOC-cleaned,/home/crc00006699/zh/tabiclv2/data184/FICO-HELOC-cleaned,binclass,7896,1580,1975,23,2,0.7448101265822785,0.7445727807077712,0.7437145357652057,0.8220486360778868,0.5179509989722644,9.605078935623169,2.8464784622192383,ok,,7896,6316,0,1975,0.5291878581047058,True,0.1,False,8,1e-05,True,9.436273097991943,full_train_epoch_chunks,full train set chunked per epoch | validation=dataset_val_split | c_selection=f_mmd c_source=test c_metric=standardized_l2 | f_mmd_reserved_context=5% source=test | wise_ft_skipped rows=9871>=2000,30,1,epoch_chunk,accuracy,0.7462025316455696,0.7462025316455696,0.7462025316455696,0.7462025316455696,0,True,False,,f_mmd,test,standardized_l2,4.7456024021450345,5.103662296088189,,True
FOREX_audcad-hour-High,/home/crc00006699/zh/tabiclv2/data184/FOREX_audcad-hour-High,binclass,35060,7012,8765,10,2,0.710781517398745,0.710838105741429,0.7110917918139195,0.7872347405084182,0.5598326897111123,87.41192483901978,24.241488456726074,ok,,35060,28048,0,8765,0.5370394587516785,True,0.1,False,72,1e-05,True,87.10866355895996,full_train_epoch_chunks,full train set chunked per epoch | validation=dataset_val_split | c_selection=f_mmd c_source=test c_metric=standardized_l2 | f_mmd_reserved_context=5% source=test | wise_ft_skipped rows=43825>=2000,30,3,epoch_chunk,accuracy,0.7062179121505989,0.719623502567028,0.7062179121505989,0.719623502567028,16,True,False,,f_mmd,test,standardized_l2,5.431161515320861,4.318763294310372,,True
FOREX_audjpy-day-High,/home/crc00006699/zh/tabiclv2/data184/FOREX_audjpy-day-High,binclass,1465,293,367,10,2,0.7683923705722071,0.7680819253883351,0.7674484275607871,0.8395160810891148,0.496131672491067,3.434661626815796,0.3813211917877197,ok,,1465,1172,0,367,0.5591956973075867,True,0.1,True,10,1e-05,True,3.4052672386169434,full_train_epoch_chunks,full train set chunked per epoch | validation=dataset_val_split | c_selection=f_mmd c_source=test c_metric=standardized_l2 | f_mmd_reserved_context=5% source=test | wise_ft=alpha0.1 rows=1832<2000,30,1,epoch_chunk,accuracy,0.7372013651877133,0.7440273037542662,0.7372013651877133,0.7440273037542662,2,True,False,,f_mmd,test,standardized_l2,5.1941268865742245,1.7303308194988347,,True
FOREX_audsgd-hour-High,/home/crc00006699/zh/tabiclv2/data184/FOREX_audsgd-hour-High,binclass,35060,7012,8765,10,2,0.7083856246434683,0.7084045962379479,0.7089338429027152,0.7782617568241359,0.5787451907047302,72.53910565376282,23.176347255706787,ok,,35060,28048,0,8765,0.5649972259998322,True,0.1,False,60,1e-05,True,72.19408464431763,full_train_epoch_chunks,full train set chunked per epoch | validation=dataset_val_split | c_selection=f_mmd c_source=test c_metric=standardized_l2 | f_mmd_reserved_context=5% source=test | wise_ft_skipped rows=43825>=2000,30,3,epoch_chunk,accuracy,0.6739874500855676,0.7174843126069596,0.6739874500855676,0.7174843126069596,12,True,False,,f_mmd,test,standardized_l2,4.03607579564577,1.5740468869546798,,True
FOREX_cadjpy-day-High,/home/crc00006699/zh/tabiclv2/data184/FOREX_cadjpy-day-High,binclass,1467,294,367,10,2,0.7166212534059946,0.7163432824578462,0.7167082442385365,0.7797873604181517,0.5676181997063062,3.652756690979004,0.38346147537231445,ok,,1467,1173,0,367,0.5465554893016815,True,0.1,True,11,1e-05,True,3.621598243713379,full_train_epoch_chunks,full train set chunked per epoch | validation=dataset_val_split | c_selection=f_mmd c_source=test c_metric=standardized_l2 | f_mmd_reserved_context=5% source=test | wise_ft=alpha0.1 rows=1834<2000,30,1,epoch_chunk,accuracy,0.7244897959183674,0.7346938775510204,0.7244897959183674,0.7346938775510204,3,True,False,,f_mmd,test,standardized_l2,5.95742834159038,2.3244018602193224,,True
Firm-Teacher_Clave-Direction_Classification,/home/crc00006699/zh/tabiclv2/data184/Firm-Teacher_Clave-Direction_Classification,multiclass,8640,1728,2160,16,4,0.8791666666666667,0.8778785373842899,0.7981764713826539,0.9706504325629705,0.3145338388661489,14.328910112380981,2.9315619468688965,ok,,8640,6912,0,2160,0.32742761075496674,True,0.1,False,13,1e-05,True,14.167816877365112,full_train_epoch_chunks,full train set chunked per epoch | validation=dataset_val_split | c_selection=f_mmd c_source=test c_metric=standardized_l2 | f_mmd_reserved_context=5% source=test | wise_ft_skipped rows=10800>=2000,30,1,epoch_chunk,accuracy,0.8611111111111112,0.8721064814814815,0.8611111111111112,0.8721064814814815,5,True,False,,f_mmd,test,standardized_l2,1.024722019907584,0.003279551011051397,,True
GAMETES_Epistasis_2-Way_20atts_0.1H_EDM-1_1,/home/crc00006699/zh/tabiclv2/data184/GAMETES_Epistasis_2-Way_20atts_0.1H_EDM-1_1,binclass,1280,256,320,20,2,0.66875,0.6617605998962945,0.66875,0.72177734375,0.6150152626880017,4.341728448867798,0.4184842109680176,ok,,1280,1024,0,320,0.6226926445960999,True,0.1,True,10,1e-05,True,4.2827582359313965,full_train_epoch_chunks,full train set chunked per epoch | validation=dataset_val_split | c_selection=f_mmd c_source=test c_metric=standardized_l2 | f_mmd_reserved_context=5% source=test | wise_ft=alpha0.1 rows=1600<2000,30,1,epoch_chunk,accuracy,0.64453125,0.65234375,0.64453125,0.65234375,2,True,False,,f_mmd,test,standardized_l2,2.129731276553802,0.31163046350878126,,True
Gender_Gap_in_Spanish_WP,/home/crc00006699/zh/tabiclv2/data184/Gender_Gap_in_Spanish_WP,multiclass,3796,760,950,13,3,0.6052631578947368,0.5504434681485935,0.4150349698069155,0.7029728405105299,0.7958791018002506,9.224112510681152,1.0439651012420654,ok,,3796,3036,0,950,0.7826451659202576,True,0.1,False,19,1e-05,True,9.171295166015625,full_train_epoch_chunks,full train set chunked per epoch | validation=dataset_val_split | c_selection=f_mmd c_source=test c_metric=standardized_l2 | f_mmd_reserved_context=5% source=test | wise_ft_skipped rows=4746>=2000,30,1,epoch_chunk,accuracy,0.6171052631578947,0.6355263157894737,0.6171052631578947,0.6355263157894737,11,True,False,,f_mmd,test,standardized_l2,3951.4165810773993,34220.31982152176,,True
HR_Analytics_Job_Change_of_Data_Scientists,/home/crc00006699/zh/tabiclv2/data184/HR_Analytics_Job_Change_of_Data_Scientists,binclass,15326,3066,3832,13,2,0.7998434237995825,0.8011630675845532,0.7393858494978225,0.8081862469449889,0.43192002265655877,20.267916440963745,6.315914630889893,ok,,15326,12260,0,3832,0.4347098767757416,True,0.1,False,22,1e-05,True,20.039644718170166,full_train_epoch_chunks,full train set chunked per epoch | validation=dataset_val_split | c_selection=f_mmd c_source=test c_metric=standardized_l2 | f_mmd_reserved_context=5% source=test | wise_ft_skipped rows=19158>=2000,30,2,epoch_chunk,accuracy,0.8088714938030006,0.8124592302674495,0.8088714938030006,0.8124592302674495,3,True,False,,f_mmd,test,standardized_l2,2.397578138150081,0.3149186105650092,,True
INNHotelsGroup,/home/crc00006699/zh/tabiclv2/data184/INNHotelsGroup,binclass,29020,5804,7255,17,2,0.9022742935906272,0.901608606356854,0.8826776372517617,0.9609436165880381,0.2274678092045434,104.14635753631592,17.82028865814209,ok,,29020,23216,0,7255,0.28603167831897736,True,0.1,False,90,1e-05,True,103.70238637924194,full_train_epoch_chunks,full train set chunked per epoch | validation=dataset_val_split | c_selection=f_mmd c_source=test c_metric=standardized_l2 | f_mmd_reserved_context=5% source=test | wise_ft_skipped rows=36275>=2000,30,3,epoch_chunk,accuracy,0.8985182632667126,0.9057546519641626,0.8985182632667126,0.9057546519641626,26,False,False,,f_mmd,test,standardized_l2,7.023015649516075,14.899955027383339,,True
Intersectional-Bias-Assessment,/home/crc00006699/zh/tabiclv2/data184/Intersectional-Bias-Assessment,binclass,8800,1760,2200,19,2,0.945,0.9449989203740196,0.9449833092414486,0.9898475227509214,0.13656512008107974,17.759055614471436,3.1078684329986572,ok,,8800,7040,0,2200,0.13484135270118713,True,0.1,False,16,1e-05,True,17.604473114013672,full_train_epoch_chunks,full train set chunked per epoch | validation=dataset_val_split | c_selection=f_mmd c_source=test c_metric=standardized_l2 | f_mmd_reserved_context=5% source=test | wise_ft_skipped rows=11000>=2000,30,1,epoch_chunk,accuracy,0.9471590909090909,0.9517045454545454,0.9471590909090909,0.9517045454545454,8,True,False,,f_mmd,test,standardized_l2,1.9859182395441877,0.282064076613461,,True
JapaneseVowels,/home/crc00006699/zh/tabiclv2/data184/JapaneseVowels,multiclass,7968,1594,1993,14,9,0.9984947315604616,0.998495213248016,0.9982538951569576,0.9999979667673572,0.003245781657325779,7.6080687046051025,2.552687644958496,ok,,7968,6374,0,1993,0.02064729481935501,True,0.1,False,8,1e-05,True,7.506271839141846,full_train_epoch_chunks,full train set chunked per epoch | validation=dataset_val_split | c_selection=f_mmd c_source=test c_metric=standardized_l2 | f_mmd_reserved_context=5% source=test | wise_ft_skipped rows=9961>=2000,30,1,epoch_chunk,accuracy,0.9968632371392723,0.9968632371392723,0.9968632371392723,0.9968632371392723,0,True,False,,f_mmd,test,standardized_l2,2.195606571922101,0.33185594910959193,,True
KDDCup09_upselling,/home/crc00006699/zh/tabiclv2/data184/KDDCup09_upselling,binclass,4102,821,1026,49,2,0.8167641325536062,0.815006771039134,0.8167641325536062,0.9121686064848062,0.3556032097601164,9.140460968017578,1.9303021430969238,ok,,4102,3281,0,1026,0.38278132677078247,True,0.1,False,8,1e-05,True,8.915858507156372,full_train_epoch_chunks,full train set chunked per epoch | validation=dataset_val_split | c_selection=f_mmd c_source=test c_metric=standardized_l2 | f_mmd_reserved_context=5% source=test | wise_ft_skipped rows=5128>=2000,30,1,epoch_chunk,accuracy,0.805115712545676,0.805115712545676,0.805115712545676,0.805115712545676,0,True,False,,f_mmd,test,standardized_l2,23.15187611125307,99.98503996918399,,True
MIC,/home/crc00006699/zh/tabiclv2/data184/MIC,binclass,1319,264,330,104,2,0.9121212121212121,0.902323174171188,0.7477335020029516,0.8890997259118701,0.25684898843802667,8.518033742904663,1.0649263858795166,ok,,1319,1055,0,330,0.2359631285071373,True,0.1,True,8,1e-05,True,8.259300947189331,full_train_epoch_chunks,full train set chunked per epoch | validation=dataset_val_split | c_selection=f_mmd c_source=test c_metric=standardized_l2 | f_mmd_reserved_context=5% source=test | wise_ft=alpha0.1 rows=1649<2000,30,1,epoch_chunk,accuracy,0.8787878787878788,0.8787878787878788,0.8787878787878788,0.8787878787878788,0,True,False,,f_mmd,test,standardized_l2,2494949752511.6045,2919085368573.2065,,True
Marketing_Campaign,/home/crc00006699/zh/tabiclv2/data184/Marketing_Campaign,binclass,1792,359,448,27,2,0.8928571428571429,0.8838374635568513,0.7217456026951855,0.9207505778195635,0.24553722259867392,7.166723251342773,0.6105828285217285,ok,,1792,1433,0,448,0.29290762543678284,True,0.1,False,17,1e-05,True,7.096147775650024,full_train_epoch_chunks,full train set chunked per epoch | validation=dataset_val_split | c_selection=f_mmd c_source=test c_metric=standardized_l2 | f_mmd_reserved_context=5% source=test | wise_ft_skipped rows=2240>=2000,30,1,epoch_chunk,accuracy,0.8857938718662952,0.8997214484679665,0.8857938718662952,0.8997214484679665,9,True,False,,f_mmd,test,standardized_l2,5.243853995006287,4.300549736090943,,True
National_Health_and_Nutrition_Health_Survey,/home/crc00006699/zh/tabiclv2/data184/National_Health_and_Nutrition_Health_Survey,binclass,1822,365,456,7,2,0.8377192982456141,0.8004305340557276,0.5596766694087771,0.7732393862441432,0.37967839805349113,4.868046045303345,0.4012289047241211,ok,,1822,1457,0,456,0.3737323135137558,True,0.1,False,18,1e-05,True,4.839959621429443,full_train_epoch_chunks,full train set chunked per epoch | validation=dataset_val_split | c_selection=f_mmd c_source=test c_metric=standardized_l2 | f_mmd_reserved_context=5% source=test | wise_ft_skipped rows=2278>=2000,30,1,epoch_chunk,accuracy,0.8547945205479452,0.8602739726027397,0.8547945205479452,0.8602739726027397,10,True,False,,f_mmd,test,standardized_l2,8.537261899240965,10.667354690902936,,True
PhishingWebsites,/home/crc00006699/zh/tabiclv2/data184/PhishingWebsites,binclass,8844,1769,2211,30,2,0.979194934418815,0.9791740177284344,0.9779870355940914,0.9985750758467481,0.048552398969591466,18.55741786956787,3.5760250091552734,ok,,8844,7075,0,2211,0.07163380086421967,True,0.1,False,13,1e-05,True,18.291520595550537,full_train_epoch_chunks,full train set chunked per epoch | validation=dataset_val_split | c_selection=f_mmd c_source=test c_metric=standardized_l2 | f_mmd_reserved_context=5% source=test | wise_ft_skipped rows=11055>=2000,30,1,epoch_chunk,accuracy,0.9756924816280385,0.9785189372526851,0.9756924816280385,0.9785189372526851,5,True,False,,f_mmd,test,standardized_l2,3.0044363137708614,0.42904201368070344,,True
Pima_Indians_Diabetes_Database,/home/crc00006699/zh/tabiclv2/data184/Pima_Indians_Diabetes_Database,binclass,614,123,154,8,2,0.7402597402597403,0.7313771134525852,0.6892592592592592,0.862037037037037,0.45712516401212694,3.507758378982544,0.300980806350708,ok,,614,491,0,154,0.41227415204048157,True,0.1,True,13,1e-05,True,3.4847028255462646,full_train_epoch_chunks,full train set chunked per epoch | validation=dataset_val_split | c_selection=f_mmd c_source=test c_metric=standardized_l2 | f_mmd_reserved_context=5% source=test | wise_ft=alpha0.1 rows=768<2000,30,1,epoch_chunk,accuracy,0.7804878048780488,0.7967479674796748,0.7804878048780488,0.7967479674796748,5,True,False,,f_mmd,test,standardized_l2,4.170886126569888,1.1361623471664024,,True
Pumpkin_Seeds,/home/crc00006699/zh/tabiclv2/data184/Pumpkin_Seeds,binclass,2000,400,500,12,2,0.874,0.8738274728054641,0.8729166666666667,0.9460416666666667,0.29898900973738113,3.472860097885132,0.5126492977142334,ok,,2000,1600,0,500,0.18645760416984558,True,0.1,False,10,1e-05,True,3.4366371631622314,full_train_epoch_chunks,full train set chunked per epoch | validation=dataset_val_split | c_selection=f_mmd c_source=test c_metric=standardized_l2 | f_mmd_reserved_context=5% source=test | wise_ft_skipped rows=2500>=2000,30,1,epoch_chunk,accuracy,0.8725,0.8775,0.8725,0.8775,2,True,False,,f_mmd,test,standardized_l2,3.9059742385061416,1.2309593081692012,,True
Rain_in_Australia,/home/crc00006699/zh/tabiclv2/data184/Rain_in_Australia,multiclass,116368,23274,29092,18,3,0.855046060772721,0.8466978110764356,0.6836024604136443,0.9094075754780286,0.36075286214565533,486.10814118385315,307.05364537239075,ok,,116368,93094,0,29092,0.3597371578216553,True,0.1,False,250,1e-05,True,484.4114890098572,full_train_epoch_chunks,full train set chunked per epoch | validation=dataset_val_split | c_selection=f_mmd c_source=test c_metric=standardized_l2 | f_mmd_reserved_context=5% source=test | wise_ft_skipped rows=145460>=2000,30,10,epoch_chunk,accuracy,0.8460084214144539,0.8510784566469021,0.8460084214144539,0.8510784566469021,17,True,False,,f_mmd,test,standardized_l2,3.066544989904409,3.60132572374016,,True
Shipping,/home/crc00006699/zh/tabiclv2/data184/Shipping,binclass,8799,1760,2200,9,2,0.6877272727272727,0.6808151698169957,0.7254314298513194,0.7402418993579214,0.5003086703391635,7.248891353607178,2.692495346069336,ok,,8799,7039,0,2200,0.5083901882171631,True,0.1,False,8,1e-05,True,7.163970947265625,full_train_epoch_chunks,full train set chunked per epoch | validation=dataset_val_split | c_selection=f_mmd c_source=test c_metric=standardized_l2 | f_mmd_reserved_context=5% source=test | wise_ft_skipped rows=10999>=2000,30,1,epoch_chunk,accuracy,0.6778409090909091,0.6778409090909091,0.6778409090909091,0.6778409090909091,0,True,False,,f_mmd,test,standardized_l2,2.270818489309199,0.4586166733842999,,True
VulNoneVul,/home/crc00006699/zh/tabiclv2/data184/VulNoneVul,binclass,4553,911,1139,16,2,0.9894644424934153,0.9842245601854183,0.5,0.8631691807157645,0.04797989623462793,5.071517705917358,1.373185157775879,ok,,4553,3642,0,1139,0.030719606205821037,True,0.1,False,8,1e-05,True,4.997927188873291,full_train_epoch_chunks,full train set chunked per epoch | validation=dataset_val_split | c_selection=f_mmd c_source=test c_metric=standardized_l2 | f_mmd_reserved_context=5% source=test | wise_ft_skipped rows=5692>=2000,30,1,epoch_chunk,accuracy,0.9890230515916575,0.9890230515916575,0.9890230515916575,0.9890230515916575,0,True,False,,f_mmd,test,standardized_l2,10.558260699854262,15.555495637622768,,True
Waterstress,/home/crc00006699/zh/tabiclv2/data184/Waterstress,binclass,950,190,238,22,2,0.7689075630252101,0.7687729104178088,0.7702014846235419,0.8393071756804524,0.4903781922408436,2.9370627403259277,0.5767128467559814,ok,,950,760,0,238,0.42929255962371826,True,0.1,True,8,1e-05,True,2.894531011581421,full_train_epoch_chunks,full train set chunked per epoch | validation=dataset_val_split | c_selection=f_mmd c_source=test c_metric=standardized_l2 | f_mmd_reserved_context=5% source=test | wise_ft=alpha0.1 rows=1188<2000,30,1,epoch_chunk,accuracy,0.7473684210526316,0.7473684210526316,0.7473684210526316,0.7473684210526316,0,True,False,,f_mmd,test,standardized_l2,4.578801312572221,1.1806652322809335,,True
abalone,/home/crc00006699/zh/tabiclv2/data184/abalone,multiclass,3341,669,836,8,3,0.6411483253588517,0.6449302215836206,0.6389551984230808,0.8291244734298541,0.7464302661310921,5.145367860794067,0.8094356060028076,ok,,3341,2672,0,836,0.7302730679512024,True,0.1,False,14,1e-05,True,5.103880882263184,full_train_epoch_chunks,full train set chunked per epoch | validation=dataset_val_split | c_selection=f_mmd c_source=test c_metric=standardized_l2 | f_mmd_reserved_context=5% source=test | wise_ft_skipped rows=4177>=2000,30,1,epoch_chunk,accuracy,0.6756352765321375,0.6890881913303438,0.6756352765321375,0.6890881913303438,6,True,False,,f_mmd,test,standardized_l2,5.15629399052212,7.388965350260179,,True
ada,/home/crc00006699/zh/tabiclv2/data184/ada,binclass,3317,664,830,48,2,0.8493975903614458,0.844460965109334,0.7697675504107543,0.90846713965646,0.3259545224944722,11.97515320777893,1.4814202785491943,ok,,3317,2653,0,830,0.3180060237646103,True,0.1,False,15,1e-05,True,11.842448472976685,full_train_epoch_chunks,full train set chunked per epoch | validation=dataset_val_split | c_selection=f_mmd c_source=test c_metric=standardized_l2 | f_mmd_reserved_context=5% source=test | wise_ft_skipped rows=4147>=2000,30,1,epoch_chunk,accuracy,0.8659638554216867,0.8689759036144579,0.8659638554216867,0.8689759036144579,7,True,False,,f_mmd,test,standardized_l2,415726876111.47,4776338167304.483,,True
ada_prior,/home/crc00006699/zh/tabiclv2/data184/ada_prior,binclass,3649,730,913,14,2,0.8389923329682366,0.8299237173337689,0.7395840022604385,0.8867661602085768,0.35575232556069203,4.4535746574401855,1.0359351634979248,ok,,3649,2919,0,913,0.3410480171442032,True,0.1,False,8,1e-05,True,4.386248350143433,full_train_epoch_chunks,full train set chunked per epoch | validation=dataset_val_split | c_selection=f_mmd c_source=test c_metric=standardized_l2 | f_mmd_reserved_context=5% source=test | wise_ft_skipped rows=4562>=2000,30,1,epoch_chunk,accuracy,0.8410958904109589,0.8410958904109589,0.8410958904109589,0.8410958904109589,0,True,False,,f_mmd,test,standardized_l2,3.360482379662278,2.3191427667938544,,True
airlines_seed_0_nrows_2000_nclasses_10_ncols_100_stratify_True,/home/crc00006699/zh/tabiclv2/data184/airlines_seed_0_nrows_2000_nclasses_10_ncols_100_stratify_True,binclass,1600,320,400,7,2,0.61,0.5927708316528192,0.5879643688632453,0.6588470492964875,0.6353024526478432,5.873382091522217,0.3635876178741455,ok,,1600,1280,0,400,0.6425191164016724,True,0.1,False,19,1e-05,True,5.841017246246338,full_train_epoch_chunks,full train set chunked per epoch | validation=dataset_val_split | c_selection=f_mmd c_source=test c_metric=standardized_l2 | f_mmd_reserved_context=5% source=test | wise_ft_skipped rows=2000>=2000,30,1,epoch_chunk,accuracy,0.609375,0.65,0.609375,0.65,11,True,False,,f_mmd,test,standardized_l2,2.202457105591967,0.4402763890554239,,True
allrep,/home/crc00006699/zh/tabiclv2/data184/allrep,multiclass,3017,604,755,29,4,0.9854304635761589,0.9831416823013607,0.7198507827788649,0.9954164238877343,0.042677789010951005,9.574527025222778,1.0184290409088135,ok,,3017,2413,0,755,0.040651559829711914,True,0.1,False,17,1e-05,True,9.471408605575562,full_train_epoch_chunks,full train set chunked per epoch | validation=dataset_val_split | c_selection=f_mmd c_source=test c_metric=standardized_l2 | f_mmd_reserved_context=5% source=test | wise_ft_skipped rows=3772>=2000,30,1,epoch_chunk,accuracy,0.9850993377483444,0.9917218543046358,0.9850993377483444,0.9917218543046358,9,True,False,,f_mmd,test,standardized_l2,687945401713.0778,7536064296949.785,,True
artificial-characters,/home/crc00006699/zh/tabiclv2/data184/artificial-characters,multiclass,8174,1635,2044,7,10,0.899706457925636,0.89942669050958,0.891127500722758,0.9964681192116311,0.21411802222788792,10.151455163955688,2.3220174312591553,ok,,8174,6539,0,2044,0.38799868524074554,True,0.1,False,14,1e-05,True,10.083642959594727,full_train_epoch_chunks,full train set chunked per epoch | validation=dataset_val_split | c_selection=f_mmd c_source=test c_metric=standardized_l2 | f_mmd_reserved_context=5% source=test | wise_ft_skipped rows=10218>=2000,30,1,epoch_chunk,accuracy,0.7963302752293578,0.8385321100917431,0.7963302752293578,0.8385321100917431,6,True,False,,f_mmd,test,standardized_l2,3.3050585605959486,0.9687616399671903,,True
autoUniv-au7-1100,/home/crc00006699/zh/tabiclv2/data184/autoUniv-au7-1100,multiclass,880,176,220,12,5,0.4,0.3795940301309429,0.38228556246901585,0.7273762387323444,1.358275998422663,5.082066774368286,0.4766120910644531,ok,,880,704,0,220,1.225389540195465,True,0.1,True,19,1e-05,True,5.048047780990601,full_train_epoch_chunks,full train set chunked per epoch | validation=dataset_val_split | c_selection=f_mmd c_source=test c_metric=standardized_l2 | f_mmd_reserved_context=5% source=test | wise_ft=alpha0.1 rows=1100<2000,30,1,epoch_chunk,accuracy,0.42045454545454547,0.45454545454545453,0.42045454545454547,0.45454545454545453,11,True,False,,f_mmd,test,standardized_l2,1.5804263971158186,0.0858809798421328,,True
banknote_authentication,/home/crc00006699/zh/tabiclv2/data184/banknote_authentication,binclass,1097,220,275,4,2,0.5490909090909091,0.4006953633368727,0.49429443908711024,0.5116254151933998,0.6873687439711573,3.045987606048584,0.12994933128356934,ok,,1097,877,0,275,0.6773207485675812,True,0.1,True,12,1e-05,True,3.026489019393921,full_train_epoch_chunks,full train set chunked per epoch | validation=dataset_val_split | c_selection=f_mmd c_source=test c_metric=standardized_l2 | f_mmd_reserved_context=5% source=test | wise_ft=alpha0.1 rows=1372<2000,30,1,epoch_chunk,accuracy,0.5545454545454546,0.5727272727272728,0.5545454545454546,0.5727272727272728,4,True,False,,f_mmd,test,standardized_l2,4.310600397241112,1.26382239704713,,True
car-evaluation,/home/crc00006699/zh/tabiclv2/data184/car-evaluation,multiclass,1382,277,346,21,4,0.976878612716763,0.9771444454831775,0.9660566706021252,0.9991891453458193,0.055572686986390916,5.621686220169067,0.44557833671569824,ok,,1382,1105,0,346,0.005886854836717248,True,0.1,True,15,1e-05,True,5.560895681381226,full_train_epoch_chunks,full train set chunked per epoch | validation=dataset_val_split | c_selection=f_mmd c_source=test c_metric=standardized_l2 | f_mmd_reserved_context=5% source=test | wise_ft=alpha0.1 rows=1728<2000,30,1,epoch_chunk,accuracy,0.9747292418772563,1.0,0.9747292418772563,1.0,7,True,False,,f_mmd,test,standardized_l2,1.0626940286377762,0.006960782470040203,,True
cmc,/home/crc00006699/zh/tabiclv2/data184/cmc,multiclass,1178,236,295,9,3,0.5898305084745763,0.5851508503619965,0.5562268024954592,0.7610389214125859,0.87417292077407,3.920504570007324,0.29653024673461914,ok,,1178,942,0,295,0.9010191559791565,True,0.1,True,14,1e-05,True,3.887721538543701,full_train_epoch_chunks,full train set chunked per epoch | validation=dataset_val_split | c_selection=f_mmd c_source=test c_metric=standardized_l2 | f_mmd_reserved_context=5% source=test | wise_ft=alpha0.1 rows=1473<2000,30,1,epoch_chunk,accuracy,0.5338983050847458,0.538135593220339,0.5338983050847458,0.538135593220339,6,True,False,,f_mmd,test,standardized_l2,2.854445791707799,0.5620698218187837,,True
compass,/home/crc00006699/zh/tabiclv2/data184/compass,binclass,13315,2663,3329,17,2,0.8825473115049565,0.8825213398611416,0.8825428794178795,0.9515637632825131,0.270327302397785,37.474247217178345,5.331547975540161,ok,,13315,10652,0,3329,0.5961160659790039,True,0.1,False,44,1e-05,True,37.262643814086914,full_train_epoch_chunks,full train set chunked per epoch | validation=dataset_val_split | c_selection=f_mmd c_source=test c_metric=standardized_l2 | f_mmd_reserved_context=5% source=test | wise_ft_skipped rows=16644>=2000,30,2,epoch_chunk,accuracy,0.8133683815245963,0.8809613218174991,0.8133683815245963,0.8809613218174991,14,True,False,,f_mmd,test,standardized_l2,5.223260629557692,5.640205112214474,,True
contraceptive_method_choice,/home/crc00006699/zh/tabiclv2/data184/contraceptive_method_choice,multiclass,1178,236,295,9,3,0.6305084745762712,0.6231571284714218,0.5909249271848043,0.7971544568507599,0.8234084145278662,8.10684061050415,0.3006899356842041,ok,,1178,942,0,295,0.8739195168018341,True,0.1,True,30,1e-05,True,8.075462818145752,full_train_epoch_chunks,full train set chunked per epoch | validation=dataset_val_split | c_selection=f_mmd c_source=test c_metric=standardized_l2 | f_mmd_reserved_context=5% source=test | wise_ft=alpha0.1 rows=1473<2000,30,1,epoch_chunk,accuracy,0.5084745762711864,0.5423728813559322,0.5084745762711864,0.5423728813559322,23,False,False,,f_mmd,test,standardized_l2,2.5313867592940444,0.5033566163809212,,True
credit-g,/home/crc00006699/zh/tabiclv2/data184/credit-g,binclass,800,160,200,20,2,0.78,0.7611842105263158,0.680952380952381,0.8408333333333333,0.4460305535930374,6.560998916625977,0.4896430969238281,ok,,800,640,0,200,0.4930863082408905,True,0.1,True,21,1e-05,True,6.503772258758545,full_train_epoch_chunks,full train set chunked per epoch | validation=dataset_val_split | c_selection=f_mmd c_source=test c_metric=standardized_l2 | f_mmd_reserved_context=5% source=test | wise_ft=alpha0.1 rows=1000<2000,30,1,epoch_chunk,accuracy,0.74375,0.78125,0.74375,0.78125,13,True,False,,f_mmd,test,standardized_l2,2.5971271849374844,0.37324704105970186,,True
dabetes_130-us_hospitals,/home/crc00006699/zh/tabiclv2/data184/dabetes_130-us_hospitals,binclass,81412,16283,20354,20,2,0.6430677016802594,0.6382283665873715,0.6343944177193834,0.6979419292130572,0.6228260490079812,370.218768119812,120.29741215705872,ok,,81412,65129,0,20354,0.6213387250900269,True,0.1,False,210,1e-05,True,368.71478152275085,full_train_epoch_chunks,full train set chunked per epoch | validation=dataset_val_split | c_selection=f_mmd c_source=test c_metric=standardized_l2 | f_mmd_reserved_context=5% source=test | wise_ft_skipped rows=101766>=2000,30,7,epoch_chunk,accuracy,0.646870969723024,0.6518454830190997,0.646870969723024,0.6518454830190997,27,False,False,,f_mmd,test,standardized_l2,3.1882403332969935,7.454093537094822,,True
delta_ailerons,/home/crc00006699/zh/tabiclv2/data184/delta_ailerons,binclass,5703,1141,1426,5,2,0.9509116409537167,0.9509027202578744,0.9505502208584353,0.9815316142510461,0.16029658835110178,4.54615592956543,0.9292154312133789,ok,,5703,4562,0,1426,0.14684349298477173,True,0.1,False,8,1e-05,True,4.509366035461426,full_train_epoch_chunks,full train set chunked per epoch | validation=dataset_val_split | c_selection=f_mmd c_source=test c_metric=standardized_l2 | f_mmd_reserved_context=5% source=test | wise_ft_skipped rows=7129>=2000,30,1,epoch_chunk,accuracy,0.9456617002629273,0.9456617002629273,0.9456617002629273,0.9456617002629273,0,True,False,,f_mmd,test,standardized_l2,3.6576655796362503,1.1438445096906065,,True
dna,/home/crc00006699/zh/tabiclv2/data184/dna,multiclass,2548,510,638,180,3,0.9639498432601881,0.963910811306764,0.9582195904392456,0.9970022079680944,0.11229031465496327,44.00281620025635,3.1554722785949707,ok,,2548,2038,0,638,0.16989035159349442,True,0.1,False,21,1e-05,True,43.393176555633545,full_train_epoch_chunks,full train set chunked per epoch | validation=dataset_val_split | c_selection=f_mmd c_source=test c_metric=standardized_l2 | f_mmd_reserved_context=5% source=test | wise_ft_skipped rows=3186>=2000,30,1,epoch_chunk,accuracy,0.8941176470588236,0.9333333333333333,0.8941176470588236,0.9333333333333333,13,True,False,,f_mmd,test,standardized_l2,1.1780108593624985,0.03482472381639445,,True
dry_bean_dataset,/home/crc00006699/zh/tabiclv2/data184/dry_bean_dataset,multiclass,10888,2178,2723,16,7,0.9272860815277267,0.9272866062707887,0.9379032966846845,0.9959416361383033,0.18932008009835666,32.75921702384949,3.964024066925049,ok,,10888,8710,0,2723,0.1851440966129303,True,0.1,False,25,1e-05,True,32.59957313537598,full_train_epoch_chunks,full train set chunked per epoch | validation=dataset_val_split | c_selection=f_mmd c_source=test c_metric=standardized_l2 | f_mmd_reserved_context=5% source=test | wise_ft_skipped rows=13611>=2000,30,1,epoch_chunk,accuracy,0.9288337924701561,0.9329660238751147,0.9288337924701561,0.9329660238751147,17,True,False,,f_mmd,test,standardized_l2,5.742783700351929,2.145720719074438,,True
electricity,/home/crc00006699/zh/tabiclv2/data184/electricity,binclass,36249,7250,9063,8,2,0.9321416749420721,0.9321049985472103,0.930033980621229,0.9837255547826016,0.16240225593778054,103.02179479598999,26.587823152542114,ok,,36249,28999,0,9063,0.2642228752374649,True,0.1,False,90,1e-05,True,102.73538613319397,full_train_epoch_chunks,full train set chunked per epoch | validation=dataset_val_split | c_selection=f_mmd c_source=test c_metric=standardized_l2 | f_mmd_reserved_context=5% source=test | wise_ft_skipped rows=45312>=2000,30,3,epoch_chunk,accuracy,0.8990344827586206,0.9377931034482758,0.8990344827586206,0.9377931034482758,26,False,False,,f_mmd,test,standardized_l2,6.053094169866894,53.547123374843835,,True
eucalyptus,/home/crc00006699/zh/tabiclv2/data184/eucalyptus,multiclass,588,118,148,19,5,0.7162162162162162,0.7185827189885112,0.6961457147503659,0.9408081369281616,0.5946678752575948,6.286982297897339,0.37600183486938477,ok,,588,470,0,148,0.5737491250038147,True,0.1,True,20,1e-05,True,6.242729902267456,full_train_epoch_chunks,full train set chunked per epoch | validation=dataset_val_split | c_selection=f_mmd c_source=test c_metric=standardized_l2 | f_mmd_reserved_context=5% source=test | wise_ft=alpha0.1 rows=736<2000,30,1,epoch_chunk,accuracy,0.7203389830508474,0.7627118644067796,0.7203389830508474,0.7627118644067796,12,True,False,,f_mmd,test,standardized_l2,3.6102483652277426,5.765886056923073,,True
eye_movements_bin,/home/crc00006699/zh/tabiclv2/data184/eye_movements_bin,binclass,6086,1218,1522,20,2,0.6780551905387647,0.6778944495121211,0.6780551905387648,0.7659314720067136,0.5656111183324728,24.988621950149536,2.0249550342559814,ok,,6086,4868,0,1522,0.536302775144577,True,0.1,False,30,1e-05,True,24.862622022628784,full_train_epoch_chunks,full train set chunked per epoch | validation=dataset_val_split | c_selection=f_mmd c_source=test c_metric=standardized_l2 | f_mmd_reserved_context=5% source=test | wise_ft_skipped rows=7608>=2000,30,1,epoch_chunk,accuracy,0.6149425287356322,0.7183908045977011,0.6149425287356322,0.7183908045977011,27,False,False,,f_mmd,test,standardized_l2,7.7557790691942285,5.221569339889184,,True
golf_play_dataset_extended,/home/crc00006699/zh/tabiclv2/data184/golf_play_dataset_extended,binclass,876,176,219,9,2,0.9360730593607306,0.9360730593607306,0.9036818296054285,0.97939180698668,0.1493295569530068,2.5171287059783936,0.4401552677154541,ok,,876,700,0,219,0.11722547560930252,True,0.1,True,8,1e-05,True,2.4863271713256836,full_train_epoch_chunks,full train set chunked per epoch | validation=dataset_val_split | c_selection=f_mmd c_source=test c_metric=standardized_l2 | f_mmd_reserved_context=5% source=test | wise_ft=alpha0.1 rows=1095<2000,30,1,epoch_chunk,accuracy,0.9147727272727273,0.9147727272727273,0.9147727272727273,0.9147727272727273,0,True,False,,f_mmd,test,standardized_l2,4.822633304434,0.18197627933569765,,True
hill-valley,/home/crc00006699/zh/tabiclv2/data184/hill-valley,binclass,969,194,243,100,2,0.9300411522633745,0.9300269312992893,0.9299891613602493,0.9815743124237908,0.23220480264764204,14.563092947006226,0.7993464469909668,ok,,969,775,0,243,0.20389068126678467,True,0.1,True,21,1e-05,True,14.421862840652466,full_train_epoch_chunks,full train set chunked per epoch | validation=dataset_val_split | c_selection=f_mmd c_source=test c_metric=standardized_l2 | f_mmd_reserved_context=5% source=test | wise_ft=alpha0.1 rows=1212<2000,30,1,epoch_chunk,accuracy,0.8608247422680413,0.9020618556701031,0.8608247422680413,0.9020618556701031,13,True,False,,f_mmd,test,standardized_l2,10.408316818988588,6.637803755726,,True
htru,/home/crc00006699/zh/tabiclv2/data184/htru,binclass,14318,2864,3580,8,2,0.979608938547486,0.9794231459363397,0.9298386733867339,0.986654085290853,0.06529179297179533,11.505316019058228,5.29462742805481,ok,,14318,11454,0,3580,0.07686975970864296,True,0.1,False,16,1e-05,True,11.405367851257324,full_train_epoch_chunks,full train set chunked per epoch | validation=dataset_val_split | c_selection=f_mmd c_source=test c_metric=standardized_l2 | f_mmd_reserved_context=5% source=test | wise_ft_skipped rows=17898>=2000,30,2,epoch_chunk,accuracy,0.9793994413407822,0.9793994413407822,0.9793994413407822,0.9793994413407822,0,True,False,,f_mmd,test,standardized_l2,8.423732365700445,3.6144633274029365,,True
in_vehicle_coupon_recommendation,/home/crc00006699/zh/tabiclv2/data184/in_vehicle_coupon_recommendation,binclass,10147,2030,2537,21,2,0.7938510051241624,0.7924640175644927,0.7847016130564475,0.8626143927447291,0.4555180031358874,28.08495593070984,3.829068422317505,ok,,10147,8117,0,2537,0.4854162633419037,True,0.1,False,21,1e-05,True,27.836091995239258,full_train_epoch_chunks,full train set chunked per epoch | validation=dataset_val_split | c_selection=f_mmd c_source=test c_metric=standardized_l2 | f_mmd_reserved_context=5% source=test | wise_ft_skipped rows=12684>=2000,30,1,epoch_chunk,accuracy,0.7502463054187192,0.7669950738916256,0.7502463054187192,0.7669950738916256,13,True,False,,f_mmd,test,standardized_l2,1.4574786005071252,0.09561869761033114,,True
jasmine,/home/crc00006699/zh/tabiclv2/data184/jasmine,binclass,2387,478,597,144,2,0.8157453936348409,0.8137695653637542,0.8159188345940607,0.8791721846872125,0.39067906862120194,22.565495014190674,2.5661206245422363,ok,,2387,1909,0,597,0.39721250534057617,True,0.1,False,13,1e-05,True,22.088900089263916,full_train_epoch_chunks,full train set chunked per epoch | validation=dataset_val_split | c_selection=f_mmd c_source=test c_metric=standardized_l2 | f_mmd_reserved_context=5% source=test | wise_ft_skipped rows=2984>=2000,30,1,epoch_chunk,accuracy,0.8347280334728033,0.8451882845188284,0.8347280334728033,0.8451882845188284,5,True,False,,f_mmd,test,standardized_l2,138165547175.4543,1346671173825.972,,True
jungle_chess_2pcs_raw_endgame_complete,/home/crc00006699/zh/tabiclv2/data184/jungle_chess_2pcs_raw_endgame_complete,multiclass,35855,7171,8964,6,3,0.9692101740294511,0.9691022941372981,0.9504277983625945,0.9973293580129555,0.10559959897532403,90.2584080696106,25.075276374816895,ok,,35855,28684,0,8964,0.09945929795503616,True,0.1,False,84,1e-05,True,90.07619500160217,full_train_epoch_chunks,full train set chunked per epoch | validation=dataset_val_split | c_selection=f_mmd c_source=test c_metric=standardized_l2 | f_mmd_reserved_context=5% source=test | wise_ft_skipped rows=44819>=2000,30,3,epoch_chunk,accuracy,0.8761678984799889,0.9873099986054944,0.8761678984799889,0.9873099986054944,20,True,False,,f_mmd,test,standardized_l2,1.6842624684719274,0.11883262554714244,,True
kdd_ipums_la_97-small,/home/crc00006699/zh/tabiclv2/data184/kdd_ipums_la_97-small,binclass,4150,830,1038,20,2,0.8882466281310212,0.8877360742309872,0.8882466281310213,0.9491611629003456,0.2600279127581474,16.786288499832153,1.3045375347137451,ok,,4150,3320,0,1038,0.23741353303194046,True,0.1,False,29,1e-05,True,16.704546689987183,full_train_epoch_chunks,full train set chunked per epoch | validation=dataset_val_split | c_selection=f_mmd c_source=test c_metric=standardized_l2 | f_mmd_reserved_context=5% source=test | wise_ft_skipped rows=5188>=2000,30,1,epoch_chunk,accuracy,0.8819277108433735,0.8903614457831325,0.8819277108433735,0.8903614457831325,21,True,False,,f_mmd,test,standardized_l2,2.8931288887307236,0.6358918142972032,,True
law-school-admission-bianry,/home/crc00006699/zh/tabiclv2/data184/law-school-admission-bianry,binclass,16640,3328,4160,11,2,1.0,1.0,1.0,0.9999999999999999,2.0246978907240926e-07,14.21702265739441,6.91478157043457,ok,,16640,13312,0,4160,4.5018613836766974e-10,True,0.1,False,16,1e-05,True,14.049557447433472,full_train_epoch_chunks,full train set chunked per epoch | validation=dataset_val_split | c_selection=f_mmd c_source=test c_metric=standardized_l2 | f_mmd_reserved_context=5% source=test | wise_ft_skipped rows=20800>=2000,30,2,epoch_chunk,accuracy,1.0,1.0,1.0,1.0,0,True,False,,f_mmd,test,standardized_l2,3.112586008945274,0.8474250258118484,,True
led7,/home/crc00006699/zh/tabiclv2/data184/led7,multiclass,2560,512,640,7,10,0.7375,0.732956703091858,0.7358894125883456,0.9588580534926845,0.7864695209938726,2.8927507400512695,0.6266658306121826,ok,,2560,2048,0,640,0.8153526484966278,True,0.1,False,8,1e-05,True,2.8554799556732178,full_train_epoch_chunks,full train set chunked per epoch | validation=dataset_val_split | c_selection=f_mmd c_source=test c_metric=standardized_l2 | f_mmd_reserved_context=5% source=test | wise_ft_skipped rows=3200>=2000,30,1,epoch_chunk,accuracy,0.728515625,0.728515625,0.728515625,0.728515625,0,True,False,,f_mmd,test,standardized_l2,1.8215096776673145,0.13693282591017317,,True
mammography,/home/crc00006699/zh/tabiclv2/data184/mammography,binclass,8946,1790,2237,6,2,0.9901654000894055,0.9894161898194523,0.8260077451152966,0.9846505896849146,0.03255252062869602,9.43068814277649,1.9831082820892334,ok,,8946,7156,0,2237,0.04301486350595951,True,0.1,False,12,1e-05,True,9.360918045043945,full_train_epoch_chunks,full train set chunked per epoch | validation=dataset_val_split | c_selection=f_mmd c_source=test c_metric=standardized_l2 | f_mmd_reserved_context=5% source=test | wise_ft_skipped rows=11183>=2000,30,1,epoch_chunk,accuracy,0.9871508379888269,0.988268156424581,0.9871508379888269,0.988268156424581,4,True,False,,f_mmd,test,standardized_l2,7.970916834701689,14.781896406581865,,True
mfeat-factors,/home/crc00006699/zh/tabiclv2/data184/mfeat-factors,multiclass,1600,320,400,216,10,0.9725,0.9724636647318544,0.9724999999999999,0.9996111111111112,0.09398388361913378,21.243642330169678,2.3626389503479004,ok,,1600,1280,0,400,0.023969183675944805,True,0.1,False,13,1e-05,True,20.869384050369263,full_train_epoch_chunks,full train set chunked per epoch | validation=dataset_val_split | c_selection=f_mmd c_source=test c_metric=standardized_l2 | f_mmd_reserved_context=5% source=test | wise_ft_skipped rows=2000>=2000,30,1,epoch_chunk,accuracy,0.984375,0.9875,0.984375,0.9875,5,True,False,,f_mmd,test,standardized_l2,1.7975999419873252,0.20741116812291652,,True
mfeat-karhunen,/home/crc00006699/zh/tabiclv2/data184/mfeat-karhunen,multiclass,1600,320,400,64,10,0.97,0.9700533699164964,0.97,0.9996944444444444,0.11144715660223475,5.5045859813690186,0.9553806781768799,ok,,1600,1280,0,400,0.00874193711206317,True,0.1,False,8,1e-05,True,5.38445258140564,full_train_epoch_chunks,full train set chunked per epoch | validation=dataset_val_split | c_selection=f_mmd c_source=test c_metric=standardized_l2 | f_mmd_reserved_context=5% source=test | wise_ft_skipped rows=2000>=2000,30,1,epoch_chunk,accuracy,0.975,0.975,0.975,0.975,0,True,False,,f_mmd,test,standardized_l2,1.4833980234349975,0.08353374997855788,,True
mfeat-pixel,/home/crc00006699/zh/tabiclv2/data184/mfeat-pixel,multiclass,1600,320,400,240,10,0.9725,0.9723868926672207,0.9724999999999999,0.9995347222222222,0.12568454651101932,24.18783473968506,2.679574728012085,ok,,1600,1280,0,400,0.05361918546259403,True,0.1,False,11,1e-05,True,23.535759687423706,full_train_epoch_chunks,full train set chunked per epoch | validation=dataset_val_split | c_selection=f_mmd c_source=test c_metric=standardized_l2 | f_mmd_reserved_context=5% source=test | wise_ft_skipped rows=2000>=2000,30,1,epoch_chunk,accuracy,0.971875,0.978125,0.971875,0.978125,3,True,False,,f_mmd,test,standardized_l2,1.4547364797647881,0.08515444540497863,,True
mice_protein_expression,/home/crc00006699/zh/tabiclv2/data184/mice_protein_expression,multiclass,864,173,216,75,8,1.0,1.0,1.0,1.0,1.5392895698625134e-05,4.973345994949341,0.6319591999053955,ok,,864,691,0,216,0.00011201613233424723,True,0.1,True,8,1e-05,True,4.860368967056274,full_train_epoch_chunks,full train set chunked per epoch | validation=dataset_val_split | c_selection=f_mmd c_source=test c_metric=standardized_l2 | f_mmd_reserved_context=5% source=test | wise_ft=alpha0.1 rows=1080<2000,30,1,epoch_chunk,accuracy,1.0,1.0,1.0,1.0,0,True,False,,f_mmd,test,standardized_l2,2.7442066627269504,0.7115219973976314,,True
mobile_c36_oversampling,/home/crc00006699/zh/tabiclv2/data184/mobile_c36_oversampling,binclass,41408,8282,10352,6,2,0.9923686244204019,0.9923667952833657,0.9917637432896019,0.9992632801258304,0.026007999127054877,83.3288140296936,25.36394739151001,ok,,41408,33126,0,10352,0.07934467867016792,True,0.1,False,88,1e-05,True,83.14399409294128,full_train_epoch_chunks,full train set chunked per epoch | validation=dataset_val_split | c_selection=f_mmd c_source=test c_metric=standardized_l2 | f_mmd_reserved_context=5% source=test | wise_ft_skipped rows=51760>=2000,30,4,epoch_chunk,accuracy,0.9904612412460758,0.9940835546969331,0.9904612412460758,0.9940835546969331,14,True,False,,f_mmd,test,standardized_l2,3.6527846337416428,1.0369087279793834,,True
national-longitudinal-survey-binary,/home/crc00006699/zh/tabiclv2/data184/national-longitudinal-survey-binary,binclass,3926,786,982,16,2,0.9989816700610998,0.998981399253474,0.9986522911051212,1.0,0.0027783280908104642,8.664809226989746,1.1556711196899414,ok,,3926,3140,0,982,0.00409621000289917,True,0.1,False,16,1e-05,True,8.583870887756348,full_train_epoch_chunks,full train set chunked per epoch | validation=dataset_val_split | c_selection=f_mmd c_source=test c_metric=standardized_l2 | f_mmd_reserved_context=5% source=test | wise_ft_skipped rows=4908>=2000,30,1,epoch_chunk,accuracy,0.9961832061068703,0.9987277353689568,0.9961832061068703,0.9987277353689568,8,True,False,,f_mmd,test,standardized_l2,2.4959155878246557,0.4043416212163684,,True
online_shoppers,/home/crc00006699/zh/tabiclv2/data184/online_shoppers,binclass,9864,1973,2466,14,2,0.9055150040551501,0.9013372992809797,0.7805443619298369,0.9280104712041884,0.23038319761414208,25.807955026626587,3.3505842685699463,ok,,9864,7891,0,2466,0.22375722229480743,True,0.1,False,24,1e-05,True,25.662947416305542,full_train_epoch_chunks,full train set chunked per epoch | validation=dataset_val_split | c_selection=f_mmd c_source=test c_metric=standardized_l2 | f_mmd_reserved_context=5% source=test | wise_ft_skipped rows=12330>=2000,30,1,epoch_chunk,accuracy,0.9011657374556513,0.9072478459199189,0.9011657374556513,0.9072478459199189,16,True,False,,f_mmd,test,standardized_l2,3.5098644981147675,2.6976528776557407,,True
ozone-level-8hr,/home/crc00006699/zh/tabiclv2/data184/ozone-level-8hr,binclass,2027,406,507,72,2,0.9526627218934911,0.9438411998460645,0.668717105263158,0.9411184210526315,0.12773108986373302,12.616081476211548,1.2084271907806396,ok,,2027,1621,0,507,0.14736654609441757,True,0.1,False,16,1e-05,True,12.456888914108276,full_train_epoch_chunks,full train set chunked per epoch | validation=dataset_val_split | c_selection=f_mmd c_source=test c_metric=standardized_l2 | f_mmd_reserved_context=5% source=test | wise_ft_skipped rows=2534>=2000,30,1,epoch_chunk,accuracy,0.9458128078817734,0.9532019704433498,0.9458128078817734,0.9532019704433498,8,True,False,,f_mmd,test,standardized_l2,3.640077308972662,1.068289197665083,,True
page-blocks,/home/crc00006699/zh/tabiclv2/data184/page-blocks,multiclass,4378,876,1095,10,5,0.9780821917808219,0.9779714901485753,0.9082259634694505,0.9932602490964012,0.08611261670042804,4.088781356811523,1.2619788646697998,ok,,4378,3502,0,1095,0.07487118616700172,True,0.1,False,8,1e-05,True,4.0374205112457275,full_train_epoch_chunks,full train set chunked per epoch | validation=dataset_val_split | c_selection=f_mmd c_source=test c_metric=standardized_l2 | f_mmd_reserved_context=5% source=test | wise_ft_skipped rows=5473>=2000,30,1,epoch_chunk,accuracy,0.9748858447488584,0.9748858447488584,0.9748858447488584,0.9748858447488584,0,True,False,,f_mmd,test,standardized_l2,12.757393955219287,30.614221119910603,,True
pc3,/home/crc00006699/zh/tabiclv2/data184/pc3,binclass,1250,250,313,37,2,0.9009584664536742,0.8623569270071921,0.529470640569395,0.8441948398576512,0.25885711329279065,5.279433012008667,0.5428822040557861,ok,,1250,1000,0,313,0.20686743408441544,True,0.1,True,10,1e-05,True,5.203656196594238,full_train_epoch_chunks,full train set chunked per epoch | validation=dataset_val_split | c_selection=f_mmd c_source=test c_metric=standardized_l2 | f_mmd_reserved_context=5% source=test | wise_ft=alpha0.1 rows=1563<2000,30,1,epoch_chunk,accuracy,0.884,0.888,0.884,0.888,2,True,False,,f_mmd,test,standardized_l2,21.944132975148765,53.81827503926654,,True
pendigits,/home/crc00006699/zh/tabiclv2/data184/pendigits,multiclass,8793,1759,2199,16,10,0.9968167348794906,0.9968214347753577,0.9967942217347213,0.9997308690592739,0.01327706540694097,8.69007921218872,2.94655704498291,ok,,8793,7034,0,2199,0.0023155396920628846,True,0.1,False,8,1e-05,True,8.562426090240479,full_train_epoch_chunks,full train set chunked per epoch | validation=dataset_val_split | c_selection=f_mmd c_source=test c_metric=standardized_l2 | f_mmd_reserved_context=5% source=test | wise_ft_skipped rows=10992>=2000,30,1,epoch_chunk,accuracy,0.9971574758385446,0.9971574758385446,0.9971574758385446,0.9971574758385446,0,True,False,,f_mmd,test,standardized_l2,2.1886864949826115,0.5111119886651195,,True
pol,/home/crc00006699/zh/tabiclv2/data184/pol,binclass,8065,1613,2017,26,2,0.9866137828458106,0.9866136446486237,0.9866155001809115,0.9992901190869476,0.035137026748601,29.82362937927246,3.035352945327759,ok,,8065,6452,0,2017,0.042581889778375626,True,0.1,False,27,1e-05,True,29.66806936264038,full_train_epoch_chunks,full train set chunked per epoch | validation=dataset_val_split | c_selection=f_mmd c_source=test c_metric=standardized_l2 | f_mmd_reserved_context=5% source=test | wise_ft_skipped rows=10082>=2000,30,1,epoch_chunk,accuracy,0.9727216367017979,0.9838809671419715,0.9727216367017979,0.9838809671419715,19,True,False,,f_mmd,test,standardized_l2,7.999090254317198,3.5220047343063365,,True
rice_cammeo_and_osmancik,/home/crc00006699/zh/tabiclv2/data184/rice_cammeo_and_osmancik,binclass,3048,610,762,7,2,0.9278215223097113,0.9276850607572794,0.9245440986097822,0.976550627567963,0.19461835926819623,5.066119909286499,0.6542901992797852,ok,,3048,2438,0,762,0.17844649404287338,True,0.1,False,16,1e-05,True,5.03484320640564,full_train_epoch_chunks,full train set chunked per epoch | validation=dataset_val_split | c_selection=f_mmd c_source=test c_metric=standardized_l2 | f_mmd_reserved_context=5% source=test | wise_ft_skipped rows=3810>=2000,30,1,epoch_chunk,accuracy,0.9311475409836065,0.9377049180327869,0.9311475409836065,0.9377049180327869,8,True,False,,f_mmd,test,standardized_l2,3.6443531270621783,0.9587593970818028,,True
rl,/home/crc00006699/zh/tabiclv2/data184/rl,binclass,3976,796,994,12,2,0.8541247484909457,0.8540820675739841,0.8541247484909458,0.93552664072969,0.3265250665579542,10.991543292999268,1.044919490814209,ok,,3976,3180,0,994,0.35366958379745483,True,0.1,False,24,1e-05,True,10.927919149398804,full_train_epoch_chunks,full train set chunked per epoch | validation=dataset_val_split | c_selection=f_mmd c_source=test c_metric=standardized_l2 | f_mmd_reserved_context=5% source=test | wise_ft_skipped rows=4970>=2000,30,1,epoch_chunk,accuracy,0.8203517587939698,0.8693467336683417,0.8203517587939698,0.8693467336683417,16,True,False,,f_mmd,test,standardized_l2,4.331501638673813,1.352529392666789,,True
segment,/home/crc00006699/zh/tabiclv2/data184/segment,multiclass,1848,370,462,17,7,0.9393939393939394,0.939313620537529,0.9393939393939394,0.996561939743758,0.16025442726079547,6.332412958145142,0.5354185104370117,ok,,1848,1478,0,462,0.15624643862247467,True,0.1,False,18,1e-05,True,6.286015748977661,full_train_epoch_chunks,full train set chunked per epoch | validation=dataset_val_split | c_selection=f_mmd c_source=test c_metric=standardized_l2 | f_mmd_reserved_context=5% source=test | wise_ft_skipped rows=2310>=2000,30,1,epoch_chunk,accuracy,0.9378378378378378,0.9459459459459459,0.9378378378378378,0.9459459459459459,10,True,False,,f_mmd,test,standardized_l2,4.673877413366435,6.964756634065661,,True
semeion,/home/crc00006699/zh/tabiclv2/data184/semeion,multiclass,1274,255,319,256,10,0.9592476489028213,0.9598591421099522,0.9592741935483872,0.9984958256840633,0.1391741557888233,25.718173027038574,2.3536624908447266,ok,,1274,1019,0,319,0.24152014404535294,True,0.1,True,14,1e-05,True,25.14925241470337,full_train_epoch_chunks,full train set chunked per epoch | validation=dataset_val_split | c_selection=f_mmd c_source=test c_metric=standardized_l2 | f_mmd_reserved_context=5% source=test | wise_ft=alpha0.1 rows=1593<2000,30,1,epoch_chunk,accuracy,0.9019607843137255,0.9137254901960784,0.9019607843137255,0.9137254901960784,6,True,False,,f_mmd,test,standardized_l2,1.2567126074262522,0.06929877566380972,,True
shrutime,/home/crc00006699/zh/tabiclv2/data184/shrutime,binclass,8000,1600,2000,10,2,0.869,0.8570928734365365,0.7210802998132563,0.876928992606994,0.31525505368051365,10.674833536148071,2.4013757705688477,ok,,8000,6400,0,2000,0.34268970787525177,True,0.1,False,13,1e-05,True,10.577978134155273,full_train_epoch_chunks,full train set chunked per epoch | validation=dataset_val_split | c_selection=f_mmd c_source=test c_metric=standardized_l2 | f_mmd_reserved_context=5% source=test | wise_ft_skipped rows=10000>=2000,30,1,epoch_chunk,accuracy,0.865,0.87125,0.865,0.87125,5,True,False,,f_mmd,test,standardized_l2,1.9791497335783608,0.38213652407372756,,True
spambase,/home/crc00006699/zh/tabiclv2/data184/spambase,binclass,3680,736,921,57,2,0.9609120521172638,0.9609306564288757,0.9595589324328326,0.99089131787079,0.11871208232169096,12.911705255508423,1.8353590965270996,ok,,3680,2944,0,921,0.10424535721540451,True,0.1,False,13,1e-05,True,12.74025583267212,full_train_epoch_chunks,full train set chunked per epoch | validation=dataset_val_split | c_selection=f_mmd c_source=test c_metric=standardized_l2 | f_mmd_reserved_context=5% source=test | wise_ft_skipped rows=4601>=2000,30,1,epoch_chunk,accuracy,0.9578804347826086,0.9592391304347826,0.9578804347826086,0.9592391304347826,5,True,False,,f_mmd,test,standardized_l2,14.631184390913333,18.71321975494622,,True
sports_articles_for_objectivity_analysis,/home/crc00006699/zh/tabiclv2/data184/sports_articles_for_objectivity_analysis,binclass,800,160,200,59,2,0.85,0.8473262032085561,0.8236436198899795,0.8919210441160608,0.39835965723083416,4.790129661560059,0.8196249008178711,ok,,800,640,0,200,0.40355610847473145,True,0.1,True,8,1e-05,True,4.6848907470703125,full_train_epoch_chunks,full train set chunked per epoch | validation=dataset_val_split | c_selection=f_mmd c_source=test c_metric=standardized_l2 | f_mmd_reserved_context=5% source=test | wise_ft=alpha0.1 rows=1000<2000,30,1,epoch_chunk,accuracy,0.8375,0.8375,0.8375,0.8375,0,True,False,,f_mmd,test,standardized_l2,339513540762.88995,1890331392914.6987,,True
steel_plates_faults,/home/crc00006699/zh/tabiclv2/data184/steel_plates_faults,multiclass,1552,311,389,27,7,0.8329048843187661,0.8326079918440118,0.8706820551118798,0.9777675626861005,0.4053501144817769,8.691137313842773,0.5506784915924072,ok,,1552,1241,0,389,0.37161925435066223,True,0.1,True,21,1e-05,True,8.626148462295532,full_train_epoch_chunks,full train set chunked per epoch | validation=dataset_val_split | c_selection=f_mmd c_source=test c_metric=standardized_l2 | f_mmd_reserved_context=5% source=test | wise_ft=alpha0.1 rows=1941<2000,30,1,epoch_chunk,accuracy,0.77491961414791,0.8102893890675241,0.77491961414791,0.8102893890675241,13,True,False,,f_mmd,test,standardized_l2,2.849300401863275,1.7893977597474855,,True
sylvine,/home/crc00006699/zh/tabiclv2/data184/sylvine,binclass,4099,820,1025,20,2,0.9726829268292683,0.9726805865783265,0.9726924189814814,0.9973463389376218,0.06965203893839818,11.745742797851562,1.2797539234161377,ok,,4099,3279,0,1025,0.053202537819743156,True,0.1,False,20,1e-05,True,11.658065557479858,full_train_epoch_chunks,full train set chunked per epoch | validation=dataset_val_split | c_selection=f_mmd c_source=test c_metric=standardized_l2 | f_mmd_reserved_context=5% source=test | wise_ft_skipped rows=5124>=2000,30,1,epoch_chunk,accuracy,0.9658536585365853,0.9792682926829268,0.9658536585365853,0.9792682926829268,12,True,False,,f_mmd,test,standardized_l2,2.4997594629152973,0.48356287619367,,True
telco-customer-churn,/home/crc00006699/zh/tabiclv2/data184/telco-customer-churn,binclass,5634,1127,1409,18,2,0.8026969481902059,0.7950336470471807,0.7145767134258183,0.8501240021700379,0.4109722142080904,7.945071458816528,1.7905864715576172,ok,,5634,4507,0,1409,0.40703919529914856,True,0.1,False,10,1e-05,True,7.817962884902954,full_train_epoch_chunks,full train set chunked per epoch | validation=dataset_val_split | c_selection=f_mmd c_source=test c_metric=standardized_l2 | f_mmd_reserved_context=5% source=test | wise_ft_skipped rows=7043>=2000,30,1,epoch_chunk,accuracy,0.8172138420585625,0.8181011535048802,0.8172138420585625,0.8181011535048802,2,True,False,,f_mmd,test,standardized_l2,1.713291805771265,0.09639316813578595,,True
thyroid-ann,/home/crc00006699/zh/tabiclv2/data184/thyroid-ann,multiclass,3017,604,755,21,3,0.990728476821192,0.9906266834044902,0.9288694515658774,0.9994363909396321,0.020274672676061693,6.773395299911499,0.9357736110687256,ok,,3017,2413,0,755,0.0068787080235779285,True,0.1,False,14,1e-05,True,6.707237720489502,full_train_epoch_chunks,full train set chunked per epoch | validation=dataset_val_split | c_selection=f_mmd c_source=test c_metric=standardized_l2 | f_mmd_reserved_context=5% source=test | wise_ft_skipped rows=3772>=2000,30,1,epoch_chunk,accuracy,0.9900662251655629,0.9950331125827815,0.9900662251655629,0.9950331125827815,6,True,False,,f_mmd,test,standardized_l2,950019840460.8036,10406945933882.355,,True
turiye_student_evaluation,/home/crc00006699/zh/tabiclv2/data184/turiye_student_evaluation,multiclass,4656,932,1164,32,5,0.5257731958762887,0.4986951525751756,0.41775261229318905,0.7585798857679135,1.19843953407421,12.416566133499146,1.786691665649414,ok,,4656,3724,0,1164,1.1699395179748535,True,0.1,False,15,1e-05,True,12.278135538101196,full_train_epoch_chunks,full train set chunked per epoch | validation=dataset_val_split | c_selection=f_mmd c_source=test c_metric=standardized_l2 | f_mmd_reserved_context=5% source=test | wise_ft_skipped rows=5820>=2000,30,1,epoch_chunk,accuracy,0.5075107296137339,0.509656652360515,0.5075107296137339,0.509656652360515,7,True,False,,f_mmd,test,standardized_l2,2.5482760273953122,0.10500051321185407,,True
vehicle,/home/crc00006699/zh/tabiclv2/data184/vehicle,multiclass,676,136,170,18,4,0.8764705882352941,0.875526506899056,0.877435064935065,0.971445763437951,0.26437311636917127,6.659827947616577,0.38999509811401367,ok,,676,540,0,170,0.14623534679412842,True,0.1,True,25,1e-05,True,6.620279312133789,full_train_epoch_chunks,full train set chunked per epoch | validation=dataset_val_split | c_selection=f_mmd c_source=test c_metric=standardized_l2 | f_mmd_reserved_context=5% source=test | wise_ft=alpha0.1 rows=846<2000,30,1,epoch_chunk,accuracy,0.875,0.9117647058823529,0.875,0.9117647058823529,17,True,False,,f_mmd,test,standardized_l2,8.128469240664241,10.098560536286527,,True
water_quality,/home/crc00006699/zh/tabiclv2/data184/water_quality,binclass,6396,1280,1600,20,2,0.906875,0.894445640234127,0.6696825741254514,0.9097455788217423,0.2153561462253605,8.972911596298218,2.0158815383911133,ok,,6396,5116,0,1600,0.23758412897586823,True,0.1,False,12,1e-05,True,8.887837648391724,full_train_epoch_chunks,full train set chunked per epoch | validation=dataset_val_split | c_selection=f_mmd c_source=test c_metric=standardized_l2 | f_mmd_reserved_context=5% source=test | wise_ft_skipped rows=7996>=2000,30,1,epoch_chunk,accuracy,0.8984375,0.9,0.8984375,0.9,4,True,False,,f_mmd,test,standardized_l2,2.184871844324284,0.6855332423111686,,True
waveform_database_generator_version_1,/home/crc00006699/zh/tabiclv2/data184/waveform_database_generator_version_1,multiclass,4000,800,1000,21,3,0.865,0.8643761246974873,0.8648904824811616,0.972524396888235,0.29403021466068874,9.494639158248901,1.2637860774993896,ok,,4000,3200,0,1000,0.22645102441310883,True,0.1,False,16,1e-05,True,9.411776781082153,full_train_epoch_chunks,full train set chunked per epoch | validation=dataset_val_split | c_selection=f_mmd c_source=test c_metric=standardized_l2 | f_mmd_reserved_context=5% source=test | wise_ft_skipped rows=5000>=2000,30,1,epoch_chunk,accuracy,0.85375,0.8625,0.85375,0.8625,8,True,False,,f_mmd,test,standardized_l2,1.882549090208192,0.19793727054955831,,True
wine,/home/crc00006699/zh/tabiclv2/data184/wine,binclass,2043,409,511,4,2,0.7749510763209393,0.7740373723435575,0.775076593137255,0.8794117647058823,0.43975656832978777,3.0493757724761963,0.22371745109558105,ok,,2043,1634,0,511,0.4428919404745102,True,0.1,False,11,1e-05,True,3.0283467769622803,full_train_epoch_chunks,full train set chunked per epoch | validation=dataset_val_split | c_selection=f_mmd c_source=test c_metric=standardized_l2 | f_mmd_reserved_context=5% source=test | wise_ft_skipped rows=2554>=2000,30,1,epoch_chunk,accuracy,0.8092909535452323,0.8215158924205379,0.8092909535452323,0.8215158924205379,3,True,False,,f_mmd,test,standardized_l2,2.8824947638964247,0.9327613221191888,,True
wine-quality-white,/home/crc00006699/zh/tabiclv2/data184/wine-quality-white,multiclass,3918,784,980,11,7,0.6857142857142857,0.6774575632794454,0.4029066171923314,0.9099765957243428,0.756474254101334,4.729178190231323,1.0306532382965088,ok,,3918,3134,0,980,0.7824980020523071,True,0.1,False,10,1e-05,True,4.67595100402832,full_train_epoch_chunks,full train set chunked per epoch | validation=dataset_val_split | c_selection=f_mmd c_source=test c_metric=standardized_l2 | f_mmd_reserved_context=5% source=test | wise_ft_skipped rows=4898>=2000,30,1,epoch_chunk,accuracy,0.6747448979591837,0.6760204081632653,0.6747448979591837,0.6760204081632653,2,True,False,,f_mmd,test,standardized_l2,3.673236654260074,3.411157006688522,,True
