dataset_name,dataset_dir,task_type,n_train,n_val,n_test,n_features,n_classes,accuracy,f1,balanced_accuracy,roc_auc,log_loss,fit_seconds,predict_seconds,status,error,n_train_a,n_train_b,n_holdout_c,n_test_d,ttt_loss,ttt_steps,ttt_lr,ttt_applied,ttt_update_seconds,ttt_epochs,ttt_chunks_per_epoch,ttt_val_eval_metric,ttt_val_baseline_metric,ttt_val_best_metric,ttt_val_baseline_accuracy,ttt_val_best_accuracy,ttt_best_epoch,ttt_stopped_early,ttt_oom_fallback,ttt_fallback_reason,ttt_split_strategy,ttt_split_reason
OpenML-ID-1049,/home/crc00006699/zh/tabiclv2/openml_cc18/OpenML-ID-1049,binclass,1166,234,292,37,2,0.9178082191780822,0.9145482433153665,0.7740885416666667,0.9547526041666666,0.19664154273502246,31.931241750717163,0.537461519241333,ok,,1166,932,0,292,0.2346302352110204,8,5e-06,True,30.651686191558838,30,5,accuracy,0.9188034188034188,0.9188034188034188,0.9188034188034188,0.9188034188034188,0,True,False,,full_train_epoch_chunks,full train set chunked per epoch | validation=dataset_val_split
OpenML-ID-1050,/home/crc00006699/zh/tabiclv2/openml_cc18/OpenML-ID-1050,binclass,1250,250,313,37,2,0.9009584664536742,0.8670917428274079,0.54331628113879,0.8258451957295374,0.2702577181050565,52.48600697517395,0.5523293018341064,ok,,1250,1000,0,313,0.2971749722957611,16,5e-06,True,51.41242837905884,30,5,accuracy,0.876,0.892,0.876,0.892,8,True,False,,full_train_epoch_chunks,full train set chunked per epoch | validation=dataset_val_split
OpenML-ID-1053,/home/crc00006699/zh/tabiclv2/openml_cc18/OpenML-ID-1053,binclass,8708,1742,2177,21,2,0.8135048231511254,0.7720967281751572,0.5710864413290841,0.7369473647189952,0.43366398422801683,328.3752830028534,2.9049184322357178,ok,,8708,6966,0,2177,0.452785767976354,16,5e-06,True,325.0984482765198,30,35,accuracy,0.8134328358208955,0.8163030998851895,0.8134328358208955,0.8163030998851895,8,True,False,,full_train_epoch_chunks,full train set chunked per epoch | validation=dataset_val_split
OpenML-ID-1063,/home/crc00006699/zh/tabiclv2/openml_cc18/OpenML-ID-1063,binclass,417,84,105,21,2,0.8285714285714286,0.8134646962233169,0.6744249726177437,0.7532858707557503,0.45441885838247176,20.767216444015503,0.20967936515808105,ok,,417,333,0,105,0.38740994022773195,16,5e-06,True,20.08745527267456,30,2,accuracy,0.8571428571428571,0.8690476190476191,0.8571428571428571,0.8690476190476191,8,True,False,,full_train_epoch_chunks,full train set chunked per epoch | validation=dataset_val_split
OpenML-ID-1067,/home/crc00006699/zh/tabiclv2/openml_cc18/OpenML-ID-1067,binclass,1687,338,422,21,2,0.8720379146919431,0.859632325197436,0.6789915966386555,0.8546864899806076,0.30580742994800375,33.17660641670227,0.47656893730163574,ok,,1687,1349,0,422,0.3932897055299305,8,5e-06,True,32.33307695388794,30,7,accuracy,0.878698224852071,0.878698224852071,0.878698224852071,0.878698224852071,0,True,False,,full_train_epoch_chunks,full train set chunked per epoch | validation=dataset_val_split
OpenML-ID-1068,/home/crc00006699/zh/tabiclv2/openml_cc18/OpenML-ID-1068,binclass,887,178,222,21,2,0.9504504504504504,0.9433222337280998,0.6951690821256038,0.9064412238325282,0.15243596528835762,20.18243384361267,0.2585127353668213,ok,,887,709,0,222,0.20303415562773625,8,5e-06,True,19.545145988464355,30,4,accuracy,0.9550561797752809,0.9550561797752809,0.9550561797752809,0.9550561797752809,0,True,False,,full_train_epoch_chunks,full train set chunked per epoch | validation=dataset_val_split
OpenML-ID-11,/home/crc00006699/zh/tabiclv2/openml_cc18/OpenML-ID-11,multiclass,500,100,125,4,3,0.976,0.9773894682840228,0.9826577939100626,0.9973703471416334,0.09856344312707109,10.489156246185303,0.1677842140197754,ok,,500,400,0,125,0.2498113326728344,8,5e-06,True,9.98951005935669,30,2,accuracy,0.97,0.97,0.97,0.97,0,True,False,,full_train_epoch_chunks,full train set chunked per epoch | validation=dataset_val_split
OpenML-ID-12,/home/crc00006699/zh/tabiclv2/openml_cc18/OpenML-ID-12,multiclass,0,0,0,0,0,,,,,,0.0,0.0,fail,"OutOfMemoryError: CUDA out of memory. Tried to allocate 20.00 MiB. GPU 0 has a total capacity of 23.57 GiB of which 10.00 MiB is free. Process 63688 has 23.55 GiB memory in use. Of the allocated memory 22.74 GiB is allocated by PyTorch, and 477.16 MiB is reserved by PyTorch but unallocated. If reserved but unallocated memory is large try setting PYTORCH_CUDA_ALLOC_CONF=expandable_segments:True to avoid fragmentation.  See documentation for Memory Management  (https://pytorch.org/docs/stable/notes/cuda.html#environment-variables)",0,0,0,0,,0,,False,0.0,0,0,,,,,,0,False,False,,,
OpenML-ID-14,/home/crc00006699/zh/tabiclv2/openml_cc18/OpenML-ID-14,multiclass,1600,320,400,76,10,0.8925,0.8913097376350789,0.8925000000000001,0.9913680555555556,0.24126957060889317,45.813167333602905,1.4942433834075928,ok,,1600,1280,0,400,0.5398191167041659,8,5e-06,True,43.248438596725464,30,7,accuracy,0.8875,0.8875,0.8875,0.8875,0,True,False,,full_train_epoch_chunks,full train set chunked per epoch | validation=dataset_val_split
OpenML-ID-1461,/home/crc00006699/zh/tabiclv2/openml_cc18/OpenML-ID-1461,binclass,36168,7234,9043,16,2,0.9135242729182793,0.9102883231342752,0.7567062770104154,0.9389132269508162,0.1915862822289388,830.7691614627838,23.84427785873413,ok,,36168,28934,0,9043,0.2927337725316755,24,5e-06,True,806.3159852027893,30,145,accuracy,0.9120818357755046,0.9120818357755046,0.9120818357755046,0.9120818357755046,0,True,False,,full_train_epoch_chunks,full train set chunked per epoch | validation=dataset_val_split
OpenML-ID-1462,/home/crc00006699/zh/tabiclv2/openml_cc18/OpenML-ID-1462,binclass,1097,220,275,4,2,1.0,1.0,1.0,1.0,2.689551797274888e-05,22.605899572372437,0.17122650146484375,ok,,1097,877,0,275,0.0038783483476958905,8,5e-06,True,22.1679470539093,30,5,accuracy,1.0,1.0,1.0,1.0,0,True,False,,full_train_epoch_chunks,full train set chunked per epoch | validation=dataset_val_split
OpenML-ID-1464,/home/crc00006699/zh/tabiclv2/openml_cc18/OpenML-ID-1464,binclass,598,120,150,4,2,0.8133333333333334,0.7962040467369621,0.6776315789473685,0.7828947368421052,0.45950560258473916,14.608882188796997,0.1773989200592041,ok,,598,478,0,150,0.4951712648738877,8,5e-06,True,14.188750743865967,30,3,accuracy,0.7833333333333333,0.7833333333333333,0.7833333333333333,0.7833333333333333,0,True,False,,full_train_epoch_chunks,full train set chunked per epoch | validation=dataset_val_split
OpenML-ID-1468,/home/crc00006699/zh/tabiclv2/openml_cc18/OpenML-ID-1468,multiclass,0,0,0,0,0,,,,,,0.0,0.0,fail,"OutOfMemoryError: CUDA out of memory. Tried to allocate 20.00 MiB. GPU 0 has a total capacity of 23.57 GiB of which 14.00 MiB is free. Process 63688 has 23.55 GiB memory in use. Of the allocated memory 23.05 GiB is allocated by PyTorch, and 151.13 MiB is reserved by PyTorch but unallocated. If reserved but unallocated memory is large try setting PYTORCH_CUDA_ALLOC_CONF=expandable_segments:True to avoid fragmentation.  See documentation for Memory Management  (https://pytorch.org/docs/stable/notes/cuda.html#environment-variables)",0,0,0,0,,0,,False,0.0,0,0,,,,,,0,False,False,,,
OpenML-ID-1475,/home/crc00006699/zh/tabiclv2/openml_cc18/OpenML-ID-1475,multiclass,4894,979,1224,51,6,0.6356209150326797,0.6116075833745042,0.49190524034857513,0.8489157406550919,1.0597204743164177,146.1848726272583,9.51167106628418,ok,,4894,3915,0,1224,1.4720853064708783,10,5e-06,True,135.67732501029968,30,20,accuracy,0.6200204290091931,0.6220633299284984,0.6200204290091931,0.6220633299284984,2,True,False,,full_train_epoch_chunks,full train set chunked per epoch | validation=dataset_val_split
OpenML-ID-1478,/home/crc00006699/zh/tabiclv2/openml_cc18/OpenML-ID-1478,multiclass,0,0,0,0,0,,,,,,0.0,0.0,fail,"OutOfMemoryError: CUDA out of memory. Tried to allocate 5.16 GiB. GPU 0 has a total capacity of 23.57 GiB of which 2.31 GiB is free. Process 63688 has 21.25 GiB memory in use. Of the allocated memory 15.48 GiB is allocated by PyTorch, and 5.42 GiB is reserved by PyTorch but unallocated. If reserved but unallocated memory is large try setting PYTORCH_CUDA_ALLOC_CONF=expandable_segments:True to avoid fragmentation.  See documentation for Memory Management  (https://pytorch.org/docs/stable/notes/cuda.html#environment-variables)",0,0,0,0,,0,,False,0.0,0,0,,,,,,0,False,False,,,
OpenML-ID-1480,/home/crc00006699/zh/tabiclv2/openml_cc18/OpenML-ID-1480,binclass,466,94,117,10,2,0.7008547008547008,0.6709183423454246,0.5721119773210489,0.7072997873848335,0.545144159392151,11.65307903289795,0.1833798885345459,ok,,466,372,0,117,0.5011089008341554,8,5e-06,True,10.773422479629517,30,2,accuracy,0.7340425531914894,0.7340425531914894,0.7340425531914894,0.7340425531914894,0,True,False,,full_train_epoch_chunks,full train set chunked per epoch | validation=dataset_val_split
OpenML-ID-1485,/home/crc00006699/zh/tabiclv2/openml_cc18/OpenML-ID-1485,binclass,0,0,0,0,0,,,,,,0.0,0.0,fail,"OutOfMemoryError: CUDA out of memory. Tried to allocate 12.00 MiB. GPU 0 has a total capacity of 23.57 GiB of which 2.00 MiB is free. Process 63688 has 23.56 GiB memory in use. Of the allocated memory 23.12 GiB is allocated by PyTorch, and 89.37 MiB is reserved by PyTorch but unallocated. If reserved but unallocated memory is large try setting PYTORCH_CUDA_ALLOC_CONF=expandable_segments:True to avoid fragmentation.  See documentation for Memory Management  (https://pytorch.org/docs/stable/notes/cuda.html#environment-variables)",0,0,0,0,,0,,False,0.0,0,0,,,,,,0,False,False,,,
OpenML-ID-1486,/home/crc00006699/zh/tabiclv2/openml_cc18/OpenML-ID-1486,binclass,0,0,0,0,0,,,,,,0.0,0.0,fail,"OutOfMemoryError: CUDA out of memory. Tried to allocate 3.18 GiB. GPU 0 has a total capacity of 23.57 GiB of which 1.30 GiB is free. Process 63688 has 22.26 GiB memory in use. Of the allocated memory 17.29 GiB is allocated by PyTorch, and 4.62 GiB is reserved by PyTorch but unallocated. If reserved but unallocated memory is large try setting PYTORCH_CUDA_ALLOC_CONF=expandable_segments:True to avoid fragmentation.  See documentation for Memory Management  (https://pytorch.org/docs/stable/notes/cuda.html#environment-variables)",0,0,0,0,,0,,False,0.0,0,0,,,,,,0,False,False,,,
OpenML-ID-1487,/home/crc00006699/zh/tabiclv2/openml_cc18/OpenML-ID-1487,binclass,2027,406,507,72,2,0.9566074950690335,0.9497347691327623,0.699967105263158,0.9416447368421053,0.1266755005452377,55.1875216960907,1.6417181491851807,ok,,2027,1621,0,507,0.19141262159312233,8,5e-06,True,52.818279504776,30,9,accuracy,0.9556650246305419,0.9556650246305419,0.9556650246305419,0.9556650246305419,0,True,False,,full_train_epoch_chunks,full train set chunked per epoch | validation=dataset_val_split
OpenML-ID-1489,/home/crc00006699/zh/tabiclv2/openml_cc18/OpenML-ID-1489,binclass,4323,865,1081,5,2,0.9010175763182239,0.9001985245771006,0.8727579401126397,0.9596016317901794,0.23295181366585996,154.6971037387848,0.45868945121765137,ok,,4323,3458,0,1081,0.37450873205398394,16,5e-06,True,153.96187376976013,30,18,accuracy,0.9144508670520232,0.9179190751445087,0.9144508670520232,0.9179190751445087,8,True,False,,full_train_epoch_chunks,full train set chunked per epoch | validation=dataset_val_split
OpenML-ID-1494,/home/crc00006699/zh/tabiclv2/openml_cc18/OpenML-ID-1494,binclass,844,169,211,41,2,0.8909952606635071,0.8890044360150116,0.8623239436619718,0.9517102615694164,0.258545915587276,22.578864574432373,0.573784351348877,ok,,844,675,0,211,0.4165935185220506,8,5e-06,True,21.199037313461304,30,4,accuracy,0.8757396449704142,0.8757396449704142,0.8757396449704142,0.8757396449704142,0,True,False,,full_train_epoch_chunks,full train set chunked per epoch | validation=dataset_val_split
OpenML-ID-1497,/home/crc00006699/zh/tabiclv2/openml_cc18/OpenML-ID-1497,multiclass,4364,873,1092,24,4,0.9945054945054945,0.9945188998691854,0.99467377860235,0.9999516222930469,0.01697033494606155,99.50104022026062,1.4176559448242188,ok,,4364,3491,0,1092,0.1882934038719657,9,5e-06,True,97.54871249198914,30,18,accuracy,0.993127147766323,0.9942726231386025,0.993127147766323,0.9942726231386025,1,True,False,,full_train_epoch_chunks,full train set chunked per epoch | validation=dataset_val_split
OpenML-ID-15,/home/crc00006699/zh/tabiclv2/openml_cc18/OpenML-ID-15,binclass,559,112,140,9,2,0.9571428571428572,0.9573446961202065,0.957427536231884,0.9945652173913043,0.10438991583098252,15.053558349609375,0.17438030242919922,ok,,559,447,0,140,0.08557709091461745,8,5e-06,True,14.526760816574097,30,3,accuracy,0.9464285714285714,0.9464285714285714,0.9464285714285714,0.9464285714285714,0,True,False,,full_train_epoch_chunks,full train set chunked per epoch | validation=dataset_val_split
OpenML-ID-1501,/home/crc00006699/zh/tabiclv2/openml_cc18/OpenML-ID-1501,multiclass,0,0,0,0,0,,,,,,0.0,0.0,fail,"OutOfMemoryError: CUDA out of memory. Tried to allocate 114.00 MiB. GPU 0 has a total capacity of 23.57 GiB of which 8.00 MiB is free. Process 63688 has 23.55 GiB memory in use. Of the allocated memory 21.84 GiB is allocated by PyTorch, and 1.36 GiB is reserved by PyTorch but unallocated. If reserved but unallocated memory is large try setting PYTORCH_CUDA_ALLOC_CONF=expandable_segments:True to avoid fragmentation.  See documentation for Memory Management  (https://pytorch.org/docs/stable/notes/cuda.html#environment-variables)",0,0,0,0,,0,,False,0.0,0,0,,,,,,0,False,False,,,
OpenML-ID-151,/home/crc00006699/zh/tabiclv2/openml_cc18/OpenML-ID-151,binclass,36249,7250,9063,8,2,0.9197837360697341,0.9197460879645672,0.9174564665336478,0.9779466316379067,0.20899526060831583,749.5404295921326,14.308801412582397,ok,,36249,28999,0,9063,0.48045717790956327,24,5e-06,True,734.7492160797119,30,145,accuracy,0.9235862068965517,0.9235862068965517,0.9235862068965517,0.9235862068965517,0,True,False,,full_train_epoch_chunks,full train set chunked per epoch | validation=dataset_val_split
OpenML-ID-1510,/home/crc00006699/zh/tabiclv2/openml_cc18/OpenML-ID-1510,binclass,455,91,114,30,2,0.9912280701754386,0.9912054752585661,0.9880952380952381,0.9983465608465609,0.042200666742770315,12.457424879074097,0.29609227180480957,ok,,455,364,0,114,0.20800381964379613,8,5e-06,True,11.605638265609741,30,2,accuracy,0.967032967032967,0.967032967032967,0.967032967032967,0.967032967032967,0,True,False,,full_train_epoch_chunks,full train set chunked per epoch | validation=dataset_val_split
OpenML-ID-1590,/home/crc00006699/zh/tabiclv2/openml_cc18/OpenML-ID-1590,binclass,39073,7815,9769,14,2,0.8736820554816256,0.8666409207650201,0.781536644111857,0.9279886504170274,0.277603344898699,1075.9627344608307,25.534693956375122,ok,,39073,31258,0,9769,0.42358826780736164,36,5e-06,True,1049.782749414444,30,157,accuracy,0.8743442098528471,0.8751119641714651,0.8743442098528471,0.8751119641714651,1,True,False,,full_train_epoch_chunks,full train set chunked per epoch | validation=dataset_val_split
OpenML-ID-16,/home/crc00006699/zh/tabiclv2/openml_cc18/OpenML-ID-16,multiclass,1600,320,400,64,10,0.97,0.9698896289355224,0.97,0.9989722222222224,0.13605045417223022,47.792503118515015,1.224668025970459,ok,,1600,1280,0,400,0.18712109723128378,8,5e-06,True,45.56266784667969,30,7,accuracy,0.96875,0.96875,0.96875,0.96875,0,True,False,,full_train_epoch_chunks,full train set chunked per epoch | validation=dataset_val_split
OpenML-ID-18,/home/crc00006699/zh/tabiclv2/openml_cc18/OpenML-ID-18,multiclass,1600,320,400,6,10,0.75,0.7372065920254096,0.7500000000000001,0.9703055555555556,0.4998800869560306,61.30366349220276,0.2633059024810791,ok,,1600,1280,0,400,0.6948029603809118,14,5e-06,True,60.792147636413574,30,7,accuracy,0.75625,0.759375,0.75625,0.759375,6,True,False,,full_train_epoch_chunks,full train set chunked per epoch | validation=dataset_val_split
OpenML-ID-182,/home/crc00006699/zh/tabiclv2/openml_cc18/OpenML-ID-182,multiclass,5144,1029,1286,36,6,0.9261275272161742,0.9229435791258719,0.9005201479434831,0.9928373908108821,0.19313974553704796,120.40496182441711,2.4454619884490967,ok,,5144,4115,0,1286,0.3961497776997915,8,5e-06,True,117.17906427383423,30,21,accuracy,0.9154518950437318,0.9154518950437318,0.9154518950437318,0.9154518950437318,0,True,False,,full_train_epoch_chunks,full train set chunked per epoch | validation=dataset_val_split
OpenML-ID-188,/home/crc00006699/zh/tabiclv2/openml_cc18/OpenML-ID-188,multiclass,588,118,148,19,5,0.7297297297297297,0.7286053559795341,0.7036165385002595,0.9384045712782964,0.6150041204780152,18.664371013641357,0.2584104537963867,ok,,588,470,0,148,0.7706840659709687,8,5e-06,True,18.051642179489136,30,3,accuracy,0.7711864406779662,0.7711864406779662,0.7711864406779662,0.7711864406779662,0,True,False,,full_train_epoch_chunks,full train set chunked per epoch | validation=dataset_val_split
OpenML-ID-22,/home/crc00006699/zh/tabiclv2/openml_cc18/OpenML-ID-22,multiclass,1600,320,400,47,10,0.8275,0.8202070788616868,0.8274999999999999,0.9820069444444444,0.3048810384515221,42.981184244155884,1.0545482635498047,ok,,1600,1280,0,400,0.5658291233703494,8,5e-06,True,40.97120118141174,30,7,accuracy,0.80625,0.80625,0.80625,0.80625,0,True,False,,full_train_epoch_chunks,full train set chunked per epoch | validation=dataset_val_split
OpenML-ID-23,/home/crc00006699/zh/tabiclv2/openml_cc18/OpenML-ID-23,multiclass,1178,236,295,9,3,0.5898305084745763,0.5861173607986268,0.561046309070892,0.7659544187143622,0.8728051636321364,34.981796979904175,0.22388744354248047,ok,,1178,942,0,295,0.9186958856643386,11,5e-06,True,34.38325595855713,30,5,accuracy,0.5466101694915254,0.559322033898305,0.5466101694915254,0.559322033898305,3,True,False,,full_train_epoch_chunks,full train set chunked per epoch | validation=dataset_val_split
OpenML-ID-23381,/home/crc00006699/zh/tabiclv2/openml_cc18/OpenML-ID-23381,binclass,400,80,100,12,2,0.61,0.537065845206007,0.5488505747126436,0.6346469622331691,0.6569120576025831,15.918233394622803,0.2655150890350342,ok,,400,320,0,100,0.6689116507768631,10,5e-06,True,15.278212547302246,30,2,accuracy,0.6,0.6125,0.6,0.6125,2,True,False,,full_train_epoch_chunks,full train set chunked per epoch | validation=dataset_val_split
OpenML-ID-23517,/home/crc00006699/zh/tabiclv2/openml_cc18/OpenML-ID-23517,binclass,0,0,0,0,0,,,,,,0.0,0.0,fail,"OutOfMemoryError: CUDA out of memory. Tried to allocate 918.00 MiB. GPU 0 has a total capacity of 23.57 GiB of which 648.69 MiB is free. Process 63688 has 21.63 GiB memory in use. Process 13328 has 1.30 GiB memory in use. Of the allocated memory 1001.71 MiB is allocated by PyTorch, and 14.29 MiB is reserved by PyTorch but unallocated. If reserved but unallocated memory is large try setting PYTORCH_CUDA_ALLOC_CONF=expandable_segments:True to avoid fragmentation.  See documentation for Memory Management  (https://pytorch.org/docs/stable/notes/cuda.html#environment-variables)",0,0,0,0,,0,,False,0.0,0,0,,,,,,0,False,False,,,
OpenML-ID-28,/home/crc00006699/zh/tabiclv2/openml_cc18/OpenML-ID-28,multiclass,4496,900,1124,64,10,0.9937722419928826,0.9937640146816538,0.993765521793002,0.9999859388530388,0.01958183220139886,169.99308705329895,12.760828733444214,ok,,4496,3596,0,1124,0.23473593196494957,11,5e-06,True,156.50849056243896,30,18,accuracy,0.9877777777777778,0.99,0.9877777777777778,0.99,3,True,False,,full_train_epoch_chunks,full train set chunked per epoch | validation=dataset_val_split
OpenML-ID-29,/home/crc00006699/zh/tabiclv2/openml_cc18/OpenML-ID-29,binclass,552,111,138,15,2,0.8260869565217391,0.8266733861730884,0.8305301256120928,0.9107941239088779,0.3876945957266167,19.03289818763733,0.20148253440856934,ok,,552,441,0,138,0.4763297573779446,8,5e-06,True,18.378915309906006,30,3,accuracy,0.8468468468468469,0.8468468468468469,0.8468468468468469,0.8468468468468469,0,True,False,,full_train_epoch_chunks,full train set chunked per epoch | validation=dataset_val_split
OpenML-ID-3,/home/crc00006699/zh/tabiclv2/openml_cc18/OpenML-ID-3,binclass,2556,512,640,36,2,0.99375,0.9937507947687102,0.9938749951078236,0.9996477632969355,0.02213661537729426,72.15016651153564,0.894798755645752,ok,,2556,2044,0,640,0.13153814485045096,8,5e-06,True,70.62002372741699,30,11,accuracy,0.98828125,0.98828125,0.98828125,0.98828125,0,True,False,,full_train_epoch_chunks,full train set chunked per epoch | validation=dataset_val_split
OpenML-ID-300,/home/crc00006699/zh/tabiclv2/openml_cc18/OpenML-ID-300,multiclass,0,0,0,0,0,,,,,,0.0,0.0,fail,"OutOfMemoryError: CUDA out of memory. Tried to allocate 6.44 GiB. GPU 0 has a total capacity of 23.57 GiB of which 1.51 GiB is free. Process 63688 has 22.06 GiB memory in use. Of the allocated memory 15.24 GiB is allocated by PyTorch, and 6.46 GiB is reserved by PyTorch but unallocated. If reserved but unallocated memory is large try setting PYTORCH_CUDA_ALLOC_CONF=expandable_segments:True to avoid fragmentation.  See documentation for Memory Management  (https://pytorch.org/docs/stable/notes/cuda.html#environment-variables)",0,0,0,0,,0,,False,0.0,0,0,,,,,,0,False,False,,,
OpenML-ID-307,/home/crc00006699/zh/tabiclv2/openml_cc18/OpenML-ID-307,multiclass,792,159,198,12,11,0.9848484848484849,0.9848133123674918,0.9848484848484848,,9.544682963366578,2.8259830474853516,2.648271322250366,ok,,792,633,0,198,,0,5e-06,False,0.0005445480346679688,0,0,,,,,,0,False,False,,full_train_epoch_chunks,full train set chunked per epoch | validation=dataset_val_split | TTT skipped because n_classes=11 exceeds model max_classes=10
OpenML-ID-31,/home/crc00006699/zh/tabiclv2/openml_cc18/OpenML-ID-31,binclass,800,160,200,20,2,0.755,0.7417933379098427,0.6678571428571428,0.7885714285714286,0.49456333058224333,25.418243885040283,0.25582146644592285,ok,,800,640,0,200,0.5043117124587297,8,5e-06,True,24.751681566238403,30,4,accuracy,0.775,0.775,0.775,0.775,0,True,False,,full_train_epoch_chunks,full train set chunked per epoch | validation=dataset_val_split
OpenML-ID-32,/home/crc00006699/zh/tabiclv2/openml_cc18/OpenML-ID-32,multiclass,8793,1759,2199,16,10,0.9959072305593452,0.9959104961377458,0.9958463544361431,0.9995220306404654,0.01827984267525303,183.65281224250793,2.401566505432129,ok,,8793,7034,0,2199,0.21425363645995582,8,5e-06,True,180.7873466014862,30,36,accuracy,0.9960204661739624,0.9960204661739624,0.9960204661739624,0.9960204661739624,0,True,False,,full_train_epoch_chunks,full train set chunked per epoch | validation=dataset_val_split
OpenML-ID-37,/home/crc00006699/zh/tabiclv2/openml_cc18/OpenML-ID-37,binclass,614,123,154,8,2,0.7597402597402597,0.7568387094790126,0.7255555555555555,0.8185185185185185,0.5018539093878343,16.014124631881714,0.18931818008422852,ok,,614,491,0,154,0.5406036160871114,8,5e-06,True,15.598829746246338,30,3,accuracy,0.7886178861788617,0.7886178861788617,0.7886178861788617,0.7886178861788617,0,True,False,,full_train_epoch_chunks,full train set chunked per epoch | validation=dataset_val_split
OpenML-ID-38,/home/crc00006699/zh/tabiclv2/openml_cc18/OpenML-ID-38,binclass,3017,604,755,29,2,0.9920529801324504,0.9919702764045643,0.9551113018948918,0.9987428711596247,0.02287170398992328,75.09475708007812,0.9794802665710449,ok,,3017,2413,0,755,0.12957324028336256,8,5e-06,True,73.46528577804565,30,13,accuracy,0.9900662251655629,0.9900662251655629,0.9900662251655629,0.9900662251655629,0,True,False,,full_train_epoch_chunks,full train set chunked per epoch | validation=dataset_val_split
OpenML-ID-40499,/home/crc00006699/zh/tabiclv2/openml_cc18/OpenML-ID-40499,multiclass,4400,880,1100,40,11,0.9981818181818182,0.9981817954539772,0.9981818181818182,,13.559546103038423,26.108202695846558,25.898566961288452,ok,,4400,3520,0,1100,,0,5e-06,False,0.0006608963012695312,0,0,,,,,,0,False,False,,full_train_epoch_chunks,full train set chunked per epoch | validation=dataset_val_split | TTT skipped because n_classes=11 exceeds model max_classes=10
OpenML-ID-40668,/home/crc00006699/zh/tabiclv2/openml_cc18/OpenML-ID-40668,multiclass,0,0,0,0,0,,,,,,0.0,0.0,fail,"OutOfMemoryError: CUDA out of memory. Tried to allocate 1.55 GiB. GPU 0 has a total capacity of 23.57 GiB of which 1.29 GiB is free. Process 63688 has 22.27 GiB memory in use. Of the allocated memory 17.15 GiB is allocated by PyTorch, and 4.77 GiB is reserved by PyTorch but unallocated. If reserved but unallocated memory is large try setting PYTORCH_CUDA_ALLOC_CONF=expandable_segments:True to avoid fragmentation.  See documentation for Memory Management  (https://pytorch.org/docs/stable/notes/cuda.html#environment-variables)",0,0,0,0,,0,,False,0.0,0,0,,,,,,0,False,False,,,
OpenML-ID-40670,/home/crc00006699/zh/tabiclv2/openml_cc18/OpenML-ID-40670,multiclass,2548,510,638,180,3,0.9670846394984326,0.9672857710961952,0.9672349943364694,0.9972255460076479,0.09488980144083484,151.37831807136536,4.270456314086914,ok,,2548,2038,0,638,0.24961277535431986,8,5e-06,True,146.39759278297424,30,11,accuracy,0.9686274509803922,0.9686274509803922,0.9686274509803922,0.9686274509803922,0,True,False,,full_train_epoch_chunks,full train set chunked per epoch | validation=dataset_val_split
OpenML-ID-40701,/home/crc00006699/zh/tabiclv2/openml_cc18/OpenML-ID-40701,binclass,4000,800,1000,20,2,0.959,0.9575981307793487,0.8842502002163162,0.9240829267084437,0.15029806240721078,87.9061770439148,1.1854248046875,ok,,4000,3200,0,1000,0.3464854760095477,8,5e-06,True,86.12853670120239,30,16,accuracy,0.955,0.955,0.955,0.955,0,True,False,,full_train_epoch_chunks,full train set chunked per epoch | validation=dataset_val_split
OpenML-ID-40923,/home/crc00006699/zh/tabiclv2/openml_cc18/OpenML-ID-40923,multiclass,0,0,0,0,0,,,,,,0.0,0.0,fail,"OutOfMemoryError: CUDA out of memory. Tried to allocate 32.24 GiB. GPU 0 has a total capacity of 23.57 GiB of which 19.16 GiB is free. Process 63688 has 4.40 GiB memory in use. Of the allocated memory 3.94 GiB is allocated by PyTorch, and 110.43 MiB is reserved by PyTorch but unallocated. If reserved but unallocated memory is large try setting PYTORCH_CUDA_ALLOC_CONF=expandable_segments:True to avoid fragmentation.  See documentation for Memory Management  (https://pytorch.org/docs/stable/notes/cuda.html#environment-variables)",0,0,0,0,,0,,False,0.0,0,0,,,,,,0,False,False,,,
OpenML-ID-40927,/home/crc00006699/zh/tabiclv2/openml_cc18/OpenML-ID-40927,multiclass,0,0,0,0,0,,,,,,0.0,0.0,fail,"OutOfMemoryError: CUDA out of memory. Tried to allocate 82.40 GiB. GPU 0 has a total capacity of 23.57 GiB of which 5.11 GiB is free. Process 63688 has 18.45 GiB memory in use. Of the allocated memory 17.16 GiB is allocated by PyTorch, and 965.11 MiB is reserved by PyTorch but unallocated. If reserved but unallocated memory is large try setting PYTORCH_CUDA_ALLOC_CONF=expandable_segments:True to avoid fragmentation.  See documentation for Memory Management  (https://pytorch.org/docs/stable/notes/cuda.html#environment-variables)",0,0,0,0,,0,,False,0.0,0,0,,,,,,0,False,False,,,
OpenML-ID-40966,/home/crc00006699/zh/tabiclv2/openml_cc18/OpenML-ID-40966,multiclass,864,173,216,77,8,1.0,1.0,1.0,1.0,0.001267584017638486,32.01160526275635,0.8832364082336426,ok,,864,691,0,216,0.16666554503261438,8,5e-06,True,30.515711307525635,30,4,accuracy,1.0,1.0,1.0,1.0,0,True,False,,full_train_epoch_chunks,full train set chunked per epoch | validation=dataset_val_split
OpenML-ID-40975,/home/crc00006699/zh/tabiclv2/openml_cc18/OpenML-ID-40975,multiclass,1382,277,346,6,4,0.9855491329479769,0.9855028736807354,0.9699959131777314,0.9996890729665738,0.06280337047588788,56.31969738006592,0.25866150856018066,ok,,1382,1105,0,346,0.20478737219426427,13,5e-06,True,55.779196977615356,30,6,accuracy,0.9783393501805054,0.9855595667870036,0.9783393501805054,0.9855595667870036,5,True,False,,full_train_epoch_chunks,full train set chunked per epoch | validation=dataset_val_split
OpenML-ID-40978,/home/crc00006699/zh/tabiclv2/openml_cc18/OpenML-ID-40978,binclass,0,0,0,0,0,,,,,,0.0,0.0,fail,"OutOfMemoryError: CUDA out of memory. Tried to allocate 20.00 MiB. GPU 0 has a total capacity of 23.57 GiB of which 6.00 MiB is free. Process 63688 has 23.56 GiB memory in use. Of the allocated memory 23.16 GiB is allocated by PyTorch, and 41.98 MiB is reserved by PyTorch but unallocated. If reserved but unallocated memory is large try setting PYTORCH_CUDA_ALLOC_CONF=expandable_segments:True to avoid fragmentation.  See documentation for Memory Management  (https://pytorch.org/docs/stable/notes/cuda.html#environment-variables)",0,0,0,0,,0,,False,0.0,0,0,,,,,,0,False,False,,,
OpenML-ID-40979,/home/crc00006699/zh/tabiclv2/openml_cc18/OpenML-ID-40979,multiclass,0,0,0,0,0,,,,,,0.0,0.0,fail,"OutOfMemoryError: CUDA out of memory. Tried to allocate 20.00 MiB. GPU 0 has a total capacity of 23.57 GiB of which 14.00 MiB is free. Process 63688 has 23.55 GiB memory in use. Of the allocated memory 22.95 GiB is allocated by PyTorch, and 253.07 MiB is reserved by PyTorch but unallocated. If reserved but unallocated memory is large try setting PYTORCH_CUDA_ALLOC_CONF=expandable_segments:True to avoid fragmentation.  See documentation for Memory Management  (https://pytorch.org/docs/stable/notes/cuda.html#environment-variables)",0,0,0,0,,0,,False,0.0,0,0,,,,,,0,False,False,,,
OpenML-ID-40982,/home/crc00006699/zh/tabiclv2/openml_cc18/OpenML-ID-40982,multiclass,1552,311,389,27,7,0.8329048843187661,0.834333560229147,0.837329891402573,0.9742581291596907,0.4588001166316917,47.61337852478027,0.5117924213409424,ok,,1552,1241,0,389,0.6906622449396888,10,5e-06,True,46.70949697494507,30,7,accuracy,0.8167202572347267,0.8263665594855305,0.8167202572347267,0.8263665594855305,2,True,False,,full_train_epoch_chunks,full train set chunked per epoch | validation=dataset_val_split
OpenML-ID-40983,/home/crc00006699/zh/tabiclv2/openml_cc18/OpenML-ID-40983,binclass,3871,775,968,5,2,0.9865702479338843,0.986249389525482,0.9112781323480013,0.9980265367819953,0.026458060059613066,204.08851075172424,0.46810054779052734,ok,,3871,3096,0,968,0.03855765454268964,19,5e-06,True,203.2029676437378,30,16,accuracy,0.984516129032258,0.9870967741935484,0.984516129032258,0.9870967741935484,11,True,False,,full_train_epoch_chunks,full train set chunked per epoch | validation=dataset_val_split
OpenML-ID-40984,/home/crc00006699/zh/tabiclv2/openml_cc18/OpenML-ID-40984,multiclass,1848,370,462,16,7,0.9415584415584416,0.9416414109552739,0.9415584415584416,0.9969500196772924,0.14704313610461472,45.76152491569519,0.4071323871612549,ok,,1848,1478,0,462,0.27589262156912375,8,5e-06,True,44.80654859542847,30,8,accuracy,0.9513513513513514,0.9513513513513514,0.9513513513513514,0.9513513513513514,0,True,False,,full_train_epoch_chunks,full train set chunked per epoch | validation=dataset_val_split
OpenML-ID-40994,/home/crc00006699/zh/tabiclv2/openml_cc18/OpenML-ID-40994,binclass,432,87,108,18,2,0.9629629629629629,0.9580386610089581,0.7777777777777778,0.9001122334455668,0.15492959348683027,12.782007455825806,0.27417492866516113,ok,,432,345,0,108,0.2244870371144751,8,5e-06,True,11.88495683670044,30,2,accuracy,0.9540229885057471,0.9540229885057471,0.9540229885057471,0.9540229885057471,0,True,False,,full_train_epoch_chunks,full train set chunked per epoch | validation=dataset_val_split
OpenML-ID-40996,/home/crc00006699/zh/tabiclv2/openml_cc18/OpenML-ID-40996,multiclass,0,0,0,0,0,,,,,,0.0,0.0,fail,"OutOfMemoryError: CUDA out of memory. Tried to allocate 838.00 MiB. GPU 0 has a total capacity of 23.57 GiB of which 46.00 MiB is free. Process 63688 has 23.52 GiB memory in use. Of the allocated memory 22.98 GiB is allocated by PyTorch, and 193.26 MiB is reserved by PyTorch but unallocated. If reserved but unallocated memory is large try setting PYTORCH_CUDA_ALLOC_CONF=expandable_segments:True to avoid fragmentation.  See documentation for Memory Management  (https://pytorch.org/docs/stable/notes/cuda.html#environment-variables)",0,0,0,0,,0,,False,0.0,0,0,,,,,,0,False,False,,,
OpenML-ID-41027,/home/crc00006699/zh/tabiclv2/openml_cc18/OpenML-ID-41027,multiclass,35855,7171,8964,6,3,0.8669120928157072,0.8637338740554227,0.7862260495776056,0.9753606853410551,0.27102994322808505,892.5641276836395,11.06524133682251,ok,,35855,28684,0,8964,0.6521033830546059,27,5e-06,True,880.9743542671204,30,144,accuracy,0.8728210849253939,0.8736577883140427,0.8728210849253939,0.8736577883140427,1,True,False,,full_train_epoch_chunks,full train set chunked per epoch | validation=dataset_val_split
OpenML-ID-4134,/home/crc00006699/zh/tabiclv2/openml_cc18/OpenML-ID-4134,binclass,0,0,0,0,0,,,,,,0.0,0.0,fail,"OutOfMemoryError: CUDA out of memory. Tried to allocate 3.97 GiB. GPU 0 has a total capacity of 23.57 GiB of which 2.86 GiB is free. Process 63688 has 20.70 GiB memory in use. Of the allocated memory 14.77 GiB is allocated by PyTorch, and 5.58 GiB is reserved by PyTorch but unallocated. If reserved but unallocated memory is large try setting PYTORCH_CUDA_ALLOC_CONF=expandable_segments:True to avoid fragmentation.  See documentation for Memory Management  (https://pytorch.org/docs/stable/notes/cuda.html#environment-variables)",0,0,0,0,,0,,False,0.0,0,0,,,,,,0,False,False,,,
OpenML-ID-44,/home/crc00006699/zh/tabiclv2/openml_cc18/OpenML-ID-44,binclass,3680,736,921,57,2,0.9565689467969598,0.9565896182543063,0.9550119968008531,0.9908814439606228,0.11864683982995235,149.94030284881592,2.5616579055786133,ok,,3680,2944,0,921,0.21765191755864932,12,5e-06,True,146.70090699195862,30,15,accuracy,0.9633152173913043,0.9646739130434783,0.9633152173913043,0.9646739130434783,4,True,False,,full_train_epoch_chunks,full train set chunked per epoch | validation=dataset_val_split
OpenML-ID-4534,/home/crc00006699/zh/tabiclv2/openml_cc18/OpenML-ID-4534,binclass,8844,1769,2211,30,2,0.9701492537313433,0.9701192428277535,0.9688232563537194,0.9965558116016513,0.08123124755504536,376.36490631103516,3.0973026752471924,ok,,8844,7075,0,2211,0.2060116831700288,13,5e-06,True,372.8973181247711,30,36,accuracy,0.9621254946297343,0.963256076879593,0.9621254946297343,0.963256076879593,5,True,False,,full_train_epoch_chunks,full train set chunked per epoch | validation=dataset_val_split
OpenML-ID-4538,/home/crc00006699/zh/tabiclv2/openml_cc18/OpenML-ID-4538,multiclass,7898,1580,1975,32,5,0.7655696202531646,0.7620752707821384,0.7262180145962597,0.9419601897366023,0.666698557478418,203.50701546669006,9.89079213142395,ok,,7898,6318,0,1975,1.242293366415284,8,5e-06,True,193.09748482704163,30,32,accuracy,0.7449367088607595,0.7449367088607595,0.7449367088607595,0.7449367088607595,0,True,False,,full_train_epoch_chunks,full train set chunked per epoch | validation=dataset_val_split
OpenML-ID-458,/home/crc00006699/zh/tabiclv2/openml_cc18/OpenML-ID-458,multiclass,672,135,169,70,4,1.0,1.0,1.0,1.0,0.003653017197075698,23.546929597854614,0.6547784805297852,ok,,672,537,0,169,0.029593850283066655,8,5e-06,True,21.493306636810303,30,3,accuracy,1.0,1.0,1.0,1.0,0,True,False,,full_train_epoch_chunks,full train set chunked per epoch | validation=dataset_val_split
OpenML-ID-46,/home/crc00006699/zh/tabiclv2/openml_cc18/OpenML-ID-46,multiclass,2552,511,638,60,3,0.9639498432601881,0.9639716464973203,0.9581912962933045,0.9966693258816551,0.09591476290913246,187.22304153442383,1.855283498764038,ok,,2552,2041,0,638,0.1990773950880033,16,5e-06,True,184.67421865463257,30,11,accuracy,0.9667318982387475,0.9706457925636007,0.9667318982387475,0.9706457925636007,8,True,False,,full_train_epoch_chunks,full train set chunked per epoch | validation=dataset_val_split
OpenML-ID-469,/home/crc00006699/zh/tabiclv2/openml_cc18/OpenML-ID-469,multiclass,637,128,160,4,6,0.175,0.15109515614881314,0.1711031461569096,0.5627435366221115,1.7692734495029352,17.52876591682434,0.2740285396575928,ok,,637,509,0,160,1.747301644332751,8,5e-06,True,16.96343970298767,30,3,accuracy,0.21875,0.21875,0.21875,0.21875,0,True,False,,full_train_epoch_chunks,full train set chunked per epoch | validation=dataset_val_split
OpenML-ID-50,/home/crc00006699/zh/tabiclv2/openml_cc18/OpenML-ID-50,binclass,766,154,192,9,2,0.9739583333333334,0.9737089603283174,0.9626865671641791,1.0,0.061822989696350854,22.795058488845825,0.3168649673461914,ok,,766,612,0,192,0.15495789771765664,8,5e-06,True,21.942612648010254,30,4,accuracy,0.9935064935064936,0.9935064935064936,0.9935064935064936,0.9935064935064936,0,True,False,,full_train_epoch_chunks,full train set chunked per epoch | validation=dataset_val_split
OpenML-ID-54,/home/crc00006699/zh/tabiclv2/openml_cc18/OpenML-ID-54,multiclass,676,136,170,18,4,0.8294117647058824,0.826075526506899,0.8300865800865801,0.9577569782647908,0.31752244573530614,17.21202516555786,0.21556878089904785,ok,,676,540,0,170,0.4320380014401895,8,5e-06,True,16.458749055862427,30,3,accuracy,0.8308823529411765,0.8308823529411765,0.8308823529411765,0.8308823529411765,0,True,False,,full_train_epoch_chunks,full train set chunked per epoch | validation=dataset_val_split
OpenML-ID-554,/home/crc00006699/zh/tabiclv2/openml_cc18/OpenML-ID-554,multiclass,0,0,0,0,0,,,,,,0.0,0.0,fail,"OutOfMemoryError: CUDA out of memory. Tried to allocate 22.11 GiB. GPU 0 has a total capacity of 23.57 GiB of which 638.00 MiB is free. Process 63688 has 22.94 GiB memory in use. Of the allocated memory 22.28 GiB is allocated by PyTorch, and 315.92 MiB is reserved by PyTorch but unallocated. If reserved but unallocated memory is large try setting PYTORCH_CUDA_ALLOC_CONF=expandable_segments:True to avoid fragmentation.  See documentation for Memory Management  (https://pytorch.org/docs/stable/notes/cuda.html#environment-variables)",0,0,0,0,,0,,False,0.0,0,0,,,,,,0,False,False,,,
OpenML-ID-6,/home/crc00006699/zh/tabiclv2/openml_cc18/OpenML-ID-6,multiclass,16000,3200,4000,16,26,0.985,0.9849905178815187,0.9848871942350773,,11.15827699336101,225.32338404655457,225.08237767219543,ok,,16000,12800,0,4000,,0,5e-06,False,0.0011372566223144531,0,0,,,,,,0,False,False,,full_train_epoch_chunks,full train set chunked per epoch | validation=dataset_val_split | TTT skipped because n_classes=26 exceeds model max_classes=10
OpenML-ID-6332,/home/crc00006699/zh/tabiclv2/openml_cc18/OpenML-ID-6332,binclass,432,87,108,37,2,0.8888888888888888,0.8888888888888888,0.8863955119214586,0.9512622720897616,0.28412963435622096,16.321486711502075,0.25177597999572754,ok,,432,345,0,108,0.40531890288643213,8,5e-06,True,15.216057300567627,30,2,accuracy,0.7471264367816092,0.7471264367816092,0.7471264367816092,0.7471264367816092,0,True,False,,full_train_epoch_chunks,full train set chunked per epoch | validation=dataset_val_split
