dataset_name,dataset_dir,task_type,n_train,n_val,n_test,n_features,n_classes,accuracy,f1,balanced_accuracy,roc_auc,log_loss,fit_seconds,predict_seconds,status,error,n_train_a,n_train_b,n_holdout_c,n_test_d,ttt_loss,ttt_l2_sp_lambda,ttt_l2_sp_loss,ttt_ce_loss,ttt_total_loss,ttt_steps,ttt_lr,ttt_applied,ttt_update_seconds,ttt_split_strategy,ttt_split_reason,ttt_epochs,ttt_chunks_per_epoch,ttt_batch_mode,ttt_val_eval_metric,ttt_val_baseline_metric,ttt_val_best_metric,ttt_val_baseline_accuracy,ttt_val_best_accuracy,ttt_best_epoch,ttt_stopped_early,ttt_oom_fallback,ttt_fallback_reason
BNG(tic-tac-toe),/home/crc00006699/zh/tabiclv2/decrease_dataset/BNG(tic-tac-toe),binclass,31492,6299,7874,9,2,0.8141986283972568,0.81167650393623,0.783160643721905,0.8844822617623913,0.4026781613497016,132.09463810920715,36.23438262939453,ok,,31492,25193,0,7874,0.4245608896017074,0.0001,0.1164561584591865,0.4245492368936538,0.4245608896017074,57,1e-05,True,131.4464716911316,full_train_epoch_chunks,full train set chunked per epoch | validation=dataset_val_split,30,3,epoch_chunk,accuracy,0.8096523257659946,0.8115573900619146,0.8096523257659946,0.8115573900619146,11,True,False,
Contaminant-detection-in-packaged-cocoa-hazelnut-spread-jars-using-Microwaves-Sensing-and-Machine-Learning-9.0GHz(Urbinati),/home/crc00006699/zh/tabiclv2/decrease_dataset/Contaminant-detection-in-packaged-cocoa-hazelnut-spread-jars-using-Microwaves-Sensing-and-Machine-Learning-9.0GHz(Urbinati),binclass,1920,384,480,30,2,0.96875,0.9687585479270056,0.9692018909899888,0.9949422969966628,0.0922383126619527,31.601288318634037,1.8791484832763672,ok,,1920,1536,0,480,0.1185286119580268,0.0001,0.0582557655870914,0.118522785604,0.1185286119580268,22,1e-05,True,31.500037670135494,full_train_epoch_chunks,full train set chunked per epoch | validation=dataset_val_split,30,1,epoch_chunk,accuracy,0.9609375,0.9765625,0.9609375,0.9765625,14,True,False,
Contaminant-detection-in-packaged-cocoa-hazelnut-spread-jars-using-Microwaves-Sensing-and-Machine-Learning-9.5GHz(Urbinati),/home/crc00006699/zh/tabiclv2/decrease_dataset/Contaminant-detection-in-packaged-cocoa-hazelnut-spread-jars-using-Microwaves-Sensing-and-Machine-Learning-9.5GHz(Urbinati),binclass,1920,384,480,30,2,0.9604166666666668,0.9604261207781286,0.9607202447163516,0.9934649610678532,0.1022543430612749,26.390148639678955,2.10232162475586,ok,,1920,1536,0,480,0.1220332272350788,0.0001,0.0426655076444149,0.1220289580523967,0.1220332272350788,16,1e-05,True,26.223926305770878,full_train_epoch_chunks,full train set chunked per epoch | validation=dataset_val_split,30,1,epoch_chunk,accuracy,0.953125,0.9583333333333334,0.953125,0.9583333333333334,8,True,False,
Employee,/home/crc00006699/zh/tabiclv2/decrease_dataset/Employee,binclass,3722,745,931,8,2,0.8603651987110634,0.8539249123234809,0.8125025572831424,0.8791837152209492,0.3524646772265335,20.0134859085083,2.3217849731445312,ok,,3722,2977,0,931,0.3711906373500824,0.0001,0.0287725403904914,0.3711877465248108,0.3711906373500824,16,1e-05,True,19.941734075546265,full_train_epoch_chunks,full train set chunked per epoch | validation=dataset_val_split,30,1,epoch_chunk,accuracy,0.8523489932885906,0.8577181208053691,0.8523489932885906,0.8577181208053691,8,True,False,
FOREX_audcad-hour-High,/home/crc00006699/zh/tabiclv2/decrease_dataset/FOREX_audcad-hour-High,binclass,35060,7012,8765,10,2,0.7146605818596692,0.7146273862041327,0.7143112635810474,0.7901794829063824,0.5516434824061467,119.5442533493042,42.9862380027771,ok,,35060,28048,0,8765,0.5481855571269989,0.0001,0.101316712796688,0.5481754243373871,0.5481855571269989,45,1e-05,True,119.19158506393433,full_train_epoch_chunks,full train set chunked per epoch | validation=dataset_val_split,30,3,epoch_chunk,accuracy,0.7154877353108956,0.7162007986309185,0.7154877353108956,0.7162007986309185,7,True,False,
Fitness_Club_c,/home/crc00006699/zh/tabiclv2/decrease_dataset/Fitness_Club_c,binclass,1200,240,300,6,2,0.7966666666666666,0.792733543259859,0.7423891897576108,0.8229927966770072,0.4557647879388685,20.437732458114624,0.9237179756164552,ok,,1200,960,0,300,0.4594343155622482,0.0001,0.0558343902230262,0.4594287425279617,0.4594343155622482,19,1e-05,True,20.394533157348636,full_train_epoch_chunks,full train set chunked per epoch | validation=dataset_val_split,30,1,epoch_chunk,accuracy,0.7666666666666667,0.7791666666666667,0.7666666666666667,0.7791666666666667,11,True,False,
Gender_Gap_in_Spanish_WP,/home/crc00006699/zh/tabiclv2/decrease_dataset/Gender_Gap_in_Spanish_WP,multiclass,3796,760,950,13,3,0.6042105263157894,0.5566516115287967,0.4152391353187701,0.7068082137598563,0.7904754454202013,36.68897795677185,2.3517556190490723,ok,,3796,3036,0,950,0.8199494183063507,0.0001,0.0437320172786712,0.8199450671672821,0.8199494183063507,26,1e-05,True,36.59540104866028,full_train_epoch_chunks,full train set chunked per epoch | validation=dataset_val_split,30,1,epoch_chunk,accuracy,0.6092105263157894,0.6171052631578947,0.6092105263157894,0.6171052631578947,18,True,False,
HR_Analytics_Job_Change_of_Data_Scientists,/home/crc00006699/zh/tabiclv2/decrease_dataset/HR_Analytics_Job_Change_of_Data_Scientists,binclass,15326,3066,3832,13,2,0.8006263048016702,0.8031676555601823,0.7472523552930173,0.8109752923984591,0.4296105550716068,37.73828148841858,16.34567880630493,ok,,15326,12260,0,3832,,0.0001,,,,0,1e-05,False,35.73539161682129,full_train_epoch_chunks,"full train set chunked per epoch | validation=dataset_val_split | TTT OOM; used original model parameters for inference: OutOfMemoryError: CUDA out of memory. Tried to allocate 20.00 MiB. GPU 0 has a total capacity of 23.57 GiB of which 5.38 MiB is free. Process 73754 has 3.10 GiB memory in use. Process 96281 has 12.61 GiB memory in use. Process 1755 has 7.85 GiB memory in use. Of the allocated memory 7.29 GiB is allocated by PyTorch, and 246.99 MiB is reserved by PyTorch but unallocated. If reserved but unallocated memory is large try setting PYTORCH_CUDA_ALLOC_CONF=expandable_segments:True to avoid fragmentation. See documentation for Memory Management (https://pytorch.org/docs/stable/notes/cuda.html#environment-variables)",0,0,,,,,,,0,False,True,"TTT OOM; used original model parameters for inference: OutOfMemoryError: CUDA out of memory. Tried to allocate 20.00 MiB. GPU 0 has a total capacity of 23.57 GiB of which 5.38 MiB is free. Process 73754 has 3.10 GiB memory in use. Process 96281 has 12.61 GiB memory in use. Process 1755 has 7.85 GiB memory in use. Of the allocated memory 7.29 GiB is allocated by PyTorch, and 246.99 MiB is reserved by PyTorch but unallocated. If reserved but unallocated memory is large try setting PYTORCH_CUDA_ALLOC_CONF=expandable_segments:True to avoid fragmentation. See documentation for Memory Management (https://pytorch.org/docs/stable/notes/cuda.html#environment-variables)"
PhishingWebsites,/home/crc00006699/zh/tabiclv2/decrease_dataset/PhishingWebsites,binclass,8844,1769,2211,30,2,0.9796472184531886,0.9796279672375264,0.978497239675724,0.9987425189409638,0.0455937756400752,41.451743364334106,7.281882047653198,ok,,8844,7075,0,2211,0.054473016411066,0.0001,0.0467366129159927,0.0544683411717414,0.054473016411066,14,1e-05,True,41.0062038898468,full_train_epoch_chunks,full train set chunked per epoch | validation=dataset_val_split,30,1,epoch_chunk,accuracy,0.9762577727529678,0.9785189372526852,0.9762577727529678,0.9785189372526852,6,True,False,
Water_Quality_and_Potability,/home/crc00006699/zh/tabiclv2/decrease_dataset/Water_Quality_and_Potability,binclass,2620,524,656,8,2,0.6509146341463414,0.5916049162774212,0.57171875,0.6672558593750001,0.6240448552917943,19.162006855010983,1.847240686416626,ok,,2620,2096,0,656,0.6433037519454956,0.0001,0.038813978433609,0.6432998776435852,0.6433037519454956,16,1e-05,True,19.116663694381717,full_train_epoch_chunks,full train set chunked per epoch | validation=dataset_val_split,30,1,epoch_chunk,accuracy,0.6335877862595419,0.6412213740458015,0.6335877862595419,0.6412213740458015,8,True,False,
autoUniv-au4-2500,/home/crc00006699/zh/tabiclv2/decrease_dataset/autoUniv-au4-2500,multiclass,2000,400,500,100,3,0.712,0.6826340914013429,0.5153580618841399,0.7694308820919825,0.6599691582511474,48.16065430641174,3.907139301300049,ok,,2000,1600,0,500,0.7479903101921082,0.0001,0.0449378825724124,0.74798583984375,0.7479903101921082,20,1e-05,True,47.82352066040039,full_train_epoch_chunks,full train set chunked per epoch | validation=dataset_val_split,30,1,epoch_chunk,accuracy,0.715,0.7375,0.715,0.7375,12,True,False,
contraceptive_method_choice,/home/crc00006699/zh/tabiclv2/decrease_dataset/contraceptive_method_choice,multiclass,1178,236,295,9,3,0.6372881355932203,0.6356221051172173,0.6106558709719377,0.7948118572256018,0.8236246965571389,9.842012166976929,1.1994316577911377,ok,,1178,942,0,295,0.9311382472515106,0.0001,0.0141566023230552,0.931136816740036,0.9311382472515106,8,1e-05,True,9.793760299682615,full_train_epoch_chunks,full train set chunked per epoch | validation=dataset_val_split,30,1,epoch_chunk,accuracy,0.5423728813559322,0.5423728813559322,0.5423728813559322,0.5423728813559322,0,True,False,
credit-g,/home/crc00006699/zh/tabiclv2/decrease_dataset/credit-g,binclass,800,160,200,20,2,0.785,0.7676703752849511,0.6892857142857143,0.8472619047619048,0.4372356163434473,19.459639072418213,1.954033613204956,ok,,800,640,0,200,0.577603667974472,0.0001,0.0384817272424697,0.5775997936725616,0.577603667974472,21,1e-05,True,19.382394313812256,full_train_epoch_chunks,full train set chunked per epoch | validation=dataset_val_split,30,1,epoch_chunk,accuracy,0.75,0.76875,0.75,0.76875,13,True,False,
dabetes_130-us_hospitals,/home/crc00006699/zh/tabiclv2/decrease_dataset/dabetes_130-us_hospitals,binclass,0,0,0,0,0,,,,,,0.0,0.0,fail,"OutOfMemoryError: CUDA out of memory. Tried to allocate 20.00 MiB. GPU 0 has a total capacity of 23.57 GiB of which 7.38 MiB is free. Process 73754 has 3.10 GiB memory in use. Process 96281 has 12.71 GiB memory in use. Process 1755 has 7.72 GiB memory in use. Of the allocated memory 7.36 GiB is allocated by PyTorch, and 45.55 MiB is reserved by PyTorch but unallocated. If reserved but unallocated memory is large try setting PYTORCH_CUDA_ALLOC_CONF=expandable_segments:True to avoid fragmentation.  See documentation for Memory Management  (https://pytorch.org/docs/stable/notes/cuda.html#environment-variables)",0,0,0,0,,,,,,0,,False,0.0,,,0,0,,,,,,,0,False,False,
dna,/home/crc00006699/zh/tabiclv2/decrease_dataset/dna,multiclass,2548,510,638,180,3,0.9717868338557992,0.9719225529564052,0.9714135951918074,0.997980097351232,0.078726645084531,9.59303069114685,10.18423557281494,ok,,2548,2038,0,638,,0.0001,,,,0,1e-05,False,6.401260614395142,full_train_epoch_chunks,"full train set chunked per epoch | validation=dataset_val_split | TTT OOM; used original model parameters for inference: OutOfMemoryError: CUDA out of memory. Tried to allocate 184.00 MiB. GPU 0 has a total capacity of 23.57 GiB of which 25.38 MiB is free. Process 73754 has 3.10 GiB memory in use. Process 96281 has 17.55 GiB memory in use. Process 1755 has 2.87 GiB memory in use. Of the allocated memory 2.43 GiB is allocated by PyTorch, and 124.30 MiB is reserved by PyTorch but unallocated. If reserved but unallocated memory is large try setting PYTORCH_CUDA_ALLOC_CONF=expandable_segments:True to avoid fragmentation. See documentation for Memory Management (https://pytorch.org/docs/stable/notes/cuda.html#environment-variables)",0,0,,,,,,,0,False,True,"TTT OOM; used original model parameters for inference: OutOfMemoryError: CUDA out of memory. Tried to allocate 184.00 MiB. GPU 0 has a total capacity of 23.57 GiB of which 25.38 MiB is free. Process 73754 has 3.10 GiB memory in use. Process 96281 has 17.55 GiB memory in use. Process 1755 has 2.87 GiB memory in use. Of the allocated memory 2.43 GiB is allocated by PyTorch, and 124.30 MiB is reserved by PyTorch but unallocated. If reserved but unallocated memory is large try setting PYTORCH_CUDA_ALLOC_CONF=expandable_segments:True to avoid fragmentation. See documentation for Memory Management (https://pytorch.org/docs/stable/notes/cuda.html#environment-variables)"
dry_bean_dataset,/home/crc00006699/zh/tabiclv2/decrease_dataset/dry_bean_dataset,multiclass,10888,2178,2723,16,7,0.9287550495776716,0.928732548177597,0.9380410882603464,0.9960302373166858,0.1858984397059493,6.095342636108398,10.931299686431885,ok,,10888,8710,0,2723,,0.0001,,,,0,1e-05,False,4.435744524002075,full_train_epoch_chunks,"full train set chunked per epoch | validation=dataset_val_split | TTT OOM; used original model parameters for inference: OutOfMemoryError: CUDA out of memory. Tried to allocate 1.06 GiB. GPU 0 has a total capacity of 23.57 GiB of which 717.38 MiB is free. Process 73754 has 3.10 GiB memory in use. Process 96281 has 12.71 GiB memory in use. Process 1755 has 7.03 GiB memory in use. Of the allocated memory 4.86 GiB is allocated by PyTorch, and 1.84 GiB is reserved by PyTorch but unallocated. If reserved but unallocated memory is large try setting PYTORCH_CUDA_ALLOC_CONF=expandable_segments:True to avoid fragmentation. See documentation for Memory Management (https://pytorch.org/docs/stable/notes/cuda.html#environment-variables)",0,0,,,,,,,0,False,True,"TTT OOM; used original model parameters for inference: OutOfMemoryError: CUDA out of memory. Tried to allocate 1.06 GiB. GPU 0 has a total capacity of 23.57 GiB of which 717.38 MiB is free. Process 73754 has 3.10 GiB memory in use. Process 96281 has 12.71 GiB memory in use. Process 1755 has 7.03 GiB memory in use. Of the allocated memory 4.86 GiB is allocated by PyTorch, and 1.84 GiB is reserved by PyTorch but unallocated. If reserved but unallocated memory is large try setting PYTORCH_CUDA_ALLOC_CONF=expandable_segments:True to avoid fragmentation. See documentation for Memory Management (https://pytorch.org/docs/stable/notes/cuda.html#environment-variables)"
first-order-theorem-proving,/home/crc00006699/zh/tabiclv2/decrease_dataset/first-order-theorem-proving,multiclass,4894,979,1224,51,6,0.6511437908496732,0.6339349352347329,0.5250922040067,0.8600481100812662,1.0152216418023232,19.144859075546265,7.397144317626953,ok,,4894,3915,0,1224,,0.0001,,,,0,1e-05,False,17.26502513885498,full_train_epoch_chunks,"full train set chunked per epoch | validation=dataset_val_split | TTT OOM; used original model parameters for inference: OutOfMemoryError: CUDA out of memory. Tried to allocate 490.00 MiB. GPU 0 has a total capacity of 23.57 GiB of which 283.38 MiB is free. Process 73754 has 3.10 GiB memory in use. Process 96281 has 12.71 GiB memory in use. Process 1755 has 7.45 GiB memory in use. Of the allocated memory 6.10 GiB is allocated by PyTorch, and 1.03 GiB is reserved by PyTorch but unallocated. If reserved but unallocated memory is large try setting PYTORCH_CUDA_ALLOC_CONF=expandable_segments:True to avoid fragmentation. See documentation for Memory Management (https://pytorch.org/docs/stable/notes/cuda.html#environment-variables)",0,0,,,,,,,0,False,True,"TTT OOM; used original model parameters for inference: OutOfMemoryError: CUDA out of memory. Tried to allocate 490.00 MiB. GPU 0 has a total capacity of 23.57 GiB of which 283.38 MiB is free. Process 73754 has 3.10 GiB memory in use. Process 96281 has 12.71 GiB memory in use. Process 1755 has 7.45 GiB memory in use. Of the allocated memory 6.10 GiB is allocated by PyTorch, and 1.03 GiB is reserved by PyTorch but unallocated. If reserved but unallocated memory is large try setting PYTORCH_CUDA_ALLOC_CONF=expandable_segments:True to avoid fragmentation. See documentation for Memory Management (https://pytorch.org/docs/stable/notes/cuda.html#environment-variables)"
htru,/home/crc00006699/zh/tabiclv2/decrease_dataset/htru,binclass,14318,2864,3580,8,2,0.9804469273743016,0.98025473088243,0.9316705667056672,0.9877317523175232,0.0607943046518771,56.51748681068421,9.94763970375061,ok,,14318,11454,0,3580,0.0444675218313932,0.0001,0.0610934682190418,0.0444614123553037,0.0444675218313932,30,1e-05,True,56.37995958328247,full_train_epoch_chunks,full train set chunked per epoch | validation=dataset_val_split,30,2,epoch_chunk,accuracy,0.9783519553072626,0.9793994413407822,0.9783519553072626,0.9793994413407822,7,True,False,
led7,/home/crc00006699/zh/tabiclv2/decrease_dataset/led7,multiclass,2560,512,640,7,10,0.7375,0.7331325740704353,0.7356000607364938,0.9596793496351652,0.7786046688118914,13.374399662017822,1.2829430103302002,ok,,2560,2048,0,640,0.8055676221847534,0.0001,0.0293213855475187,0.8055647015571594,0.8055676221847534,11,1e-05,True,13.266202688217165,full_train_epoch_chunks,full train set chunked per epoch | validation=dataset_val_split,30,1,epoch_chunk,accuracy,0.73046875,0.732421875,0.73046875,0.732421875,3,True,False,
madeline,/home/crc00006699/zh/tabiclv2/decrease_dataset/madeline,binclass,2512,503,628,259,2,0.9219745222929936,0.9219703671076008,0.921940928270042,0.976701963648166,0.190424518444373,56.73893189430237,8.97758173942566,ok,,2512,2009,0,628,0.3134476989507675,0.0001,0.0281830485910177,0.3134448677301407,0.3134476989507675,11,1e-05,True,55.18419146537781,full_train_epoch_chunks,full train set chunked per epoch | validation=dataset_val_split,30,1,epoch_chunk,accuracy,0.9224652087475148,0.9244532803180916,0.9224652087475148,0.9244532803180916,3,True,False,
mfeat-fourier,/home/crc00006699/zh/tabiclv2/decrease_dataset/mfeat-fourier,multiclass,1600,320,400,76,10,0.92,0.919276344013186,0.92,0.9954444444444444,0.2072447989267578,38.34061098098755,2.2901058197021484,ok,,1600,1280,0,400,0.2011974081397056,0.0001,0.059135477989912,0.2011914923787117,0.2011974081397056,21,1e-05,True,38.014392375946045,full_train_epoch_chunks,full train set chunked per epoch | validation=dataset_val_split,30,1,epoch_chunk,accuracy,0.90625,0.915625,0.90625,0.915625,13,True,False,
mobile_c36_oversampling,/home/crc00006699/zh/tabiclv2/decrease_dataset/mobile_c36_oversampling,binclass,41408,8282,10352,6,2,0.9940108191653788,0.9940049835225144,0.9927696379874408,0.9993873250852628,0.0228135791327752,92.25637125968932,41.71100616455078,ok,,41408,33126,0,10352,0.0520381480455398,0.0001,0.1404640674591064,0.0520240999758243,0.0520381480455398,48,1e-05,True,91.96939468383788,full_train_epoch_chunks,full train set chunked per epoch | validation=dataset_val_split,30,4,epoch_chunk,accuracy,0.9942042984786283,0.9949287611687998,0.9942042984786283,0.9949287611687998,4,True,False,
pc4,/home/crc00006699/zh/tabiclv2/decrease_dataset/pc4,binclass,1166,234,292,37,2,0.9075342465753424,0.9045311583625552,0.7562934027777778,0.9623480902777778,0.2003573619293501,25.30332350730896,1.776036262512207,ok,,1166,932,0,292,0.1267676241695881,0.0001,0.0437352433800697,0.1267632469534874,0.1267676241695881,16,1e-05,True,25.181594133377075,full_train_epoch_chunks,full train set chunked per epoch | validation=dataset_val_split,30,1,epoch_chunk,accuracy,0.9188034188034188,0.9273504273504274,0.9188034188034188,0.9273504273504274,8,True,False,
pol,/home/crc00006699/zh/tabiclv2/decrease_dataset/pol,binclass,8065,1613,2017,26,2,0.9940505701536936,0.9940505672289106,0.9940510602985826,0.9997551795743074,0.0208126549885194,8.407292604446411,7.861371040344238,ok,,8065,6452,0,2017,,0.0001,,,,0,1e-05,False,6.913957118988037,full_train_epoch_chunks,"full train set chunked per epoch | validation=dataset_val_split | TTT OOM; used original model parameters for inference: OutOfMemoryError: CUDA out of memory. Tried to allocate 808.00 MiB. GPU 0 has a total capacity of 23.57 GiB of which 695.38 MiB is free. Process 73754 has 3.10 GiB memory in use. Process 96281 has 12.58 GiB memory in use. Process 1755 has 7.18 GiB memory in use. Of the allocated memory 5.51 GiB is allocated by PyTorch, and 1.35 GiB is reserved by PyTorch but unallocated. If reserved but unallocated memory is large try setting PYTORCH_CUDA_ALLOC_CONF=expandable_segments:True to avoid fragmentation. See documentation for Memory Management (https://pytorch.org/docs/stable/notes/cuda.html#environment-variables)",0,0,,,,,,,0,False,True,"TTT OOM; used original model parameters for inference: OutOfMemoryError: CUDA out of memory. Tried to allocate 808.00 MiB. GPU 0 has a total capacity of 23.57 GiB of which 695.38 MiB is free. Process 73754 has 3.10 GiB memory in use. Process 96281 has 12.58 GiB memory in use. Process 1755 has 7.18 GiB memory in use. Of the allocated memory 5.51 GiB is allocated by PyTorch, and 1.35 GiB is reserved by PyTorch but unallocated. If reserved but unallocated memory is large try setting PYTORCH_CUDA_ALLOC_CONF=expandable_segments:True to avoid fragmentation. See documentation for Memory Management (https://pytorch.org/docs/stable/notes/cuda.html#environment-variables)"
predict_students_dropout_and_academic_success,/home/crc00006699/zh/tabiclv2/decrease_dataset/predict_students_dropout_and_academic_success,multiclass,3539,708,885,34,3,0.784180790960452,0.7794576833420611,0.7129971553616642,0.8937000467739601,0.5516342522167802,27.61020064353943,3.05515193939209,ok,,3539,2831,0,885,0.5441630184650421,0.0001,0.0341517329216003,0.5441596210002899,0.5441630184650421,14,1e-05,True,27.285460710525516,full_train_epoch_chunks,full train set chunked per epoch | validation=dataset_val_split,30,1,epoch_chunk,accuracy,0.8036723163841808,0.806497175141243,0.8036723163841808,0.806497175141243,6,True,False,
rice_cammeo_and_osmancik,/home/crc00006699/zh/tabiclv2/decrease_dataset/rice_cammeo_and_osmancik,binclass,3048,610,762,7,2,0.9304461942257218,0.930143932752019,0.925289863229583,0.978464287724433,0.1857178878880844,20.38650393486023,2.227252721786499,ok,,3048,2438,0,762,0.1621734946966171,0.0001,0.0228013470768928,0.1621712148189544,0.1621734946966171,12,1e-05,True,20.332514762878414,full_train_epoch_chunks,full train set chunked per epoch | validation=dataset_val_split,30,1,epoch_chunk,accuracy,0.9295081967213116,0.9344262295081968,0.9295081967213116,0.9344262295081968,4,True,False,
ringnorm,/home/crc00006699/zh/tabiclv2/decrease_dataset/ringnorm,binclass,5920,1184,1480,20,2,0.9783783783783784,0.9783745075281124,0.9782869540919475,0.9971710397752904,0.0605127676014534,28.291741847991943,3.64833402633667,ok,,5920,4736,0,1480,0.046720266342163,0.0001,0.0277779716998338,0.0467174872756004,0.046720266342163,12,1e-05,True,27.9753201007843,full_train_epoch_chunks,full train set chunked per epoch | validation=dataset_val_split,30,1,epoch_chunk,accuracy,0.981418918918919,0.983108108108108,0.981418918918919,0.983108108108108,4,True,False,
segment,/home/crc00006699/zh/tabiclv2/decrease_dataset/segment,multiclass,1848,370,462,17,7,0.9545454545454546,0.9545478826122294,0.9545454545454544,0.9972014517469064,0.1378838675916211,10.749404668807983,1.5300981998443604,ok,,1848,1478,0,462,0.1191734671592712,0.0001,0.0146958455443382,0.1191719993948936,0.1191734671592712,10,1e-05,True,10.683920860290527,full_train_epoch_chunks,full train set chunked per epoch | validation=dataset_val_split,30,1,epoch_chunk,accuracy,0.9486486486486486,0.954054054054054,0.9486486486486486,0.954054054054054,2,True,False,
shill-bidding,/home/crc00006699/zh/tabiclv2/decrease_dataset/shill-bidding,binclass,5056,1012,1265,3,2,0.8371541501976285,0.8557639478029698,0.7317225654604296,0.8778852068790286,0.2675900406007144,19.097248077392575,0.8346817493438721,ok,,5056,4044,0,1265,0.2262421548366546,0.0001,0.0115179987624287,0.2262410074472427,0.2262421548366546,13,1e-05,True,19.03940224647522,full_train_epoch_chunks,full train set chunked per epoch | validation=dataset_val_split,30,1,epoch_chunk,accuracy,0.8893280632411067,0.8903162055335968,0.8893280632411067,0.8903162055335968,5,True,False,
shrutime,/home/crc00006699/zh/tabiclv2/decrease_dataset/shrutime,binclass,8000,1600,2000,10,2,0.868,0.8557838780480471,0.7185029802256273,0.8796765879614235,0.309470286409444,38.44347381591797,5.733888387680054,ok,,8000,6400,0,2000,0.3385589122772217,0.0001,0.0356888733804225,0.3385553359985351,0.3385589122772217,17,1e-05,True,38.31683349609375,full_train_epoch_chunks,full train set chunked per epoch | validation=dataset_val_split,30,1,epoch_chunk,accuracy,0.8625,0.868125,0.8625,0.868125,9,True,False,
splice,/home/crc00006699/zh/tabiclv2/decrease_dataset/splice,multiclass,2552,511,638,60,3,0.9592476489028212,0.959210519048096,0.9517119368727686,0.9968627562299854,0.0963728978078284,34.86603021621704,3.884233474731445,ok,,2552,2041,0,638,0.0949645787477493,0.0001,0.0377163402736187,0.0949608087539672,0.0949645787477493,15,1e-05,True,34.48958468437195,full_train_epoch_chunks,full train set chunked per epoch | validation=dataset_val_split,30,1,epoch_chunk,accuracy,0.9686888454011742,0.9726027397260274,0.9686888454011742,0.9726027397260274,7,True,False,
water_quality,/home/crc00006699/zh/tabiclv2/decrease_dataset/water_quality,binclass,6396,1280,1600,20,2,0.91,0.8992994505494505,0.6858134813000821,0.9123455881213288,0.2140087859792815,36.49477219581604,5.744922161102295,ok,,6396,5116,0,1600,0.2341480255126953,0.0001,0.0560394637286663,0.2341424226760864,0.2341480255126953,18,1e-05,True,36.378416776657104,full_train_epoch_chunks,full train set chunked per epoch | validation=dataset_val_split,30,1,epoch_chunk,accuracy,0.89609375,0.9,0.89609375,0.9,10,True,False,
waveform_database_generator_version_1,/home/crc00006699/zh/tabiclv2/decrease_dataset/waveform_database_generator_version_1,multiclass,4000,800,1000,21,3,0.868,0.867547206914667,0.8678933755122525,0.97278238319063,0.2936574045786359,38.124842405319214,4.292914867401123,ok,,4000,3200,0,1000,0.2595458030700683,0.0001,0.048511266708374,0.2595409452915191,0.2595458030700683,20,1e-05,True,37.98913931846619,full_train_epoch_chunks,full train set chunked per epoch | validation=dataset_val_split,30,1,epoch_chunk,accuracy,0.85625,0.8625,0.85625,0.8625,12,True,False,
wine,/home/crc00006699/zh/tabiclv2/decrease_dataset/wine,binclass,2043,409,511,4,2,0.7788649706457925,0.7779671571723652,0.7789905024509804,0.882375919117647,0.4313193573052338,16.01355218887329,0.4628043174743652,ok,,2043,1634,0,511,0.4607264548540115,0.0001,0.0251581370830535,0.4607239514589309,0.4607264548540115,12,1e-05,True,15.979872703552246,full_train_epoch_chunks,full train set chunked per epoch | validation=dataset_val_split,30,1,epoch_chunk,accuracy,0.823960880195599,0.8264058679706602,0.823960880195599,0.8264058679706602,4,True,False,
wine-quality-red,/home/crc00006699/zh/tabiclv2/decrease_dataset/wine-quality-red,multiclass,1279,256,320,4,6,0.675,0.6598341154078093,0.3876940359477124,0.8430126282626902,0.8022122456071804,10.934285163879396,1.408393383026123,ok,,1279,1023,0,320,0.7881563901901245,0.0001,0.0264324229210615,0.7881537675857544,0.7881563901901245,12,1e-05,True,10.896633386611938,full_train_epoch_chunks,full train set chunked per epoch | validation=dataset_val_split,30,1,epoch_chunk,accuracy,0.6484375,0.65234375,0.6484375,0.65234375,4,True,False,
