dataset,model,method,reference_method,metric,shared_status_ok,method_mean,reference_mean,delta,wins,losses,ties
data184,TabICLv2,FT,Infer,accuracy,184,0.8584201794310193,0.855980781727776,0.0024393977032434308,83,67,34
data184,TabICLv2,FT,Infer,balanced_accuracy,184,0.7853483551561447,0.7816109614753697,0.003737393680775033,91,68,25
data184,TabICLv2,FT,Infer,f1,184,0.8505016556608211,0.847821457399531,0.0026801982612903773,88,75,21
data184,TabICLv2,FT,Infer,roc_auc,184,0.905662928185033,0.9039119540590761,0.0017509741259569133,113,63,8
data184,TabICLv2,FT,Infer,log_loss,184,0.317202043506888,0.3221235380640994,-0.004921494557211377,111,73,0
data184,TabICLv2,F-aware FT,FT,accuracy,184,0.8591831738308788,0.8584201794310193,0.000762994399859527,78,75,31
data184,TabICLv2,F-aware FT,FT,balanced_accuracy,184,0.7853553614193672,0.7853483551561447,7.006263222640163e-06,74,87,23
data184,TabICLv2,F-aware FT,FT,f1,184,0.8511703384465868,0.8505016556608211,0.0006686827857657515,82,82,20
data184,TabICLv2,F-aware FT,FT,roc_auc,184,0.9062477761880795,0.905662928185033,0.0005848480030464919,98,79,7
data184,TabICLv2,F-aware FT,FT,log_loss,184,0.3161148498817165,0.317202043506888,-0.0010871936251714367,97,87,0
data184,TabICLv2,LoRA,Infer,accuracy,184,0.8565021807963519,0.855980781727776,0.0005213990685759251,70,61,53
data184,TabICLv2,LoRA,Infer,balanced_accuracy,184,0.7819453883644766,0.7816109614753697,0.0003344268891070295,71,66,47
data184,TabICLv2,LoRA,Infer,f1,184,0.8483269525663595,0.847821457399531,0.0005054951668288522,74,66,44
data184,TabICLv2,LoRA,Infer,roc_auc,184,0.9039823547966334,0.9039119540590761,7.040073755711508e-05,97,80,7
data184,TabICLv2,LoRA,Infer,log_loss,184,0.3217385607758008,0.3221235380640994,-0.00038497728829854817,98,86,0
data184,TabICLv2,LoRA,FT,accuracy,184,0.8565021807963519,0.8584201794310193,-0.0019179986346675056,75,82,27
data184,TabICLv2,LoRA,FT,balanced_accuracy,184,0.7819453883644766,0.7853483551561447,-0.0034029667916680036,74,89,21
data184,TabICLv2,LoRA,FT,f1,184,0.8483269525663595,0.8505016556608211,-0.002174703094461525,81,84,19
data184,TabICLv2,LoRA,FT,roc_auc,184,0.9039823547966334,0.905662928185033,-0.0016805733883997983,70,108,6
data184,TabICLv2,LoRA,FT,log_loss,184,0.3217385607758008,0.317202043506888,0.004536517268912827,75,109,0
data184,TabICLv2,ln_head_embedding,Infer,accuracy,184,0.8564881567510494,0.855980781727776,0.000507375023273441,64,61,59
data184,TabICLv2,ln_head_embedding,Infer,balanced_accuracy,184,0.7819447288590855,0.7816109614753697,0.00033376738371593577,73,63,48
data184,TabICLv2,ln_head_embedding,Infer,f1,184,0.8483492619696205,0.847821457399531,0.0005278045700895825,69,70,45
data184,TabICLv2,ln_head_embedding,Infer,roc_auc,184,0.9044509296289476,0.9039119540590761,0.0005389755698713217,100,77,7
data184,TabICLv2,ln_head_embedding,Infer,log_loss,184,0.3212599784687027,0.3221235380640994,-0.0008635595953967336,104,80,0
data184,TabICLv2,ln_head_embedding,FT,accuracy,184,0.8564881567510494,0.8584201794310193,-0.0019320226799699899,73,82,29
data184,TabICLv2,ln_head_embedding,FT,balanced_accuracy,184,0.7819447288590855,0.7853483551561447,-0.0034036262970590972,73,89,22
data184,TabICLv2,ln_head_embedding,FT,f1,184,0.8483492619696205,0.8505016556608211,-0.002152393691200795,79,85,20
data184,TabICLv2,ln_head_embedding,FT,roc_auc,184,0.9044509296289476,0.905662928185033,-0.0012119985560855916,66,111,7
data184,TabICLv2,ln_head_embedding,FT,log_loss,184,0.3212599784687027,0.317202043506888,0.004057934961814642,77,107,0
data184,TabICLv2,Last-block,Infer,accuracy,184,0.8560832600016406,0.855980781727776,0.00010247827386462337,64,62,58
data184,TabICLv2,Last-block,Infer,balanced_accuracy,184,0.7814442199426788,0.7816109614753697,-0.00016674153269085262,66,70,48
data184,TabICLv2,Last-block,Infer,f1,184,0.847899398220806,0.847821457399531,7.794082127514247e-05,68,70,46
data184,TabICLv2,Last-block,Infer,roc_auc,184,0.9039333191925113,0.9039119540590761,2.1365133435026557e-05,85,92,7
data184,TabICLv2,Last-block,Infer,log_loss,184,0.3220839696010165,0.3221235380640994,-3.9568463082901694e-05,93,91,0
data184,TabICLv2,Last-block,FT,accuracy,184,0.8560832600016406,0.8584201794310193,-0.0023369194293788075,69,87,28
data184,TabICLv2,Last-block,FT,balanced_accuracy,184,0.7814442199426788,0.7853483551561447,-0.0039041352134658856,69,94,21
data184,TabICLv2,Last-block,FT,f1,184,0.847899398220806,0.8505016556608211,-0.002602257440015235,76,89,19
data184,TabICLv2,Last-block,FT,roc_auc,184,0.9039333191925113,0.905662928185033,-0.0017296089925218868,66,111,7
data184,TabICLv2,Last-block,FT,log_loss,184,0.3220839696010165,0.317202043506888,0.004881926094128475,77,107,0
data184,TabICLv2,LoCalPFN,FT,accuracy,95,0.7996668975360263,0.8154656413018149,-0.01579874376578834,17,73,5
data184,TabICLv2,LoCalPFN,FT,balanced_accuracy,95,0.7250378484820459,0.7459153091489751,-0.02087746066692935,16,76,3
data184,TabICLv2,LoCalPFN,FT,f1,95,0.7866914552877062,0.8041279484503047,-0.017436493162598547,17,75,3
data184,TabICLv2,LoCalPFN,FT,roc_auc,95,0.8498967549884643,0.8674637588150744,-0.01756700382660982,11,83,1
data184,TabICLv2,LoCalPFN,FT,log_loss,95,0.4369584473747597,0.40498488664737786,0.03197356072738185,8,87,0
OpenML-CC18,TabICLv2,FT,Infer,accuracy,64,0.888616102082782,0.886849953177297,0.001766148905485031,10,8,46
OpenML-CC18,TabICLv2,FT,Infer,balanced_accuracy,64,0.8393938807866242,0.836589341574863,0.00280453921176127,11,7,46
OpenML-CC18,TabICLv2,FT,Infer,f1,64,0.8842143597195347,0.8823691285580822,0.001845231161452349,11,9,44
OpenML-CC18,TabICLv2,FT,Infer,roc_auc,64,0.9304197731758568,0.9298579227457288,0.000561850430128007,23,10,31
OpenML-CC18,TabICLv2,FT,Infer,log_loss,64,0.2558591011730413,0.2588837219057982,-0.003024620732757004,32,21,11
OpenML-CC18,TabICLv2,F-aware FT,FT,accuracy,64,0.8891502382439507,0.888616102082782,0.0005341361611686767,12,5,47
OpenML-CC18,TabICLv2,F-aware FT,FT,balanced_accuracy,64,0.8396182948122546,0.8393938807866242,0.00022441402563031648,11,7,46
OpenML-CC18,TabICLv2,F-aware FT,FT,f1,64,0.88466483160769,0.8842143597195347,0.00045047188815545633,12,8,44
OpenML-CC18,TabICLv2,F-aware FT,FT,roc_auc,64,0.9305080524457296,0.9304197731758568,8.827926987299214e-05,19,17,28
OpenML-CC18,TabICLv2,F-aware FT,FT,log_loss,64,0.2552494649754206,0.2558591011730413,-0.0006096361976206711,22,19,23
OpenML-CC18,TabICLv2,LoRA,Infer,accuracy,65,0.888559430371321,0.8884764374141297,8.299295719131393e-05,6,6,53
OpenML-CC18,TabICLv2,LoRA,Infer,balanced_accuracy,65,0.8388733901111738,0.8389876344380859,-0.00011424432691204795,4,8,53
OpenML-CC18,TabICLv2,LoRA,Infer,f1,65,0.8840877020929089,0.8840645315430268,2.3170549882251407e-05,4,8,53
OpenML-CC18,TabICLv2,LoRA,Infer,roc_auc,65,0.930913301863878,0.9309361294802242,-2.2827616346134436e-05,10,10,45
OpenML-CC18,TabICLv2,LoRA,Infer,log_loss,65,0.25506970590042544,0.25529730171216025,-0.00022759581173484325,19,15,31
OpenML-CC18,TabICLv2,LoRA,FT,accuracy,64,0.8869342428994444,0.888616102082782,-0.0016818591833376029,9,10,45
OpenML-CC18,TabICLv2,LoRA,FT,balanced_accuracy,64,0.8364733121803429,0.8393938807866242,-0.0029205686062813187,7,12,45
OpenML-CC18,TabICLv2,LoRA,FT,f1,64,0.8823926611478063,0.8842143597195347,-0.0018216985717281874,9,12,43
OpenML-CC18,TabICLv2,LoRA,FT,roc_auc,64,0.9298347384478771,0.9304197731758568,-0.0005850347279795498,9,25,30
OpenML-CC18,TabICLv2,LoRA,FT,log_loss,64,0.258652569909505,0.2558591011730413,0.002793468736463804,17,36,11
OpenML-CC18,TabICLv2,ln_head_embedding,Infer,accuracy,65,0.8884539319733626,0.8884764374141297,-2.250544076724238e-05,5,8,52
OpenML-CC18,TabICLv2,ln_head_embedding,Infer,balanced_accuracy,65,0.8391535194771553,0.8389876344380859,0.0001658850390694176,8,8,49
OpenML-CC18,TabICLv2,ln_head_embedding,Infer,f1,65,0.8840351940005202,0.8840645315430268,-2.9337542506521975e-05,9,8,48
OpenML-CC18,TabICLv2,ln_head_embedding,Infer,roc_auc,65,0.9309935121351499,0.9309361294802242,5.73826549257656e-05,17,8,40
OpenML-CC18,TabICLv2,ln_head_embedding,Infer,log_loss,65,0.25494834939209726,0.25529730171216025,-0.0003489523200630218,27,16,22
OpenML-CC18,TabICLv2,ln_head_embedding,FT,accuracy,64,0.8868270960890178,0.888616102082782,-0.0017890059937642616,8,14,42
OpenML-CC18,TabICLv2,ln_head_embedding,FT,balanced_accuracy,64,0.8367578185676678,0.8393938807866242,-0.0026360622189563927,7,15,42
OpenML-CC18,TabICLv2,ln_head_embedding,FT,f1,64,0.8823393326164741,0.8842143597195347,-0.0018750271030605354,10,14,40
OpenML-CC18,TabICLv2,ln_head_embedding,FT,roc_auc,64,0.9299162020046376,0.9304197731758568,-0.0005035711712190263,11,26,27
OpenML-CC18,TabICLv2,ln_head_embedding,FT,log_loss,64,0.25852931720573424,0.2558591011730413,0.0026702160326929976,19,36,9
OpenML-CC18,TabICLv2,Last-block,Infer,accuracy,65,0.8885170702463417,0.8884764374141297,4.063283221202521e-05,4,3,58
OpenML-CC18,TabICLv2,Last-block,Infer,balanced_accuracy,65,0.8389917271046733,0.8389876344380859,4.092666587405771e-06,4,3,58
OpenML-CC18,TabICLv2,Last-block,Infer,f1,65,0.8840681800276669,0.8840645315430268,3.648484640181518e-06,3,7,55
OpenML-CC18,TabICLv2,Last-block,Infer,roc_auc,65,0.930949585933305,0.9309361294802242,1.3456453080799098e-05,6,4,55
OpenML-CC18,TabICLv2,Last-block,Infer,log_loss,65,0.2552109838131595,0.25529730171216025,-8.631789900080656e-05,14,14,37
OpenML-CC18,TabICLv2,Last-block,FT,accuracy,64,0.8868912208975124,0.888616102082782,-0.001724881185269693,9,10,45
OpenML-CC18,TabICLv2,Last-block,FT,balanced_accuracy,64,0.8365934981893659,0.8393938807866242,-0.002800382597258436,8,12,44
OpenML-CC18,TabICLv2,Last-block,FT,f1,64,0.882372834050295,0.8842143597195347,-0.0018415256692396647,9,12,43
OpenML-CC18,TabICLv2,Last-block,FT,roc_auc,64,0.9298715894558889,0.9304197731758568,-0.0005481837199678204,10,24,30
OpenML-CC18,TabICLv2,Last-block,FT,log_loss,64,0.25879605528962557,0.2558591011730413,0.0029369541165843098,20,34,10
Graph-SCM,TabICLv2,FT,Infer,accuracy,512,0.8199752850109925,0.819710736634899,0.0002645483760934969,63,41,408
Graph-SCM,TabICLv2,FT,Infer,balanced_accuracy,512,0.7651969098467535,0.7648437259187999,0.0003531839279536526,78,41,393
Graph-SCM,TabICLv2,FT,Infer,f1,512,0.8049957086720616,0.8046077764655326,0.00038793220652886916,75,53,384
Graph-SCM,TabICLv2,FT,Infer,roc_auc,512,0.9217767379237625,0.9217094795354948,6.725838826753005e-05,140,72,300
Graph-SCM,TabICLv2,FT,Infer,log_loss,512,0.442150684898748,0.442815479418301,-0.0006647945195531162,252,136,124
Graph-SCM,TabICLv2,F-aware FT,FT,accuracy,512,0.8201278563578862,0.8199752850109925,0.00015257134689382383,57,55,400
Graph-SCM,TabICLv2,F-aware FT,FT,balanced_accuracy,512,0.7651589817473567,0.7651969098467535,-3.7928099396726615e-05,67,64,381
Graph-SCM,TabICLv2,F-aware FT,FT,f1,512,0.8049977677625334,0.8049957086720616,2.059090471860311e-06,71,64,377
Graph-SCM,TabICLv2,F-aware FT,FT,roc_auc,512,0.9217454654315393,0.9217767379237625,-3.127249222303354e-05,94,104,314
Graph-SCM,TabICLv2,F-aware FT,FT,log_loss,512,0.44201955910274654,0.442150684898748,-0.00013112579600137463,146,144,222
data184,TabPFNv3,FT,Infer,accuracy,183,0.855762232261294,0.8556809404353444,8.129182594959472e-05,78,78,27
data184,TabPFNv3,FT,Infer,balanced_accuracy,183,0.7802574245640006,0.7802266484557818,3.077610821888934e-05,76,89,18
data184,TabPFNv3,FT,Infer,f1,183,0.8471113735867242,0.8472008491816749,-8.94755949506747e-05,82,84,17
data184,TabPFNv3,FT,Infer,roc_auc,183,0.9019151504990602,0.9035267396407461,-0.0016115891416857142,51,125,7
data184,TabPFNv3,FT,Infer,log_loss,183,0.32789292450419866,0.3236390748384359,0.004253849665762835,56,127,0
data184,TabPFNv3,F-aware FT,FT,accuracy,183,0.8551655522039101,0.855762232261294,-0.0005966800573839835,64,90,29
data184,TabPFNv3,F-aware FT,FT,balanced_accuracy,183,0.7790453365727944,0.7802574245640006,-0.0012120879912060748,82,82,19
data184,TabPFNv3,F-aware FT,FT,f1,183,0.8463551952005393,0.8471113735867242,-0.0007561783861847565,72,94,17
data184,TabPFNv3,F-aware FT,FT,roc_auc,183,0.9018196946721075,0.9019151504990602,-9.545582695278667e-05,80,98,5
data184,TabPFNv3,F-aware FT,FT,log_loss,183,0.3295837427890108,0.32789292450419866,0.0016908182848121203,69,112,2
data184,TabPFNv3,LoRA,Infer,accuracy,178,0.8521634669451005,0.8541149994002823,-0.0019515324551820637,61,92,25
data184,TabPFNv3,LoRA,Infer,balanced_accuracy,178,0.7770861307401549,0.7802934628538536,-0.0032073321136988414,67,94,17
data184,TabPFNv3,LoRA,Infer,f1,178,0.8434506906441815,0.8456407760586252,-0.0021900854144439436,60,103,15
data184,TabPFNv3,LoRA,Infer,roc_auc,178,0.9005545247549713,0.9026122785060621,-0.0020577537510906825,49,125,4
data184,TabPFNv3,LoRA,Infer,log_loss,178,0.33254402280936146,0.32643276813295263,0.006111254676408761,39,139,0
data184,TabPFNv3,LoRA,FT,accuracy,178,0.8521634669451005,0.8541258679036172,-0.0019624009585166974,68,81,29
data184,TabPFNv3,LoRA,FT,balanced_accuracy,178,0.7770861307401549,0.7802695959241751,-0.0031834651840203097,77,85,16
data184,TabPFNv3,LoRA,FT,f1,178,0.8434506906441815,0.8454538368121874,-0.0020031461680059294,78,86,14
data184,TabPFNv3,LoRA,FT,roc_auc,178,0.9005545247549713,0.9009757107390935,-0.00042118598412211645,98,75,5
data184,TabPFNv3,LoRA,FT,log_loss,178,0.33254402280936146,0.3309273415327811,0.0016166812765803977,99,79,0
data184,TabPFNv3,ln_head_embedding,Infer,accuracy,182,0.8533606470081038,0.8556882440235111,-0.002327597015407283,61,96,25
data184,TabPFNv3,ln_head_embedding,Infer,balanced_accuracy,182,0.7772788126394629,0.7808673468311409,-0.003588534191677779,66,100,16
data184,TabPFNv3,ln_head_embedding,Infer,f1,182,0.8447003255766281,0.8472641197905625,-0.002563794213934368,61,107,14
data184,TabPFNv3,ln_head_embedding,Infer,roc_auc,182,0.9009797412319804,0.9033260255627897,-0.0023462843308093154,48,130,4
data184,TabPFNv3,ln_head_embedding,Infer,log_loss,182,0.33011475976419125,0.3234330670853169,0.006681692678874394,39,143,0
data184,TabPFNv3,ln_head_embedding,FT,accuracy,182,0.8533606470081038,0.8557272854180787,-0.0023666384099748543,69,86,27
data184,TabPFNv3,ln_head_embedding,FT,balanced_accuracy,182,0.7772788126394629,0.7807635938544962,-0.003484781215033234,75,91,16
data184,TabPFNv3,ln_head_embedding,FT,f1,182,0.8447003255766281,0.8471073870412604,-0.002407061464632295,74,94,14
data184,TabPFNv3,ln_head_embedding,FT,roc_auc,182,0.9009797412319804,0.9016799407658602,-0.0007001995338800003,97,80,5
data184,TabPFNv3,ln_head_embedding,FT,log_loss,182,0.33011475976419125,0.32782179233571834,0.0022929674284728604,99,83,0
data184,TabPFNv3,Last-block,Infer,accuracy,183,0.8535482386741517,0.8556809404353444,-0.002132701761192494,62,96,25
data184,TabPFNv3,Last-block,Infer,balanced_accuracy,183,0.7767829638431663,0.7802266484557818,-0.0034436846126154334,63,104,16
data184,TabPFNv3,Last-block,Infer,f1,183,0.8447992365555226,0.8472008491816749,-0.002401612626152342,61,108,14
data184,TabPFNv3,Last-block,Infer,roc_auc,183,0.9011897908504539,0.9035267396407461,-0.0023369487902920286,48,131,4
data184,TabPFNv3,Last-block,Infer,log_loss,183,0.3299814611245169,0.3236390748384359,0.00634238628608105,40,143,0
data184,TabPFNv3,Last-block,FT,accuracy,183,0.8535482386741517,0.855762232261294,-0.0022139935871420885,71,87,25
data184,TabPFNv3,Last-block,FT,balanced_accuracy,183,0.7767829638431663,0.7802574245640006,-0.0034744607208343245,76,92,15
data184,TabPFNv3,Last-block,FT,f1,183,0.8447992365555226,0.8471113735867242,-0.002312137031201667,75,96,12
data184,TabPFNv3,Last-block,FT,roc_auc,183,0.9011897908504539,0.9019151504990602,-0.0007253596486063145,96,81,6
data184,TabPFNv3,Last-block,FT,log_loss,183,0.3299814611245169,0.32789292450419866,0.002088536620318214,98,85,0
data184,TabPFNv3,LoCalPFN,FT,accuracy,2,0.852191240782443,0.8544681532521547,-0.0022769124697116228,0,2,0
data184,TabPFNv3,LoCalPFN,FT,balanced_accuracy,2,0.674011995294729,0.6701435356760912,0.003868459618637743,1,1,0
data184,TabPFNv3,LoCalPFN,FT,f1,2,0.8454649529387497,0.8464877818500369,-0.001022828911287299,0,2,0
data184,TabPFNv3,LoCalPFN,FT,roc_auc,2,0.8690668200459579,0.8718744286641129,-0.0028076086181550997,1,1,0
data184,TabPFNv3,LoCalPFN,FT,log_loss,2,0.3677182498170631,0.3526880965422013,0.015030153274861804,0,2,0
OpenML-CC18,TabPFNv3,FT,Infer,accuracy,65,0.8820813487128355,0.8816452997263577,0.00043604898647774565,20,30,15
OpenML-CC18,TabPFNv3,FT,Infer,balanced_accuracy,65,0.8333045879295772,0.8349171453042398,-0.0016125573746626262,25,31,9
OpenML-CC18,TabPFNv3,FT,Infer,f1,65,0.8759988457525296,0.876547040922997,-0.0005481951704674645,22,36,7
OpenML-CC18,TabPFNv3,FT,Infer,roc_auc,65,0.9297142281652382,0.9314917896887114,-0.0017775615234733495,18,41,6
OpenML-CC18,TabPFNv3,FT,Infer,log_loss,65,0.28232887470828943,0.27818846904726163,0.004140405661027787,18,47,0
OpenML-CC18,TabPFNv3,F-aware FT,FT,accuracy,65,0.8811207685886753,0.8820813487128355,-0.0009605801241602417,20,22,23
OpenML-CC18,TabPFNv3,F-aware FT,FT,balanced_accuracy,65,0.8303833898967343,0.8333045879295772,-0.0029211980328428676,22,24,19
OpenML-CC18,TabPFNv3,F-aware FT,FT,f1,65,0.8741865318014421,0.8759988457525296,-0.0018123139510874066,22,24,19
OpenML-CC18,TabPFNv3,F-aware FT,FT,roc_auc,65,0.9289883516694349,0.9297142281652382,-0.0007258764958031589,20,28,17
OpenML-CC18,TabPFNv3,F-aware FT,FT,log_loss,65,0.2842816440765191,0.28232887470828943,0.0019527693682297052,23,29,13
OpenML-CC18,TabPFNv3,LoRA,Infer,accuracy,62,0.8848784826901646,0.8863289333768807,-0.0014504506867161827,21,29,12
OpenML-CC18,TabPFNv3,LoRA,Infer,balanced_accuracy,62,0.8351797338830416,0.8403579156514434,-0.005178181768401929,23,29,10
OpenML-CC18,TabPFNv3,LoRA,Infer,f1,62,0.8783219845675817,0.881360890070309,-0.0030389055027274974,22,33,7
OpenML-CC18,TabPFNv3,LoRA,Infer,roc_auc,62,0.9340088135958372,0.9366247549857981,-0.0026159413899609235,12,43,7
OpenML-CC18,TabPFNv3,LoRA,Infer,log_loss,62,0.28054311783394253,0.27354967042389516,0.006993447410047408,15,47,0
OpenML-CC18,TabPFNv3,LoRA,FT,accuracy,62,0.8848784826901646,0.886608739279566,-0.0017302565894014366,24,22,16
OpenML-CC18,TabPFNv3,LoRA,FT,balanced_accuracy,62,0.8351797338830416,0.8381023289856301,-0.002922595102588471,23,26,13
OpenML-CC18,TabPFNv3,LoRA,FT,f1,62,0.8783219845675817,0.880516833994443,-0.002194849426861263,28,25,9
OpenML-CC18,TabPFNv3,LoRA,FT,roc_auc,62,0.9340088135958372,0.9347030042012766,-0.0006941906054393004,27,29,6
OpenML-CC18,TabPFNv3,LoRA,FT,log_loss,62,0.28054311783394253,0.2782820601040949,0.002261057729847664,33,29,0
OpenML-CC18,TabPFNv3,ln_head_embedding,Infer,accuracy,65,0.8799609140958529,0.8816530104057131,-0.0016920963098601834,21,30,14
OpenML-CC18,TabPFNv3,ln_head_embedding,Infer,balanced_accuracy,65,0.8313787747030645,0.836937533511662,-0.005558758808597427,24,31,10
OpenML-CC18,TabPFNv3,ln_head_embedding,Infer,f1,65,0.8735650479224651,0.8768007562980353,-0.0032357083755702697,22,35,8
OpenML-CC18,TabPFNv3,ln_head_embedding,Infer,roc_auc,65,0.9280452087016049,0.9307133450808784,-0.0026681363792734167,12,46,7
OpenML-CC18,TabPFNv3,ln_head_embedding,Infer,log_loss,65,0.28438898968012105,0.2771977077829792,0.0071912818971418685,14,51,0
OpenML-CC18,TabPFNv3,ln_head_embedding,FT,accuracy,63,0.8799432272701575,0.8820197531030725,-0.002076525832915137,24,23,16
OpenML-CC18,TabPFNv3,ln_head_embedding,FT,balanced_accuracy,63,0.8308543248802744,0.8342578140148578,-0.003403489134583265,23,27,13
OpenML-CC18,TabPFNv3,ln_head_embedding,FT,f1,63,0.8733675372196065,0.8759161275533427,-0.0025485903337362763,26,27,10
OpenML-CC18,TabPFNv3,ln_head_embedding,FT,roc_auc,63,0.9280123177471661,0.9288451883158154,-0.0008328705686492191,27,30,6
OpenML-CC18,TabPFNv3,ln_head_embedding,FT,log_loss,63,0.28505258251325993,0.28222310365501707,0.00282947885824284,33,30,0
OpenML-CC18,TabPFNv3,Last-block,Infer,accuracy,63,0.8845672082839902,0.8865314316904598,-0.001964223406469633,18,33,12
OpenML-CC18,TabPFNv3,Last-block,Infer,balanced_accuracy,63,0.8326523603343458,0.8383198437946237,-0.005667483460278092,19,35,9
OpenML-CC18,TabPFNv3,Last-block,Infer,f1,63,0.8778296212399718,0.8813573461557279,-0.0035277249157562194,19,37,7
OpenML-CC18,TabPFNv3,Last-block,Infer,roc_auc,63,0.9281585758832619,0.9309787601294645,-0.0028201842462027608,10,46,7
OpenML-CC18,TabPFNv3,Last-block,Infer,log_loss,63,0.26917858092400376,0.2620328675681759,0.007145713355827942,12,51,0
OpenML-CC18,TabPFNv3,Last-block,FT,accuracy,63,0.8845672082839902,0.8869792448926836,-0.0024120366086934613,21,26,16
OpenML-CC18,TabPFNv3,Last-block,FT,balanced_accuracy,63,0.8326523603343458,0.8366540155131316,-0.0040016551787856606,20,30,13
OpenML-CC18,TabPFNv3,Last-block,FT,f1,63,0.8778296212399718,0.8807895660438348,-0.002959944803862837,24,30,9
OpenML-CC18,TabPFNv3,Last-block,FT,roc_auc,63,0.9281585758832619,0.929144013627024,-0.0009854377437621337,25,32,6
OpenML-CC18,TabPFNv3,Last-block,FT,log_loss,63,0.26917858092400376,0.26630820568828345,0.0028703752357203626,34,29,0
Graph-SCM,TabPFNv3,FT,Infer,accuracy,512,0.8148429615279678,0.8139014458044543,0.0009415157235134453,166,122,224
Graph-SCM,TabPFNv3,FT,Infer,balanced_accuracy,512,0.7567054730534166,0.7549178371866219,0.0017876358667948643,181,134,197
Graph-SCM,TabPFNv3,FT,Infer,f1,512,0.7976337511178735,0.7961513475871931,0.001482403530680384,181,138,193
Graph-SCM,TabPFNv3,FT,Infer,roc_auc,512,0.9188036630390247,0.918636309954448,0.00016735308457681048,196,171,145
Graph-SCM,TabPFNv3,FT,Infer,log_loss,512,0.45694630532235697,0.4582005915481968,-0.0012542862258398332,256,238,18
Graph-SCM,TabPFNv3,F-aware FT,FT,accuracy,512,0.8149421368300436,0.8148429615279678,9.917530207579061e-05,108,104,300
Graph-SCM,TabPFNv3,F-aware FT,FT,balanced_accuracy,512,0.7569434610977236,0.7567054730534166,0.00023798804430692953,116,114,282
Graph-SCM,TabPFNv3,F-aware FT,FT,f1,512,0.7980266408484303,0.7976337511178735,0.00039288973055684733,115,119,278
Graph-SCM,TabPFNv3,F-aware FT,FT,roc_auc,512,0.9188162907062433,0.9188036630390247,1.2627667218479332e-05,124,124,264
Graph-SCM,TabPFNv3,F-aware FT,FT,log_loss,512,0.4570851648105424,0.45694630532235697,0.00013885948818546608,135,127,250
data184,LimiX-2M,FT,Infer,accuracy,83,0.8124964975189881,0.8130348851083499,-0.0005383875893617203,23,30,30
data184,LimiX-2M,FT,Infer,balanced_accuracy,83,0.7277255252823619,0.7288740607214436,-0.0011485354390816862,25,32,26
data184,LimiX-2M,FT,Infer,f1,83,0.7999315263629004,0.8009073208772469,-0.0009757945143464199,23,34,26
data184,LimiX-2M,FT,Infer,roc_auc,83,0.8551382110068517,0.8556626424428214,-0.0005244314359694419,33,42,8
data184,LimiX-2M,FT,Infer,log_loss,83,0.3882691833233413,0.3876194706141891,0.0006497127091521451,40,43,0
