dataset_name,dataset_dir,task_type,n_train,n_val,n_test,n_features,n_classes,accuracy,f1,balanced_accuracy,roc_auc,log_loss,fit_seconds,predict_seconds,status,error,n_train_a,n_train_b,n_holdout_c,n_test_d,ttt_loss,ttt_steps,ttt_lr,ttt_applied,ttt_update_seconds,ttt_split_strategy,ttt_split_reason,ttt_epochs,ttt_chunks_per_epoch,ttt_batch_mode,ttt_val_eval_metric,ttt_val_baseline_metric,ttt_val_best_metric,ttt_val_baseline_accuracy,ttt_val_best_accuracy,ttt_best_epoch,ttt_stopped_early,ttt_oom_fallback,ttt_fallback_reason,peft_method,peft_targets,peft_trainable_params,peft_trainable_ratio,peft_rank,model_family
OpenML-ID-1049,/home/crc00006699/zh/tabiclv2/openml_cc18/OpenML-ID-1049,binclass,1166,234,292,37,2,0.910958904109589,0.9074272635916472,0.7582465277777778,0.9615885416666666,0.1931540264713474,22.445725440979004,0.6690618991851807,ok,,1166,932,0,292,0.1622442677617073,8,1e-05,True,22.339227437973022,full_train_epoch_chunks,full train set chunked per epoch | validation=dataset_val_split,30,1,epoch_chunk,accuracy,0.9188034188034188,0.9188034188034188,0.9188034188034188,0.9188034188034188,0,True,False,,last_layers,"col,row,icl",2681098.0,0.0973095562621401,,tabiclv2
OpenML-ID-1050,/home/crc00006699/zh/tabiclv2/openml_cc18/OpenML-ID-1050,binclass,1250,250,313,37,2,0.9009584664536742,0.8713234468060816,0.5571619217081851,0.8387455516014235,0.2606329866124395,25.19794797897339,0.6827764511108398,ok,,1250,1000,0,313,0.2577771693468094,15,1e-05,True,25.086122035980225,full_train_epoch_chunks,full train set chunked per epoch | validation=dataset_val_split,30,1,epoch_chunk,accuracy,0.884,0.888,0.884,0.888,7,True,False,,last_layers,"col,row,icl",2681098.0,0.0973095562621401,,tabiclv2
OpenML-ID-1053,/home/crc00006699/zh/tabiclv2/openml_cc18/OpenML-ID-1053,binclass,8708,1742,2177,21,2,0.8203950390445567,0.785451942593719,0.5925128098301582,0.7635375691893149,0.4212027318395416,7.332247734069824,3.7279114723205566,ok,,8708,6966,0,2177,0.3987042903900146,8,1e-05,True,7.1026451587677,full_train_epoch_chunks,full train set chunked per epoch | validation=dataset_val_split,30,1,epoch_chunk,accuracy,0.8249138920780712,0.8249138920780712,0.8249138920780712,0.8249138920780712,0,True,False,,last_layers,"col,row,icl",2681098.0,0.0973095562621401,,tabiclv2
OpenML-ID-1063,/home/crc00006699/zh/tabiclv2/openml_cc18/OpenML-ID-1063,binclass,417,84,105,21,2,0.8285714285714286,0.8134646962233169,0.6744249726177437,0.7620481927710844,0.4731517094350623,2.3305280208587646,0.4968018531799316,ok,,417,333,0,105,0.2486791908740997,8,1e-05,True,2.281874895095825,full_train_epoch_chunks,full train set chunked per epoch | validation=dataset_val_split,30,1,epoch_chunk,accuracy,0.8571428571428571,0.8571428571428571,0.8571428571428571,0.8571428571428571,0,True,False,,last_layers,"col,row,icl",2681098.0,0.0973095562621401,,tabiclv2
OpenML-ID-1067,/home/crc00006699/zh/tabiclv2/openml_cc18/OpenML-ID-1067,binclass,1687,338,422,21,2,0.8720379146919431,0.855423482647913,0.6601163542340013,0.856711915535445,0.3029108468222224,2.975281953811645,0.6864778995513916,ok,,1687,1349,0,422,0.3431208729743957,8,1e-05,True,2.8999581336975098,full_train_epoch_chunks,full train set chunked per epoch | validation=dataset_val_split,30,1,epoch_chunk,accuracy,0.878698224852071,0.878698224852071,0.878698224852071,0.878698224852071,0,True,False,,last_layers,"col,row,icl",2681098.0,0.0973095562621401,,tabiclv2
OpenML-ID-1068,/home/crc00006699/zh/tabiclv2/openml_cc18/OpenML-ID-1068,binclass,887,178,222,21,2,0.945945945945946,0.9366302968198704,0.6618357487922705,0.8974235104669888,0.1535727516485658,2.804253101348877,0.8662443161010742,ok,,887,709,0,222,0.1882033199071884,8,1e-05,True,2.744504690170288,full_train_epoch_chunks,full train set chunked per epoch | validation=dataset_val_split,30,1,epoch_chunk,accuracy,0.9325842696629212,0.9325842696629212,0.9325842696629212,0.9325842696629212,0,True,False,,last_layers,"col,row,icl",2681098.0,0.0973095562621401,,tabiclv2
OpenML-ID-11,/home/crc00006699/zh/tabiclv2/openml_cc18/OpenML-ID-11,multiclass,500,100,125,4,3,1.0,1.0,1.0,1.0,0.016491332136604,1.5769469738006592,0.2623424530029297,ok,,500,400,0,125,0.0830587707459926,8,1e-05,True,1.559051513671875,full_train_epoch_chunks,full train set chunked per epoch | validation=dataset_val_split,30,1,epoch_chunk,accuracy,0.96,0.96,0.96,0.96,0,True,False,,last_layers,"col,row,icl",2681098.0,0.0973095562621401,,tabiclv2
OpenML-ID-12,/home/crc00006699/zh/tabiclv2/openml_cc18/OpenML-ID-12,multiclass,1600,320,400,216,10,0.9825,0.9824984372558212,0.9825,0.9997569444444444,0.0771713910993146,14.932970523834229,3.725522518157959,ok,,1600,1280,0,400,0.0394597519189119,8,1e-05,True,14.290147304534912,full_train_epoch_chunks,full train set chunked per epoch | validation=dataset_val_split,30,1,epoch_chunk,accuracy,0.984375,0.984375,0.984375,0.984375,0,True,False,,last_layers,"col,row,icl",2681098.0,0.0973095562621401,,tabiclv2
OpenML-ID-14,/home/crc00006699/zh/tabiclv2/openml_cc18/OpenML-ID-14,multiclass,1600,320,400,76,10,0.9225,0.9218915524806744,0.9225,0.9951111111111112,0.2060284568175354,6.254918336868286,1.3449468612670898,ok,,1600,1280,0,400,0.3016681522130966,8,1e-05,True,6.019669532775879,full_train_epoch_chunks,full train set chunked per epoch | validation=dataset_val_split,30,1,epoch_chunk,accuracy,0.90625,0.90625,0.90625,0.90625,0,True,False,,last_layers,"col,row,icl",2681098.0,0.0973095562621401,,tabiclv2
OpenML-ID-1461,/home/crc00006699/zh/tabiclv2/openml_cc18/OpenML-ID-1461,binclass,36168,7234,9043,16,2,0.9126396107486454,0.90871017879021,0.7484158624452986,0.9393297096517216,0.1900984272382984,84.06576895713806,27.818599224090576,ok,,36168,28934,0,9043,0.1985056549310684,90,1e-05,True,83.52278161048889,full_train_epoch_chunks,full train set chunked per epoch | validation=dataset_val_split,30,3,epoch_chunk,accuracy,0.8149018523638374,0.8432402543544374,0.8149018523638374,0.8432402543544374,24,False,False,,last_layers,"col,row,icl",2681098.0,0.0973095562621401,,tabiclv2
OpenML-ID-1462,/home/crc00006699/zh/tabiclv2/openml_cc18/OpenML-ID-1462,binclass,1097,220,275,4,2,1.0,1.0,1.0,1.0,3.3013067616039645e-06,1.8525748252868648,0.1609776020050048,ok,,1097,877,0,275,0.00022446973162,8,1e-05,True,1.831709623336792,full_train_epoch_chunks,full train set chunked per epoch | validation=dataset_val_split,30,1,epoch_chunk,accuracy,1.0,1.0,1.0,1.0,0,True,False,,last_layers,"col,row,icl",2681098.0,0.0973095562621401,,tabiclv2
OpenML-ID-1464,/home/crc00006699/zh/tabiclv2/openml_cc18/OpenML-ID-1464,binclass,598,120,150,4,2,0.7866666666666666,0.7631850117096018,0.631578947368421,0.7948343079922027,0.4477938969632251,2.028554677963257,0.2157495021820068,ok,,598,478,0,150,0.4668053835630417,8,1e-05,True,2.0082802772521973,full_train_epoch_chunks,full train set chunked per epoch | validation=dataset_val_split,30,1,epoch_chunk,accuracy,0.8,0.8,0.8,0.8,0,True,False,,last_layers,"col,row,icl",2681098.0,0.0973095562621401,,tabiclv2
OpenML-ID-1468,/home/crc00006699/zh/tabiclv2/openml_cc18/OpenML-ID-1468,multiclass,864,173,216,856,9,0.949074074074074,0.9489353241553584,0.9490740740740742,0.9979263117283952,0.1899945885697174,38.680675745010376,7.5848753452301025,ok,,864,691,0,216,0.135872907936573,8,1e-05,True,36.6571409702301,full_train_epoch_chunks,full train set chunked per epoch | validation=dataset_val_split,30,1,epoch_chunk,accuracy,0.9364161849710982,0.9364161849710982,0.9364161849710982,0.9364161849710982,0,True,False,,last_layers,"col,row,icl",2681098.0,0.0973095562621401,,tabiclv2
OpenML-ID-1475,/home/crc00006699/zh/tabiclv2/openml_cc18/OpenML-ID-1475,multiclass,4894,979,1224,51,6,0.6503267973856209,0.6332808316132705,0.5247660461462956,0.8600971082508552,1.014996033501114,8.649381875991821,3.258923292160034,ok,,4894,3915,0,1224,1.1023943424224854,8,1e-05,True,8.326996088027954,full_train_epoch_chunks,full train set chunked per epoch | validation=dataset_val_split,30,1,epoch_chunk,accuracy,0.6302349336057201,0.6302349336057201,0.6302349336057201,0.6302349336057201,0,True,False,,last_layers,"col,row,icl",2681098.0,0.0973095562621401,,tabiclv2
OpenML-ID-1478,/home/crc00006699/zh/tabiclv2/openml_cc18/OpenML-ID-1478,multiclass,8239,1648,2060,561,6,0.9980582524271844,0.9980580591258628,0.9981580602986424,0.9999983941486033,0.0040250859735298,130.92451524734497,86.83231329917908,ok,,8239,6591,0,2060,0.0102850547991693,8,1e-05,True,124.70538473129272,full_train_epoch_chunks,full train set chunked per epoch | validation=dataset_val_split,30,1,epoch_chunk,accuracy,0.995752427184466,0.995752427184466,0.995752427184466,0.995752427184466,0,True,False,,last_layers,"col,row,icl",2681098.0,0.0973095562621401,,tabiclv2
OpenML-ID-1480,/home/crc00006699/zh/tabiclv2/openml_cc18/OpenML-ID-1480,binclass,466,94,117,10,2,0.6666666666666666,0.6498143664245359,0.5566973777462793,0.7267895109851169,0.5255324632575109,1.9599225521087649,0.418724775314331,ok,,466,372,0,117,0.5763285160064697,8,1e-05,True,1.9377143383026123,full_train_epoch_chunks,full train set chunked per epoch | validation=dataset_val_split,30,1,epoch_chunk,accuracy,0.7553191489361702,0.7553191489361702,0.7553191489361702,0.7553191489361702,0,True,False,,last_layers,"col,row,icl",2681098.0,0.0973095562621401,,tabiclv2
OpenML-ID-1485,/home/crc00006699/zh/tabiclv2/openml_cc18/OpenML-ID-1485,binclass,2080,416,520,500,2,0.9115384615384616,0.9115371529164632,0.9115384615384616,0.9651479289940827,0.2440040369929081,38.73066806793213,10.133553266525269,ok,,2080,1664,0,520,0.229292593896389,8,1e-05,True,36.88340473175049,full_train_epoch_chunks,full train set chunked per epoch | validation=dataset_val_split,30,1,epoch_chunk,accuracy,0.9230769230769232,0.9230769230769232,0.9230769230769232,0.9230769230769232,0,True,False,,last_layers,"col,row,icl",2681098.0,0.0973095562621401,,tabiclv2
OpenML-ID-1486,/home/crc00006699/zh/tabiclv2/openml_cc18/OpenML-ID-1486,binclass,27572,5515,6893,118,2,0.974611925141448,0.9746634676680848,0.9709528458779646,0.9969298703420484,0.0639637422109092,112.9046549797058,78.08734345436096,ok,,27572,22057,0,6893,0.1248497515916824,45,1e-05,True,110.55120635032654,full_train_epoch_chunks,full train set chunked per epoch | validation=dataset_val_split,30,3,epoch_chunk,accuracy,0.970444242973708,0.970988213961922,0.970444242973708,0.970988213961922,7,True,False,,last_layers,"col,row,icl",2681098.0,0.0973095562621401,,tabiclv2
OpenML-ID-1487,/home/crc00006699/zh/tabiclv2/openml_cc18/OpenML-ID-1487,binclass,2027,406,507,72,2,0.9546351084812624,0.9468295802699368,0.684342105263158,0.9488815789473684,0.1218833862171235,9.575573921203612,1.6045079231262207,ok,,2027,1621,0,507,0.2165247946977615,12,1e-05,True,9.327836751937866,full_train_epoch_chunks,full train set chunked per epoch | validation=dataset_val_split,30,1,epoch_chunk,accuracy,0.9408866995073892,0.9433497536945812,0.9408866995073892,0.9433497536945812,4,True,False,,last_layers,"col,row,icl",2681098.0,0.0973095562621401,,tabiclv2
OpenML-ID-1489,/home/crc00006699/zh/tabiclv2/openml_cc18/OpenML-ID-1489,binclass,4323,865,1081,5,2,0.9037927844588344,0.9037927844588344,0.8839496589426397,0.9656485870480784,0.2184456203048236,2.611070156097412,0.8428137302398682,ok,,4323,3458,0,1081,0.2406747862696647,8,1e-05,True,2.5681257247924805,full_train_epoch_chunks,full train set chunked per epoch | validation=dataset_val_split,30,1,epoch_chunk,accuracy,0.9260115606936417,0.9260115606936417,0.9260115606936417,0.9260115606936417,0,True,False,,last_layers,"col,row,icl",2681098.0,0.0973095562621401,,tabiclv2
OpenML-ID-1494,/home/crc00006699/zh/tabiclv2/openml_cc18/OpenML-ID-1494,binclass,844,169,211,41,2,0.8909952606635071,0.8899623050083783,0.8692655935613682,0.945271629778672,0.2755513148899449,4.629935503005981,1.183701753616333,ok,,844,675,0,211,0.3499246835708618,10,1e-05,True,4.524316549301148,full_train_epoch_chunks,full train set chunked per epoch | validation=dataset_val_split,30,1,epoch_chunk,accuracy,0.8875739644970414,0.893491124260355,0.8875739644970414,0.893491124260355,2,True,False,,last_layers,"col,row,icl",2681098.0,0.0973095562621401,,tabiclv2
OpenML-ID-1497,/home/crc00006699/zh/tabiclv2/openml_cc18/OpenML-ID-1497,multiclass,4364,873,1092,24,4,0.9926739926739928,0.9926729029014852,0.988017934446506,0.9999535857385144,0.015300788436007,4.937879085540772,1.8290321826934812,ok,,4364,3491,0,1092,0.0310199409723281,8,1e-05,True,4.786283493041992,full_train_epoch_chunks,full train set chunked per epoch | validation=dataset_val_split,30,1,epoch_chunk,accuracy,0.986254295532646,0.986254295532646,0.986254295532646,0.986254295532646,0,True,False,,last_layers,"col,row,icl",2681098.0,0.0973095562621401,,tabiclv2
OpenML-ID-15,/home/crc00006699/zh/tabiclv2/openml_cc18/OpenML-ID-15,binclass,559,112,140,9,2,0.9571428571428572,0.9573446961202065,0.957427536231884,0.9932065217391304,0.1089099858973488,1.8546035289764404,0.4774677753448486,ok,,559,447,0,140,0.0221794936805963,8,1e-05,True,1.825058937072754,full_train_epoch_chunks,full train set chunked per epoch | validation=dataset_val_split,30,1,epoch_chunk,accuracy,0.9464285714285714,0.9464285714285714,0.9464285714285714,0.9464285714285714,0,True,False,,last_layers,"col,row,icl",2681098.0,0.0973095562621401,,tabiclv2
OpenML-ID-1501,/home/crc00006699/zh/tabiclv2/openml_cc18/OpenML-ID-1501,multiclass,1274,255,319,256,10,0.9686520376175548,0.9686948325435536,0.9686491935483872,0.999346065465263,0.1002647368154085,20.33789587020874,3.4730019569396973,ok,,1274,1019,0,319,0.2091229856014251,10,1e-05,True,19.611043214797974,full_train_epoch_chunks,full train set chunked per epoch | validation=dataset_val_split,30,1,epoch_chunk,accuracy,0.9568627450980391,0.9607843137254902,0.9568627450980391,0.9607843137254902,2,True,False,,last_layers,"col,row,icl",2681098.0,0.0973095562621401,,tabiclv2
OpenML-ID-151,/home/crc00006699/zh/tabiclv2/openml_cc18/OpenML-ID-151,binclass,36249,7250,9063,8,2,0.926293721725698,0.9262525686817936,0.9240328554086944,0.9808171195755088,0.1760995654700039,32.163926124572754,25.340375900268555,ok,,36249,28999,0,9063,0.3071299940347671,42,1e-05,True,31.9022228717804,full_train_epoch_chunks,full train set chunked per epoch | validation=dataset_val_split,30,3,epoch_chunk,accuracy,0.9136551724137932,0.9143448275862068,0.9136551724137932,0.9143448275862068,6,True,False,,last_layers,"col,row,icl",2681098.0,0.0973095562621401,,tabiclv2
OpenML-ID-1510,/home/crc00006699/zh/tabiclv2/openml_cc18/OpenML-ID-1510,binclass,455,91,114,30,2,0.9912280701754386,0.991205475258566,0.988095238095238,0.9973544973544972,0.0485935160654211,2.8806886672973637,0.6258456707000732,ok,,455,364,0,114,0.0405675005167722,8,1e-05,True,2.807557821273804,full_train_epoch_chunks,full train set chunked per epoch | validation=dataset_val_split,30,1,epoch_chunk,accuracy,0.956043956043956,0.956043956043956,0.956043956043956,0.956043956043956,0,True,False,,last_layers,"col,row,icl",2681098.0,0.0973095562621401,,tabiclv2
OpenML-ID-1590,/home/crc00006699/zh/tabiclv2/openml_cc18/OpenML-ID-1590,binclass,39073,7815,9769,14,2,0.8733749616132664,0.8685315389488729,0.7933537158913616,0.9274387956309538,0.2788569317112307,40.299052000045776,30.714738130569454,ok,,39073,31258,0,9769,0.3458648771047592,52,1e-05,True,39.80532646179199,full_train_epoch_chunks,full train set chunked per epoch | validation=dataset_val_split,30,4,epoch_chunk,accuracy,0.8715291106845809,0.872808701215611,0.8715291106845809,0.872808701215611,5,True,False,,last_layers,"col,row,icl",2681098.0,0.0973095562621401,,tabiclv2
OpenML-ID-16,/home/crc00006699/zh/tabiclv2/openml_cc18/OpenML-ID-16,multiclass,1600,320,400,64,10,0.975,0.975015727207024,0.975,0.9997013888888888,0.0921634156970051,5.544318675994873,1.2091064453125,ok,,1600,1280,0,400,0.0440454520285129,8,1e-05,True,5.340683937072754,full_train_epoch_chunks,full train set chunked per epoch | validation=dataset_val_split,30,1,epoch_chunk,accuracy,0.978125,0.978125,0.978125,0.978125,0,True,False,,last_layers,"col,row,icl",2681098.0,0.0973095562621401,,tabiclv2
OpenML-ID-18,/home/crc00006699/zh/tabiclv2/openml_cc18/OpenML-ID-18,multiclass,1600,320,400,6,10,0.7725,0.7647686474059745,0.7725,0.974125,0.4927049781698864,3.668242931365967,0.5108561515808105,ok,,1600,1280,0,400,0.635778397321701,16,1e-05,True,3.6382102966308594,full_train_epoch_chunks,full train set chunked per epoch | validation=dataset_val_split,30,1,epoch_chunk,accuracy,0.74375,0.753125,0.74375,0.753125,8,True,False,,last_layers,"col,row,icl",2681098.0,0.0973095562621401,,tabiclv2
OpenML-ID-182,/home/crc00006699/zh/tabiclv2/openml_cc18/OpenML-ID-182,multiclass,5144,1029,1286,36,6,0.9416796267496113,0.9403661525823096,0.9237728144634124,0.9965364937329352,0.1381857538439007,7.239582061767578,2.5960705280303955,ok,,5144,4115,0,1286,0.2105725482106208,8,1e-05,True,6.979280710220337,full_train_epoch_chunks,full train set chunked per epoch | validation=dataset_val_split,30,1,epoch_chunk,accuracy,0.93488824101069,0.93488824101069,0.93488824101069,0.93488824101069,0,True,False,,last_layers,"col,row,icl",2681098.0,0.0973095562621401,,tabiclv2
OpenML-ID-188,/home/crc00006699/zh/tabiclv2/openml_cc18/OpenML-ID-188,multiclass,588,118,148,19,5,0.7297297297297297,0.7293510031712577,0.7103592789639301,0.9403446256906092,0.6066241712511887,2.1096668243408203,0.6000983715057373,ok,,588,470,0,148,0.7259230613708496,8,1e-05,True,2.0722482204437256,full_train_epoch_chunks,full train set chunked per epoch | validation=dataset_val_split,30,1,epoch_chunk,accuracy,0.7796610169491526,0.7796610169491526,0.7796610169491526,0.7796610169491526,0,True,False,,last_layers,"col,row,icl",2681098.0,0.0973095562621401,,tabiclv2
OpenML-ID-22,/home/crc00006699/zh/tabiclv2/openml_cc18/OpenML-ID-22,multiclass,1600,320,400,47,10,0.8975,0.8959477977682886,0.8975,0.9928194444444444,0.2201687420036846,10.94629430770874,1.003849983215332,ok,,1600,1280,0,400,0.2461062520742416,21,1e-05,True,10.789260149002075,full_train_epoch_chunks,full train set chunked per epoch | validation=dataset_val_split,30,1,epoch_chunk,accuracy,0.865625,0.878125,0.865625,0.878125,13,True,False,,last_layers,"col,row,icl",2681098.0,0.0973095562621401,,tabiclv2
OpenML-ID-23,/home/crc00006699/zh/tabiclv2/openml_cc18/OpenML-ID-23,multiclass,1178,236,295,9,3,0.6033898305084746,0.603014989366664,0.5784569217405039,0.7692468203558227,0.8665532175646604,2.703098058700561,0.4224402904510498,ok,,1178,942,0,295,0.8983209431171417,11,1e-05,True,2.6723008155822754,full_train_epoch_chunks,full train set chunked per epoch | validation=dataset_val_split,30,1,epoch_chunk,accuracy,0.5508474576271186,0.5550847457627118,0.5508474576271186,0.5550847457627118,3,True,False,,last_layers,"col,row,icl",2681098.0,0.0973095562621401,,tabiclv2
OpenML-ID-23381,/home/crc00006699/zh/tabiclv2/openml_cc18/OpenML-ID-23381,binclass,400,80,100,12,2,0.65,0.612973227974997,0.6030377668308703,0.6564039408866995,0.6433346090849171,1.8635282516479488,0.4027268886566162,ok,,400,320,0,100,0.7034988403320312,8,1e-05,True,1.8316054344177248,full_train_epoch_chunks,full train set chunked per epoch | validation=dataset_val_split,30,1,epoch_chunk,accuracy,0.6375,0.6375,0.6375,0.6375,0,True,False,,last_layers,"col,row,icl",2681098.0,0.0973095562621401,,tabiclv2
OpenML-ID-23517,/home/crc00006699/zh/tabiclv2/openml_cc18/OpenML-ID-23517,binclass,77056,15412,19264,21,2,0.516767026578073,0.5099976580198837,0.5155480128027011,0.5256189633758371,0.6920982213255847,90.68671441078186,106.33811068534852,ok,,77056,61644,0,19264,0.6888010799884796,63,1e-05,True,88.77782273292542,full_train_epoch_chunks,full train set chunked per epoch | validation=dataset_val_split,30,7,epoch_chunk,accuracy,0.5226446924474436,0.5235530755255645,0.5226446924474436,0.5235530755255645,1,True,False,,last_layers,"col,row,icl",2681098.0,0.0973095562621401,,tabiclv2
OpenML-ID-28,/home/crc00006699/zh/tabiclv2/openml_cc18/OpenML-ID-28,multiclass,4496,900,1124,64,10,0.9973309608540926,0.997330908588654,0.9973370927318296,0.9999911977553776,0.0091045604939639,9.232646942138672,3.130131959915161,ok,,4496,3596,0,1124,0.0210041208192706,8,1e-05,True,8.870361804962158,full_train_epoch_chunks,full train set chunked per epoch | validation=dataset_val_split,30,1,epoch_chunk,accuracy,0.9933333333333332,0.9933333333333332,0.9933333333333332,0.9933333333333332,0,True,False,,last_layers,"col,row,icl",2681098.0,0.0973095562621401,,tabiclv2
OpenML-ID-29,/home/crc00006699/zh/tabiclv2/openml_cc18/OpenML-ID-29,binclass,552,111,138,15,2,0.8623188405797102,0.8627190130559621,0.8647008728975942,0.9148392591015542,0.3814237318249065,2.076341152191162,0.550600528717041,ok,,552,441,0,138,0.2248935252428054,8,1e-05,True,2.041122913360596,full_train_epoch_chunks,full train set chunked per epoch | validation=dataset_val_split,30,1,epoch_chunk,accuracy,0.8468468468468469,0.8468468468468469,0.8468468468468469,0.8468468468468469,0,True,False,,last_layers,"col,row,icl",2681098.0,0.0973095562621401,,tabiclv2
OpenML-ID-3,/home/crc00006699/zh/tabiclv2/openml_cc18/OpenML-ID-3,binclass,2556,512,640,36,2,0.996875,0.996875,0.9968690070838716,0.9999510782356856,0.0083223836828101,4.139608860015869,1.3133702278137207,ok,,2556,2044,0,640,0.0150877344422042,8,1e-05,True,4.00939679145813,full_train_epoch_chunks,full train set chunked per epoch | validation=dataset_val_split,30,1,epoch_chunk,accuracy,0.982421875,0.982421875,0.982421875,0.982421875,0,True,False,,last_layers,"col,row,icl",2681098.0,0.0973095562621401,,tabiclv2
OpenML-ID-31,/home/crc00006699/zh/tabiclv2/openml_cc18/OpenML-ID-31,binclass,800,160,200,20,2,0.75,0.741248097412481,0.6738095238095239,0.7867857142857143,0.4940865546426516,3.027480363845825,0.7987620830535889,ok,,800,640,0,200,0.4939607977867126,11,1e-05,True,2.978318929672241,full_train_epoch_chunks,full train set chunked per epoch | validation=dataset_val_split,30,1,epoch_chunk,accuracy,0.78125,0.7875,0.78125,0.7875,3,True,False,,last_layers,"col,row,icl",2681098.0,0.0973095562621401,,tabiclv2
OpenML-ID-32,/home/crc00006699/zh/tabiclv2/openml_cc18/OpenML-ID-32,multiclass,8793,1759,2199,16,10,0.9972714870395636,0.9972742335430836,0.9972309029574288,0.9998063393099016,0.012018639426652,6.772232055664063,3.5026285648345947,ok,,8793,7034,0,2199,0.0054594851098954,8,1e-05,True,6.5794196128845215,full_train_epoch_chunks,full train set chunked per epoch | validation=dataset_val_split,30,1,epoch_chunk,accuracy,0.9982944855031268,0.9982944855031268,0.9982944855031268,0.9982944855031268,0,True,False,,last_layers,"col,row,icl",2681098.0,0.0973095562621401,,tabiclv2
OpenML-ID-37,/home/crc00006699/zh/tabiclv2/openml_cc18/OpenML-ID-37,binclass,614,123,154,8,2,0.7272727272727273,0.7232230932973366,0.6877777777777778,0.8131481481481481,0.5093033932622425,1.8589084148406985,0.4936916828155517,ok,,614,491,0,154,0.4152415096759796,8,1e-05,True,1.830263376235962,full_train_epoch_chunks,full train set chunked per epoch | validation=dataset_val_split,30,1,epoch_chunk,accuracy,0.7967479674796748,0.7967479674796748,0.7967479674796748,0.7967479674796748,0,True,False,,last_layers,"col,row,icl",2681098.0,0.0973095562621401,,tabiclv2
OpenML-ID-38,/home/crc00006699/zh/tabiclv2/openml_cc18/OpenML-ID-38,binclass,3017,604,755,29,2,0.9933774834437086,0.993272858689188,0.9558165205126632,0.9994174280983628,0.0168651316793657,4.177403926849365,1.3047492504119873,ok,,3017,2413,0,755,0.0458813793957233,9,1e-05,True,4.072344064712524,full_train_epoch_chunks,full train set chunked per epoch | validation=dataset_val_split,30,1,epoch_chunk,accuracy,0.98841059602649,0.9900662251655628,0.98841059602649,0.9900662251655628,1,True,False,,last_layers,"col,row,icl",2681098.0,0.0973095562621401,,tabiclv2
OpenML-ID-40668,/home/crc00006699/zh/tabiclv2/openml_cc18/OpenML-ID-40668,multiclass,54045,10809,13512,42,3,0.8618265245707519,0.8492485307108004,0.6942575681433455,0.9453068887070984,0.3395690654141798,66.62969374656677,101.7030119895935,ok,,54045,43236,0,13512,0.5643682479858398,40,1e-05,True,64.56511068344116,full_train_epoch_chunks,full train set chunked per epoch | validation=dataset_val_split,30,5,epoch_chunk,accuracy,0.8514201128689055,0.8514201128689055,0.8514201128689055,0.8514201128689055,0,True,False,,last_layers,"col,row,icl",2681098.0,0.0973095562621401,,tabiclv2
OpenML-ID-40670,/home/crc00006699/zh/tabiclv2/openml_cc18/OpenML-ID-40670,multiclass,2548,510,638,180,3,0.9717868338557992,0.9719225529564052,0.9714135951918074,0.997980097351232,0.078726645084531,14.196435689926147,5.252821922302246,ok,,2548,2038,0,638,0.1334305256605148,8,1e-05,True,13.563424348831177,full_train_epoch_chunks,full train set chunked per epoch | validation=dataset_val_split,30,1,epoch_chunk,accuracy,0.9705882352941176,0.9705882352941176,0.9705882352941176,0.9705882352941176,0,True,False,,last_layers,"col,row,icl",2681098.0,0.0973095562621401,,tabiclv2
OpenML-ID-40701,/home/crc00006699/zh/tabiclv2/openml_cc18/OpenML-ID-40701,binclass,4000,800,1000,20,2,0.967,0.9656316025636732,0.8948348318595761,0.93249201198821,0.1216297955624061,3.779048442840576,1.5456581115722656,ok,,4000,3200,0,1000,0.129354603588581,8,1e-05,True,3.693353176116944,full_train_epoch_chunks,full train set chunked per epoch | validation=dataset_val_split,30,1,epoch_chunk,accuracy,0.97125,0.97125,0.97125,0.97125,0,True,False,,last_layers,"col,row,icl",2681098.0,0.0973095562621401,,tabiclv2
OpenML-ID-40927,/home/crc00006699/zh/tabiclv2/openml_cc18/OpenML-ID-40927,multiclass,0,0,0,0,0,,,,,,0.0,0.0,fail,"OutOfMemoryError: CUDA out of memory. Tried to allocate 5.49 GiB. GPU 0 has a total capacity of 23.57 GiB of which 3.46 GiB is free. Process 47465 has 20.03 GiB memory in use. Of the allocated memory 16.60 GiB is allocated by PyTorch, and 3.09 GiB is reserved by PyTorch but unallocated. If reserved but unallocated memory is large try setting PYTORCH_CUDA_ALLOC_CONF=expandable_segments:True to avoid fragmentation.  See documentation for Memory Management  (https://pytorch.org/docs/stable/notes/cuda.html#environment-variables)",0,0,0,0,,0,,False,0.0,,,0,0,,,,,,,0,False,False,,last_layers,"col,row,icl",,,,tabiclv2
OpenML-ID-40966,/home/crc00006699/zh/tabiclv2/openml_cc18/OpenML-ID-40966,multiclass,864,173,216,77,8,1.0,1.0,1.0,1.0,5.461549255884504e-06,5.584995746612549,0.8071534633636475,ok,,864,691,0,216,6.877123450976796e-05,8,1e-05,True,5.390984535217285,full_train_epoch_chunks,full train set chunked per epoch | validation=dataset_val_split,30,1,epoch_chunk,accuracy,1.0,1.0,1.0,1.0,0,True,False,,last_layers,"col,row,icl",2681098.0,0.0973095562621401,,tabiclv2
OpenML-ID-40975,/home/crc00006699/zh/tabiclv2/openml_cc18/OpenML-ID-40975,multiclass,1382,277,346,6,4,1.0,1.0,1.0,1.0,0.0107111145296583,1.7303128242492676,0.3178770542144775,ok,,1382,1105,0,346,0.038645539432764,8,1e-05,True,1.7056574821472168,full_train_epoch_chunks,full train set chunked per epoch | validation=dataset_val_split,30,1,epoch_chunk,accuracy,0.9747292418772564,0.9747292418772564,0.9747292418772564,0.9747292418772564,0,True,False,,last_layers,"col,row,icl",2681098.0,0.0973095562621401,,tabiclv2
OpenML-ID-40978,/home/crc00006699/zh/tabiclv2/openml_cc18/OpenML-ID-40978,binclass,2623,525,656,1558,2,0.975609756097561,0.9750160497787028,0.9266882516188716,0.9742522355843356,0.0761153176583176,147.73232460021973,70.32443475723267,ok,,2623,2098,0,656,0.0676526427268982,8,1e-05,True,140.87507390975952,full_train_epoch_chunks,full train set chunked per epoch | validation=dataset_val_split,30,1,epoch_chunk,accuracy,0.9752380952380952,0.9752380952380952,0.9752380952380952,0.9752380952380952,0,True,False,,last_layers,"col,row,icl",2681098.0,0.0973095562621401,,tabiclv2
OpenML-ID-40979,/home/crc00006699/zh/tabiclv2/openml_cc18/OpenML-ID-40979,multiclass,1600,320,400,240,10,0.975,0.97494801061037,0.975,0.9995416666666668,0.1173539692116859,16.146974086761475,4.264081001281738,ok,,1600,1280,0,400,0.0469305384904146,8,1e-05,True,15.407416582107544,full_train_epoch_chunks,full train set chunked per epoch | validation=dataset_val_split,30,1,epoch_chunk,accuracy,0.98125,0.98125,0.98125,0.98125,0,True,False,,last_layers,"col,row,icl",2681098.0,0.0973095562621401,,tabiclv2
OpenML-ID-40982,/home/crc00006699/zh/tabiclv2/openml_cc18/OpenML-ID-40982,multiclass,1552,311,389,27,7,0.8200514138817481,0.8200317251246786,0.830110989446829,0.974265477272387,0.4559434008061113,3.3261959552764893,0.7307150363922119,ok,,1552,1241,0,389,0.4587715864181518,8,1e-05,True,3.231208562850952,full_train_epoch_chunks,full train set chunked per epoch | validation=dataset_val_split,30,1,epoch_chunk,accuracy,0.8070739549839229,0.8070739549839229,0.8070739549839229,0.8070739549839229,0,True,False,,last_layers,"col,row,icl",2681098.0,0.0973095562621401,,tabiclv2
OpenML-ID-40983,/home/crc00006699/zh/tabiclv2/openml_cc18/OpenML-ID-40983,binclass,3871,775,968,5,2,0.9917355371900828,0.9917355371900828,0.9593550554249244,0.9980265367819952,0.0252779454207272,2.245145559310913,0.7032418251037598,ok,,3871,3096,0,968,0.0278379628434777,8,1e-05,True,2.206064462661743,full_train_epoch_chunks,full train set chunked per epoch | validation=dataset_val_split,30,1,epoch_chunk,accuracy,0.9870967741935484,0.9870967741935484,0.9870967741935484,0.9870967741935484,0,True,False,,last_layers,"col,row,icl",2681098.0,0.0973095562621401,,tabiclv2
OpenML-ID-40984,/home/crc00006699/zh/tabiclv2/openml_cc18/OpenML-ID-40984,multiclass,1848,370,462,16,7,0.9545454545454546,0.9545478826122294,0.9545454545454544,0.9972233154051338,0.13822617154678,2.708218812942505,0.7085175514221191,ok,,1848,1478,0,462,0.1595191285014152,8,1e-05,True,2.6448328495025635,full_train_epoch_chunks,full train set chunked per epoch | validation=dataset_val_split,30,1,epoch_chunk,accuracy,0.9486486486486486,0.9486486486486486,0.9486486486486486,0.9486486486486486,0,True,False,,last_layers,"col,row,icl",2681098.0,0.0973095562621401,,tabiclv2
OpenML-ID-40994,/home/crc00006699/zh/tabiclv2/openml_cc18/OpenML-ID-40994,binclass,432,87,108,18,2,0.9537037037037036,0.94537072123279,0.7222222222222222,0.9180695847362514,0.1599311978675449,2.143886089324951,0.500373363494873,ok,,432,345,0,108,0.166914090514183,8,1e-05,True,2.098205089569092,full_train_epoch_chunks,full train set chunked per epoch | validation=dataset_val_split,30,1,epoch_chunk,accuracy,0.9655172413793104,0.9655172413793104,0.9655172413793104,0.9655172413793104,0,True,False,,last_layers,"col,row,icl",2681098.0,0.0973095562621401,,tabiclv2
OpenML-ID-40996,,,,,,,,,,,,,,,fail,"RecoveryProcessError: runner exit_code=1; no valid single-dataset result row. log_tail=out_dir: /home/crc00006699/zh/tabiclv2/results/PEFT/_recovery/openmlcc18_peft_2x3_full_20260717_113939_targeted_recovery/attempts/tabiclv2/last_layers/OpenML-ID-40996/attempt_1
[ft-val] model=tabicl-classifier-v2-20260212 dataset=OpenML-ID-40996 baseline_accuracy=0.905179
saved_all_csv: /home/crc00006699/zh/tabiclv2/results/PEFT/_recovery/openmlcc18_peft_2x3_full_20260717_113939_targeted_recovery/attempts/tabiclv2/last_layers/OpenML-ID-40996/attempt_1/all_classification_results.csv
saved_summary: /home/crc00006699/zh/tabiclv2/results/PEFT/_recovery/openmlcc18_peft_2x3_full_20260717_113939_targeted_recovery/attempts/tabiclv2/last_layers/OpenML-ID-40996/attempt_1/summary.txt
model_kwargs:
{
  ""n_estimators"": 32,
  ""batch_size"": 8,
  ""kv_cache"": false,
  ""allow_auto_download"": true,
  ""checkpoint_version"": ""tabicl-classifier-v2-20260212.ckpt"",
  ""use_amp"": ""auto"",
  ""use_fa3"": ""auto"",
  ""offload_mode"": ""auto"",
  ""random_state"": 42,
  ""model_path"": ""/home/crc00006699/zh/tabiclv2/tabicl-classifier-v2-20260212.ckpt""
}
ft_config:
{
  ""enabled"": true,
  ""lr"": 1e-05,
  ""scheduler"": ""cosine_warmup"",
  ""warmup_proportion"": 0.1,
  ""grad_clip"": 1.0,
  ""amp"": ""auto"",
  ""dtype"": ""float32"",
  ""micro_batch_size"": 1,
  ""weight_decay"": 0.01,
  ""epochs"": 30,
  ""steps"": 30,
  ""max_chunk_size"": 10000,
  ""min_chunk_size"": 50,
  ""query_ratio"": 0.2,
  ""n_estimators_finetune"": 2,
  ""early_stopping"": true,
  ""patience"": 8,
  ""min_delta"": 0.0001,
  ""eval_metric"": ""accuracy"",
  ""validation_fraction"": 0.1,
  ""validation_n_estimators"": 2,
  ""freeze_col"": false,
  ""freeze_row"": false,
  ""freeze_icl"": false,
  ""train_fraction"": 0.75,
  ""random_state"": 42,
  ""data_parallel"": true,
  ""gpu_group"": null,
  ""save_ckpt"": false,
  ""save_ckpt_every"": 30,
  ""save_ckpt_start_step"": null,
  ""ckpt_root"": ""/home/crc00006699/zh/tabiclv2/results/PEFT/_recovery/openmlcc18_peft_2x3_full_20260717_113939_targeted_recovery/attempts/tabiclv2/last_layers/OpenML-ID-40996/attempt_1/ft_ckpts"",
  ""peft_method"": ""last_layers"",
  ""peft_targets"": ""col,row,icl"",
  ""lora_rank"": 4,
  ""lora_alpha"": 8.0,
  ""lora_dropout"": 0.0,
  ""last_n_icl_blocks"": 1
}
Traceback (most recent call last):
  File ""/home/crc00006699/zh/tabiclv2/PEFT_Tabicl/1C_Chunk_PEFT.py"", line 4376, in <module>
    main()
  File ""/home/crc00006699/zh/tabiclv2/PEFT_Tabicl/1C_Chunk_PEFT.py"", line 4360, in main
    run_single_model_mode(args, dataset_dirs, gpu_ids, gpu_groups, out_dir)
  File ""/home/crc00006699/zh/tabiclv2/PEFT_Tabicl/1C_Chunk_PEFT.py"", line 4112, in run_single_model_mode
    raise RuntimeError(f""TabICL FT worker output integrity check failed: {details}"")
RuntimeError: TabICL FT worker output integrity check failed: worker_0: worker exited with exitcode=-15; completed_count=0; worker_0: missing worker CSV: /home/crc00006699/zh/tabiclv2/results/PEFT/_recovery/openmlcc18_peft_2x3_full_20260717_113939_targeted_recovery/attempts/tabiclv2/last_layers/OpenML-ID-40996/attempt_1/worker_0.csv
",,,,,,,,False,,,,,,,,,,,,,,False,,last_layers,,,,,tabiclv2
OpenML-ID-41027,/home/crc00006699/zh/tabiclv2/openml_cc18/OpenML-ID-41027,multiclass,35855,7171,8964,6,3,0.892793395805444,0.8925251352242397,0.8551290079563462,0.9864072876594168,0.173714362255539,55.209479331970215,24.31707334518433,ok,,35855,28684,0,8964,0.2466313317418098,75,1e-05,True,54.92737174034119,full_train_epoch_chunks,full train set chunked per epoch | validation=dataset_val_split,30,3,epoch_chunk,accuracy,0.8933203179472877,0.89834053827918,0.8933203179472877,0.89834053827918,17,True,False,,last_layers,"col,row,icl",2681098.0,0.0973095562621401,,tabiclv2
OpenML-ID-4134,/home/crc00006699/zh/tabiclv2/openml_cc18/OpenML-ID-4134,binclass,3000,600,751,1776,2,0.7842876165113183,0.7841279267059319,0.7820838809210902,0.8611793611793611,0.4682092274336771,195.7743501663208,122.96212887763976,ok,,3000,2400,0,751,0.5338409841060638,8,1e-05,True,187.5347547531128,full_train_epoch_chunks,full train set chunked per epoch | validation=dataset_val_split,30,1,epoch_chunk,accuracy,0.7566666666666667,0.7566666666666667,0.7566666666666667,0.7566666666666667,0,True,False,,last_layers,"col,row,icl",2681098,0.0973095562621401,,tabiclv2
OpenML-ID-44,/home/crc00006699/zh/tabiclv2/openml_cc18/OpenML-ID-44,binclass,3680,736,921,57,2,0.9587404994571118,0.9587404994571118,0.9568041114961936,0.9920317544950976,0.1127599270116248,11.663873434066772,4.121105432510376,ok,,3680,2944,0,921,0.1372680962085724,8,1e-05,True,11.367963075637816,full_train_epoch_chunks,full train set chunked per epoch | validation=dataset_val_split,30,1,epoch_chunk,accuracy,0.967391304347826,0.967391304347826,0.967391304347826,0.967391304347826,0,True,False,,last_layers,"col,row,icl",2681098.0,0.0973095562621401,,tabiclv2
OpenML-ID-4534,/home/crc00006699/zh/tabiclv2/openml_cc18/OpenML-ID-4534,binclass,8844,1769,2211,30,2,0.9805517865219358,0.9805310686674488,0.9793095873605332,0.99872925612162,0.0455300151371165,17.235090970993042,6.103431463241577,ok,,8844,7075,0,2211,0.0623748898506164,14,1e-05,True,16.94632649421692,full_train_epoch_chunks,full train set chunked per epoch | validation=dataset_val_split,30,1,epoch_chunk,accuracy,0.9762577727529678,0.9768230638778972,0.9762577727529678,0.9768230638778972,6,True,False,,last_layers,"col,row,icl",2681098,0.0973095562621401,,tabiclv2
OpenML-ID-4538,/home/crc00006699/zh/tabiclv2/openml_cc18/OpenML-ID-4538,multiclass,7898,1580,1975,32,5,0.8283544303797469,0.8270432494459518,0.8031007964032153,0.9674172130334172,0.4794911222352571,38.72533369064331,4.173550367355347,ok,,7898,6318,0,1975,0.6702830195426941,8,1e-05,True,38.40357232093811,full_train_epoch_chunks,full train set chunked per epoch | validation=dataset_val_split,30,1,epoch_chunk,accuracy,0.7867088607594936,0.7867088607594936,0.7867088607594936,0.7867088607594936,0,True,False,,last_layers,"col,row,icl",2681098.0,0.0973095562621401,,tabiclv2
OpenML-ID-458,/home/crc00006699/zh/tabiclv2/openml_cc18/OpenML-ID-458,multiclass,672,135,169,70,4,1.0,1.0,1.0,1.0,0.0015965469704827,8.213354587554932,0.9524471759796144,ok,,672,537,0,169,0.0016076230676844,8,1e-05,True,7.803363800048828,full_train_epoch_chunks,full train set chunked per epoch | validation=dataset_val_split,30,1,epoch_chunk,accuracy,1.0,1.0,1.0,1.0,0,True,False,,last_layers,"col,row,icl",2681098,0.0973095562621401,,tabiclv2
OpenML-ID-46,/home/crc00006699/zh/tabiclv2/openml_cc18/OpenML-ID-46,multiclass,2552,511,638,60,3,0.9608150470219436,0.9607765132232094,0.9538905861102412,0.996896269173741,0.0975799984189744,6.146698474884033,1.8692858219146729,ok,,2552,2041,0,638,0.1263985782861709,8,1e-05,True,5.9236931800842285,full_train_epoch_chunks,full train set chunked per epoch | validation=dataset_val_split,30,1,epoch_chunk,accuracy,0.9686888454011742,0.9686888454011742,0.9686888454011742,0.9686888454011742,0,True,False,,last_layers,"col,row,icl",2681098.0,0.0973095562621401,,tabiclv2
OpenML-ID-469,/home/crc00006699/zh/tabiclv2/openml_cc18/OpenML-ID-469,multiclass,637,128,160,4,6,0.23125,0.2215290604686654,0.2352767821585026,0.5656428654643472,1.784656135229952,14.311010837554932,0.4111425876617431,ok,,637,509,0,160,1.7815449237823486,19,1e-05,True,14.293779134750366,full_train_epoch_chunks,full train set chunked per epoch | validation=dataset_val_split,30,1,epoch_chunk,accuracy,0.171875,0.1875,0.171875,0.1875,11,True,False,,last_layers,"col,row,icl",2681098,0.0973095562621401,,tabiclv2
OpenML-ID-50,/home/crc00006699/zh/tabiclv2/openml_cc18/OpenML-ID-50,binclass,766,154,192,9,2,0.984375,0.9842887261261803,0.9776119402985076,1.0,0.0298131727495142,1.7354736328125,0.6081147193908691,ok,,766,612,0,192,0.0363528653979301,8,1e-05,True,1.7082765102386477,full_train_epoch_chunks,full train set chunked per epoch | validation=dataset_val_split,30,1,epoch_chunk,accuracy,0.987012987012987,0.987012987012987,0.987012987012987,0.987012987012987,0,True,False,,last_layers,"col,row,icl",2681098.0,0.0973095562621401,,tabiclv2
OpenML-ID-54,/home/crc00006699/zh/tabiclv2/openml_cc18/OpenML-ID-54,multiclass,676,136,170,18,4,0.8764705882352941,0.87399709513435,0.8766233766233766,0.9748813469516596,0.2565554998338608,4.867503881454468,0.747549295425415,ok,,676,540,0,170,0.2516598403453827,8,1e-05,True,4.815231323242188,full_train_epoch_chunks,full train set chunked per epoch | validation=dataset_val_split,30,1,epoch_chunk,accuracy,0.9044117647058824,0.9044117647058824,0.9044117647058824,0.9044117647058824,0,True,False,,last_layers,"col,row,icl",2681098,0.0973095562621401,,tabiclv2
OpenML-ID-554,/home/crc00006699/zh/tabiclv2/openml_cc18/OpenML-ID-554,multiclass,56000,11200,14000,784,10,0.9925714285714284,0.9925703225794732,0.9924783776843508,0.9999413604879324,0.0257664093193306,135.14123630523682,3262.223573923111,ok,,56000,44800,0,14000,,0,1e-05,False,99.70592880249023,full_train_epoch_chunks,"full train set chunked per epoch | validation=dataset_val_split | FT OOM; used original model parameters for inference: OutOfMemoryError: CUDA out of memory. Tried to allocate 3.24 GiB. GPU 0 has a total capacity of 23.57 GiB of which 1.15 GiB is free. Process 47465 has 22.34 GiB memory in use. Of the allocated memory 17.82 GiB is allocated by PyTorch, and 4.19 GiB is reserved by PyTorch but unallocated. If reserved but unallocated memory is large try setting PYTORCH_CUDA_ALLOC_CONF=expandable_segments:True to avoid fragmentation. See documentation for Memory Management (https://pytorch.org/docs/stable/notes/cuda.html#environment-variables)",0,0,,,,,,,0,False,True,"FT OOM; used original model parameters for inference: OutOfMemoryError: CUDA out of memory. Tried to allocate 3.24 GiB. GPU 0 has a total capacity of 23.57 GiB of which 1.15 GiB is free. Process 47465 has 22.34 GiB memory in use. Of the allocated memory 17.82 GiB is allocated by PyTorch, and 4.19 GiB is reserved by PyTorch but unallocated. If reserved but unallocated memory is large try setting PYTORCH_CUDA_ALLOC_CONF=expandable_segments:True to avoid fragmentation. See documentation for Memory Management (https://pytorch.org/docs/stable/notes/cuda.html#environment-variables)",last_layers,"col,row,icl",,,,tabiclv2
OpenML-ID-6332,/home/crc00006699/zh/tabiclv2/openml_cc18/OpenML-ID-6332,binclass,432,87,108,37,2,0.8888888888888888,0.8888888888888888,0.8863955119214586,0.9488078541374474,0.2779602879515014,5.131168365478516,0.755648136138916,ok,,432,345,0,108,0.3910950124263763,8,1e-05,True,5.0707337856292725,full_train_epoch_chunks,full train set chunked per epoch | validation=dataset_val_split,30,1,epoch_chunk,accuracy,0.7126436781609196,0.7126436781609196,0.7126436781609196,0.7126436781609196,0,True,False,,last_layers,"col,row,icl",2681098,0.0973095562621401,,tabiclv2
