dataset_name,dataset_dir,task_type,n_train,n_val,n_test,n_features,n_classes,accuracy,f1,balanced_accuracy,roc_auc,log_loss,fit_seconds,predict_seconds,status,error,n_train_a,n_train_b,n_holdout_c,n_test_d,ttt_loss,ttt_wise_ft,ttt_wise_alpha,ttt_wise_applied,ttt_steps,ttt_lr,ttt_applied,ttt_update_seconds,ttt_split_strategy,ttt_split_reason,ttt_epochs,ttt_chunks_per_epoch,ttt_batch_mode,ttt_val_eval_metric,ttt_val_baseline_metric,ttt_val_best_metric,ttt_val_baseline_accuracy,ttt_val_best_accuracy,ttt_best_epoch,ttt_stopped_early,ttt_oom_fallback,ttt_fallback_reason,ttt_c_selection,ttt_c_source,ttt_c_metric,ttt_c_f_distance_mean,ttt_c_f_distance_std,ttt_c_fallback_reason,ttt_c_label_coverage_ok
OpenML-ID-1049,/home/crc00006699/zh/tabiclv2/openml_cc18/OpenML-ID-1049,binclass,1166,234,292,37,2,0.910958904109589,0.9074272635916472,0.7582465277777778,0.9618055555555556,0.1938312474456011,34.53995656967163,0.6634740829467773,ok,,1166,932,0,292,0.1143652871251106,True,0.1,True,19,1e-05,True,34.422051429748535,full_train_epoch_chunks,full train set chunked per epoch | validation=dataset_val_split | wise_ft=alpha0.1 rows=1458<2000,30,1,epoch_chunk,accuracy,0.9188034188034188,0.9273504273504274,0.9188034188034188,0.9273504273504274,11,True,False,,random,none,tabicl_encoded_l2,,,,True
OpenML-ID-1050,/home/crc00006699/zh/tabiclv2/openml_cc18/OpenML-ID-1050,binclass,1250,250,313,37,2,0.9009584664536742,0.8713234468060816,0.5571619217081851,0.8383563167259787,0.2606521922778339,8.886103391647339,0.6868801116943359,ok,,1250,1000,0,313,0.2185995578765869,True,0.1,True,14,1e-05,True,8.77086615562439,full_train_epoch_chunks,full train set chunked per epoch | validation=dataset_val_split | wise_ft=alpha0.1 rows=1563<2000,30,1,epoch_chunk,accuracy,0.884,0.896,0.884,0.896,6,True,False,,random,none,tabicl_encoded_l2,,,,True
OpenML-ID-1053,/home/crc00006699/zh/tabiclv2/openml_cc18/OpenML-ID-1053,binclass,8708,1742,2177,21,2,0.8222324299494718,0.7888501857371497,0.5981663140694409,0.7636410488099167,0.4254550362631522,31.084599018096924,3.7305614948272714,ok,,8708,6966,0,2177,0.4081199914216995,True,0.1,False,23,1e-05,True,30.85234951972961,full_train_epoch_chunks,full train set chunked per epoch | validation=dataset_val_split | wise_ft_skipped rows=10885>=2000,30,1,epoch_chunk,accuracy,0.8249138920780712,0.8346727898966705,0.8249138920780712,0.8346727898966705,15,True,False,,random,none,tabicl_encoded_l2,,,,True
OpenML-ID-1063,/home/crc00006699/zh/tabiclv2/openml_cc18/OpenML-ID-1063,binclass,417,84,105,21,2,0.8285714285714286,0.8134646962233169,0.6744249726177437,0.7620481927710844,0.4731783064653891,4.456244707107544,0.7168314456939697,ok,,417,333,0,105,0.2995254099369049,True,0.1,True,11,1e-05,True,4.401119709014893,full_train_epoch_chunks,full train set chunked per epoch | validation=dataset_val_split | wise_ft=alpha0.1 rows=522<2000,30,1,epoch_chunk,accuracy,0.8571428571428571,0.8690476190476191,0.8571428571428571,0.8690476190476191,3,True,False,,random,none,tabicl_encoded_l2,,,,True
OpenML-ID-1067,/home/crc00006699/zh/tabiclv2/openml_cc18/OpenML-ID-1067,binclass,1687,338,422,21,2,0.8720379146919431,0.855423482647913,0.6601163542340013,0.856711915535445,0.3029108468222224,4.048035621643066,0.6990504264831543,ok,,1687,1349,0,422,0.3413582742214203,True,0.1,False,8,1e-05,True,3.966757297515869,full_train_epoch_chunks,full train set chunked per epoch | validation=dataset_val_split | wise_ft_skipped rows=2109>=2000,30,1,epoch_chunk,accuracy,0.878698224852071,0.878698224852071,0.878698224852071,0.878698224852071,0,True,False,,random,none,tabicl_encoded_l2,,,,True
OpenML-ID-1068,/home/crc00006699/zh/tabiclv2/openml_cc18/OpenML-ID-1068,binclass,887,178,222,21,2,0.945945945945946,0.9366302968198704,0.6618357487922705,0.8974235104669888,0.1535726349395333,3.7872936725616455,0.8720831871032715,ok,,887,709,0,222,0.1889992207288742,True,0.1,True,8,1e-05,True,3.7223458290100098,full_train_epoch_chunks,full train set chunked per epoch | validation=dataset_val_split | wise_ft=alpha0.1 rows=1109<2000,30,1,epoch_chunk,accuracy,0.9325842696629212,0.9325842696629212,0.9325842696629212,0.9325842696629212,0,True,False,,random,none,tabicl_encoded_l2,,,,True
OpenML-ID-11,/home/crc00006699/zh/tabiclv2/openml_cc18/OpenML-ID-11,multiclass,500,100,125,4,3,1.0,1.0,1.0,1.0,0.0160092551408922,3.632334232330322,0.2849931716918945,ok,,500,400,0,125,0.0296199340373277,True,0.1,True,12,1e-05,True,3.608390092849731,full_train_epoch_chunks,full train set chunked per epoch | validation=dataset_val_split | wise_ft=alpha0.1 rows=625<2000,30,1,epoch_chunk,accuracy,0.96,0.97,0.96,0.97,4,True,False,,random,none,tabicl_encoded_l2,,,,True
OpenML-ID-12,/home/crc00006699/zh/tabiclv2/openml_cc18/OpenML-ID-12,multiclass,1600,320,400,216,10,0.9825,0.9824984372558212,0.9825,0.9997569444444444,0.0771713910993146,18.363727807998657,4.326985836029053,ok,,1600,1280,0,400,0.0268258033320307,True,0.1,False,8,1e-05,True,17.713271141052246,full_train_epoch_chunks,full train set chunked per epoch | validation=dataset_val_split | wise_ft_skipped rows=2000>=2000,30,1,epoch_chunk,accuracy,0.984375,0.984375,0.984375,0.984375,0,True,False,,random,none,tabicl_encoded_l2,,,,True
OpenML-ID-14,/home/crc00006699/zh/tabiclv2/openml_cc18/OpenML-ID-14,multiclass,1600,320,400,76,10,0.92,0.919276344013186,0.92,0.9954236111111112,0.2073574430975512,20.437934160232544,1.3761866092681885,ok,,1600,1280,0,400,0.2017282918095588,True,0.1,False,22,1e-05,True,20.19396662712097,full_train_epoch_chunks,full train set chunked per epoch | validation=dataset_val_split | wise_ft_skipped rows=2000>=2000,30,1,epoch_chunk,accuracy,0.90625,0.915625,0.90625,0.915625,14,True,False,,random,none,tabicl_encoded_l2,,,,True
OpenML-ID-1461,/home/crc00006699/zh/tabiclv2/openml_cc18/OpenML-ID-1461,binclass,36168,7234,9043,16,2,0.9126396107486454,0.9100081930580678,0.7607150339779336,0.9400807634352218,0.1900937558154215,95.0513482093811,27.92420196533203,ok,,36168,28934,0,9043,0.1808393821120262,True,0.1,False,66,1e-05,True,94.52156352996826,full_train_epoch_chunks,full train set chunked per epoch | validation=dataset_val_split | wise_ft_skipped rows=45211>=2000,30,3,epoch_chunk,accuracy,0.8149018523638374,0.9178877522808958,0.8149018523638374,0.9178877522808958,14,True,False,,random,none,tabicl_encoded_l2,,,,True
OpenML-ID-1462,/home/crc00006699/zh/tabiclv2/openml_cc18/OpenML-ID-1462,binclass,1097,220,275,4,2,1.0,1.0,1.0,1.0,3.3301359055421487e-06,2.968146324157715,0.165149450302124,ok,,1097,877,0,275,2.3511478275395348e-06,True,0.1,True,8,1e-05,True,2.942387104034424,full_train_epoch_chunks,full train set chunked per epoch | validation=dataset_val_split | wise_ft=alpha0.1 rows=1372<2000,30,1,epoch_chunk,accuracy,1.0,1.0,1.0,1.0,0,True,False,,random,none,tabicl_encoded_l2,,,,True
OpenML-ID-1464,/home/crc00006699/zh/tabiclv2/openml_cc18/OpenML-ID-1464,binclass,598,120,150,4,2,0.7866666666666666,0.7631850117096018,0.631578947368421,0.7948343079922027,0.4477938966886206,2.576502084732056,0.2161047458648681,ok,,598,478,0,150,0.4605043083429336,True,0.1,True,8,1e-05,True,2.551433801651001,full_train_epoch_chunks,full train set chunked per epoch | validation=dataset_val_split | wise_ft=alpha0.1 rows=748<2000,30,1,epoch_chunk,accuracy,0.8,0.8,0.8,0.8,0,True,False,,random,none,tabicl_encoded_l2,,,,True
OpenML-ID-1468,/home/crc00006699/zh/tabiclv2/openml_cc18/OpenML-ID-1468,multiclass,864,173,216,856,9,0.949074074074074,0.9489353241553584,0.9490740740740742,0.9979263117283952,0.1891310036573621,86.29934120178223,7.607601165771484,ok,,864,691,0,216,0.2111215144395828,True,0.1,True,17,1e-05,True,84.22183418273926,full_train_epoch_chunks,full train set chunked per epoch | validation=dataset_val_split | wise_ft=alpha0.1 rows=1080<2000,30,1,epoch_chunk,accuracy,0.9364161849710982,0.953757225433526,0.9364161849710982,0.953757225433526,9,True,False,,random,none,tabicl_encoded_l2,,,,True
OpenML-ID-1475,/home/crc00006699/zh/tabiclv2/openml_cc18/OpenML-ID-1475,multiclass,4894,979,1224,51,6,0.6470588235294118,0.630782571064426,0.5217448161880974,0.8606795781026553,1.0143795347828095,22.215073347091675,3.520164966583252,ok,,4894,3915,0,1224,1.0601918697357178,True,0.1,False,16,1e-05,True,21.847042322158813,full_train_epoch_chunks,full train set chunked per epoch | validation=dataset_val_split | wise_ft_skipped rows=6118>=2000,30,1,epoch_chunk,accuracy,0.6302349336057201,0.6373850868232891,0.6302349336057201,0.6373850868232891,8,True,False,,random,none,tabicl_encoded_l2,,,,True
OpenML-ID-1478,/home/crc00006699/zh/tabiclv2/openml_cc18/OpenML-ID-1478,multiclass,8239,1648,2060,561,6,0.9980582524271844,0.9980580591258628,0.9981580602986424,0.9999983941486033,0.0040250859735298,25.033496856689453,84.8461902141571,ok,,8239,6591,0,2060,,True,0.1,False,0,1e-05,False,18.199617385864254,full_train_epoch_chunks,"full train set chunked per epoch | validation=dataset_val_split | wise_ft_skipped rows=10299>=2000 | TTT OOM; used original model parameters for inference: OutOfMemoryError: CUDA out of memory. Tried to allocate 1.78 GiB. GPU 0 has a total capacity of 23.57 GiB of which 1.56 GiB is free. Process 20616 has 22.00 GiB memory in use. Of the allocated memory 20.72 GiB is allocated by PyTorch, and 981.34 MiB is reserved by PyTorch but unallocated. If reserved but unallocated memory is large try setting PYTORCH_CUDA_ALLOC_CONF=expandable_segments:True to avoid fragmentation. See documentation for Memory Management (https://pytorch.org/docs/stable/notes/cuda.html#environment-variables)",0,0,,,,,,,0,False,True,"TTT OOM; used original model parameters for inference: OutOfMemoryError: CUDA out of memory. Tried to allocate 1.78 GiB. GPU 0 has a total capacity of 23.57 GiB of which 1.56 GiB is free. Process 20616 has 22.00 GiB memory in use. Of the allocated memory 20.72 GiB is allocated by PyTorch, and 981.34 MiB is reserved by PyTorch but unallocated. If reserved but unallocated memory is large try setting PYTORCH_CUDA_ALLOC_CONF=expandable_segments:True to avoid fragmentation. See documentation for Memory Management (https://pytorch.org/docs/stable/notes/cuda.html#environment-variables)",random,none,tabicl_encoded_l2,,,,True
OpenML-ID-1480,/home/crc00006699/zh/tabiclv2/openml_cc18/OpenML-ID-1480,binclass,466,94,117,10,2,0.6666666666666666,0.6498143664245359,0.5566973777462793,0.7267895109851169,0.5255321042415582,2.825268507003784,0.42085862159729,ok,,466,372,0,117,0.555583655834198,True,0.1,True,8,1e-05,True,2.7957749366760254,full_train_epoch_chunks,full train set chunked per epoch | validation=dataset_val_split | wise_ft=alpha0.1 rows=583<2000,30,1,epoch_chunk,accuracy,0.7553191489361702,0.7553191489361702,0.7553191489361702,0.7553191489361702,0,True,False,,random,none,tabicl_encoded_l2,,,,True
OpenML-ID-1485,/home/crc00006699/zh/tabiclv2/openml_cc18/OpenML-ID-1485,binclass,2080,416,520,500,2,0.9115384615384616,0.9115371529164632,0.9115384615384616,0.9651479289940827,0.2440040369929081,8.60750150680542,10.912623643875122,ok,,2080,1664,0,520,,True,0.1,False,0,1e-05,False,6.21018123626709,full_train_epoch_chunks,"full train set chunked per epoch | validation=dataset_val_split | wise_ft_skipped rows=2600>=2000 | TTT OOM; used original model parameters for inference: OutOfMemoryError: CUDA out of memory. Tried to allocate 410.00 MiB. GPU 0 has a total capacity of 23.57 GiB of which 170.00 MiB is free. Process 20616 has 23.32 GiB memory in use. Of the allocated memory 22.14 GiB is allocated by PyTorch, and 866.38 MiB is reserved by PyTorch but unallocated. If reserved but unallocated memory is large try setting PYTORCH_CUDA_ALLOC_CONF=expandable_segments:True to avoid fragmentation. See documentation for Memory Management (https://pytorch.org/docs/stable/notes/cuda.html#environment-variables)",0,0,,,,,,,0,False,True,"TTT OOM; used original model parameters for inference: OutOfMemoryError: CUDA out of memory. Tried to allocate 410.00 MiB. GPU 0 has a total capacity of 23.57 GiB of which 170.00 MiB is free. Process 20616 has 23.32 GiB memory in use. Of the allocated memory 22.14 GiB is allocated by PyTorch, and 866.38 MiB is reserved by PyTorch but unallocated. If reserved but unallocated memory is large try setting PYTORCH_CUDA_ALLOC_CONF=expandable_segments:True to avoid fragmentation. See documentation for Memory Management (https://pytorch.org/docs/stable/notes/cuda.html#environment-variables)",random,none,tabicl_encoded_l2,,,,True
OpenML-ID-1486,/home/crc00006699/zh/tabiclv2/openml_cc18/OpenML-ID-1486,binclass,27572,5515,6893,118,2,0.9747569998549253,0.9748063740596916,0.9710543893385658,0.9969306439082792,0.0640970123217061,10.454512357711792,67.4184308052063,ok,,27572,22057,0,6893,,True,0.1,False,0,1e-05,False,7.672399759292602,full_train_epoch_chunks,"full train set chunked per epoch | validation=dataset_val_split | wise_ft_skipped rows=34465>=2000 | TTT OOM; used original model parameters for inference: OutOfMemoryError: CUDA out of memory. Tried to allocate 298.00 MiB. GPU 0 has a total capacity of 23.57 GiB of which 84.00 MiB is free. Process 20616 has 23.41 GiB memory in use. Of the allocated memory 21.44 GiB is allocated by PyTorch, and 1.63 GiB is reserved by PyTorch but unallocated. If reserved but unallocated memory is large try setting PYTORCH_CUDA_ALLOC_CONF=expandable_segments:True to avoid fragmentation. See documentation for Memory Management (https://pytorch.org/docs/stable/notes/cuda.html#environment-variables)",0,0,,,,,,,0,False,True,"TTT OOM; used original model parameters for inference: OutOfMemoryError: CUDA out of memory. Tried to allocate 298.00 MiB. GPU 0 has a total capacity of 23.57 GiB of which 84.00 MiB is free. Process 20616 has 23.41 GiB memory in use. Of the allocated memory 21.44 GiB is allocated by PyTorch, and 1.63 GiB is reserved by PyTorch but unallocated. If reserved but unallocated memory is large try setting PYTORCH_CUDA_ALLOC_CONF=expandable_segments:True to avoid fragmentation. See documentation for Memory Management (https://pytorch.org/docs/stable/notes/cuda.html#environment-variables)",random,none,tabicl_encoded_l2,,,,True
OpenML-ID-1487,/home/crc00006699/zh/tabiclv2/openml_cc18/OpenML-ID-1487,binclass,2027,406,507,72,2,0.9546351084812624,0.9468295802699368,0.684342105263158,0.9479605263157896,0.1216423398244202,14.371965169906616,1.639310359954834,ok,,2027,1621,0,507,0.1519652530550956,True,0.1,False,14,1e-05,True,14.111138105392456,full_train_epoch_chunks,full train set chunked per epoch | validation=dataset_val_split | wise_ft_skipped rows=2534>=2000,30,1,epoch_chunk,accuracy,0.9408866995073892,0.9507389162561576,0.9408866995073892,0.9507389162561576,6,True,False,,random,none,tabicl_encoded_l2,,,,True
OpenML-ID-1489,/home/crc00006699/zh/tabiclv2/openml_cc18/OpenML-ID-1489,binclass,4323,865,1081,5,2,0.9037927844588344,0.9037927844588344,0.8839496589426397,0.9656485870480784,0.2184456203048236,3.995920181274414,0.8115549087524414,ok,,4323,3458,0,1081,0.2351581156253814,True,0.1,False,8,1e-05,True,3.948097467422485,full_train_epoch_chunks,full train set chunked per epoch | validation=dataset_val_split | wise_ft_skipped rows=5404>=2000,30,1,epoch_chunk,accuracy,0.9260115606936417,0.9260115606936417,0.9260115606936417,0.9260115606936417,0,True,False,,random,none,tabicl_encoded_l2,,,,True
OpenML-ID-1494,/home/crc00006699/zh/tabiclv2/openml_cc18/OpenML-ID-1494,binclass,844,169,211,41,2,0.8909952606635071,0.8899623050083783,0.8692655935613682,0.9452213279678068,0.275543964392769,5.000828504562378,1.243102788925171,ok,,844,675,0,211,0.3981625437736511,True,0.1,True,8,1e-05,True,4.888495683670044,full_train_epoch_chunks,full train set chunked per epoch | validation=dataset_val_split | wise_ft=alpha0.1 rows=1055<2000,30,1,epoch_chunk,accuracy,0.8875739644970414,0.8875739644970414,0.8875739644970414,0.8875739644970414,0,True,False,,random,none,tabicl_encoded_l2,,,,True
OpenML-ID-1497,/home/crc00006699/zh/tabiclv2/openml_cc18/OpenML-ID-1497,multiclass,4364,873,1092,24,4,0.9954212454212454,0.9954189862184728,0.9906952174809318,0.9999680979197032,0.0118060716494403,16.976410150527954,1.8099696636199951,ok,,4364,3491,0,1092,0.008574562612921,True,0.1,False,21,1e-05,True,16.820170402526855,full_train_epoch_chunks,full train set chunked per epoch | validation=dataset_val_split | wise_ft_skipped rows=5456>=2000,30,1,epoch_chunk,accuracy,0.986254295532646,0.9896907216494846,0.986254295532646,0.9896907216494846,13,True,False,,random,none,tabicl_encoded_l2,,,,True
OpenML-ID-15,/home/crc00006699/zh/tabiclv2/openml_cc18/OpenML-ID-15,binclass,559,112,140,9,2,0.9571428571428572,0.9573446961202065,0.957427536231884,0.9932065217391304,0.1089100023545271,3.1539082527160645,0.4723243713378906,ok,,559,447,0,140,0.0089338677935302,True,0.1,True,8,1e-05,True,3.119119167327881,full_train_epoch_chunks,full train set chunked per epoch | validation=dataset_val_split | wise_ft=alpha0.1 rows=699<2000,30,1,epoch_chunk,accuracy,0.9464285714285714,0.9464285714285714,0.9464285714285714,0.9464285714285714,0,True,False,,random,none,tabicl_encoded_l2,,,,True
OpenML-ID-1501,/home/crc00006699/zh/tabiclv2/openml_cc18/OpenML-ID-1501,multiclass,1274,255,319,256,10,0.9686520376175548,0.9686948325435536,0.9686491935483872,0.9993351769635208,0.1005940037255934,20.2218017578125,3.994389057159424,ok,,1274,1019,0,319,0.087255023419857,True,0.1,True,8,1e-05,True,19.48774242401123,full_train_epoch_chunks,full train set chunked per epoch | validation=dataset_val_split | wise_ft=alpha0.1 rows=1593<2000,30,1,epoch_chunk,accuracy,0.9568627450980391,0.9568627450980391,0.9568627450980391,0.9568627450980391,0,True,False,,random,none,tabicl_encoded_l2,,,,True
OpenML-ID-151,/home/crc00006699/zh/tabiclv2/openml_cc18/OpenML-ID-151,binclass,36249,7250,9063,8,2,0.93754827319872,0.937506679715072,0.9354472346083084,0.986107213120636,0.1501491080612646,108.1337549686432,26.138959646224976,ok,,36249,28999,0,9063,0.2575129270553589,True,0.1,False,90,1e-05,True,107.87934756278992,full_train_epoch_chunks,full train set chunked per epoch | validation=dataset_val_split | wise_ft_skipped rows=45312>=2000,30,3,epoch_chunk,accuracy,0.9136551724137932,0.9311724137931034,0.9136551724137932,0.9311724137931034,25,False,False,,random,none,tabicl_encoded_l2,,,,True
OpenML-ID-1510,/home/crc00006699/zh/tabiclv2/openml_cc18/OpenML-ID-1510,binclass,455,91,114,30,2,0.9912280701754386,0.991205475258566,0.988095238095238,0.9973544973544972,0.0485935039104017,4.016452312469482,0.6189610958099365,ok,,455,364,0,114,0.0232540545985102,True,0.1,True,8,1e-05,True,3.936392545700073,full_train_epoch_chunks,full train set chunked per epoch | validation=dataset_val_split | wise_ft=alpha0.1 rows=569<2000,30,1,epoch_chunk,accuracy,0.956043956043956,0.956043956043956,0.956043956043956,0.956043956043956,0,True,False,,random,none,tabicl_encoded_l2,,,,True
OpenML-ID-1590,/home/crc00006699/zh/tabiclv2/openml_cc18/OpenML-ID-1590,binclass,39073,7815,9769,14,2,0.8703040229296755,0.8697119531286035,0.817425015014092,0.9285746230590898,0.2797069174485445,78.10863184928894,33.030471086502075,ok,,39073,31258,0,9769,0.3308464288711548,True,0.1,False,64,1e-05,True,77.61877059936523,full_train_epoch_chunks,full train set chunked per epoch | validation=dataset_val_split | wise_ft_skipped rows=48842>=2000,30,4,epoch_chunk,accuracy,0.8715291106845809,0.8754958413307742,0.8715291106845809,0.8754958413307742,8,True,False,,random,none,tabicl_encoded_l2,,,,True
OpenML-ID-16,/home/crc00006699/zh/tabiclv2/openml_cc18/OpenML-ID-16,multiclass,1600,320,400,64,10,0.975,0.975015727207024,0.975,0.9997013888888888,0.0910764674790076,10.166412115097046,1.2647323608398438,ok,,1600,1280,0,400,0.0245565632358193,True,0.1,False,11,1e-05,True,9.96324372291565,full_train_epoch_chunks,full train set chunked per epoch | validation=dataset_val_split | wise_ft_skipped rows=2000>=2000,30,1,epoch_chunk,accuracy,0.978125,0.98125,0.978125,0.98125,3,True,False,,random,none,tabicl_encoded_l2,,,,True
OpenML-ID-18,/home/crc00006699/zh/tabiclv2/openml_cc18/OpenML-ID-18,multiclass,1600,320,400,6,10,0.77,0.7619729916146867,0.7699999999999999,0.974125,0.4926636426892932,2.8891942501068115,0.4931826591491699,ok,,1600,1280,0,400,0.7225861847400665,True,0.1,False,8,1e-05,True,2.854332685470581,full_train_epoch_chunks,full train set chunked per epoch | validation=dataset_val_split | wise_ft_skipped rows=2000>=2000,30,1,epoch_chunk,accuracy,0.74375,0.74375,0.74375,0.74375,0,True,False,,random,none,tabicl_encoded_l2,,,,True
OpenML-ID-182,/home/crc00006699/zh/tabiclv2/openml_cc18/OpenML-ID-182,multiclass,5144,1029,1286,36,6,0.9432348367029548,0.9423857207047496,0.92893984554966,0.996807272520149,0.1307798754348743,17.731201171875,2.6621313095092773,ok,,5144,4115,0,1286,0.1607674583792686,True,0.1,False,15,1e-05,True,17.466795921325684,full_train_epoch_chunks,full train set chunked per epoch | validation=dataset_val_split | wise_ft_skipped rows=6430>=2000,30,1,epoch_chunk,accuracy,0.93488824101069,0.9446064139941692,0.93488824101069,0.9446064139941692,7,True,False,,random,none,tabicl_encoded_l2,,,,True
OpenML-ID-188,/home/crc00006699/zh/tabiclv2/openml_cc18/OpenML-ID-188,multiclass,588,118,148,19,5,0.7297297297297297,0.7293510031712577,0.7103592789639301,0.9403446256906092,0.6066243483497357,3.1857917308807373,0.6405560970306396,ok,,588,470,0,148,0.7073840200901031,True,0.1,True,8,1e-05,True,3.142354249954224,full_train_epoch_chunks,full train set chunked per epoch | validation=dataset_val_split | wise_ft=alpha0.1 rows=736<2000,30,1,epoch_chunk,accuracy,0.7796610169491526,0.7796610169491526,0.7796610169491526,0.7796610169491526,0,True,False,,random,none,tabicl_encoded_l2,,,,True
OpenML-ID-22,/home/crc00006699/zh/tabiclv2/openml_cc18/OpenML-ID-22,multiclass,1600,320,400,47,10,0.9025,0.9015117075427248,0.9025,0.9939305555555557,0.2186762911372461,12.068669080734251,1.02341890335083,ok,,1600,1280,0,400,0.1686962321400642,True,0.1,False,16,1e-05,True,11.903930187225342,full_train_epoch_chunks,full train set chunked per epoch | validation=dataset_val_split | wise_ft_skipped rows=2000>=2000,30,1,epoch_chunk,accuracy,0.865625,0.90625,0.865625,0.90625,8,True,False,,random,none,tabicl_encoded_l2,,,,True
OpenML-ID-23,/home/crc00006699/zh/tabiclv2/openml_cc18/OpenML-ID-23,multiclass,1178,236,295,9,3,0.6033898305084746,0.603014989366664,0.5784569217405039,0.7694748039932482,0.8664294916942983,2.9797303676605225,0.4109854698181152,ok,,1178,942,0,295,0.8281193375587463,True,0.1,True,8,1e-05,True,2.944901943206787,full_train_epoch_chunks,full train set chunked per epoch | validation=dataset_val_split | wise_ft=alpha0.1 rows=1473<2000,30,1,epoch_chunk,accuracy,0.5508474576271186,0.5508474576271186,0.5508474576271186,0.5508474576271186,0,True,False,,random,none,tabicl_encoded_l2,,,,True
OpenML-ID-23381,/home/crc00006699/zh/tabiclv2/openml_cc18/OpenML-ID-23381,binclass,400,80,100,12,2,0.65,0.612973227974997,0.6030377668308703,0.6559934318555009,0.6432301957554429,3.3206632137298584,0.3926808834075928,ok,,400,320,0,100,0.6774978637695312,True,0.1,True,10,1e-05,True,3.2840259075164795,full_train_epoch_chunks,full train set chunked per epoch | validation=dataset_val_split | wise_ft=alpha0.1 rows=500<2000,30,1,epoch_chunk,accuracy,0.6375,0.65,0.6375,0.65,2,True,False,,random,none,tabicl_encoded_l2,,,,True
OpenML-ID-23517,/home/crc00006699/zh/tabiclv2/openml_cc18/OpenML-ID-23517,binclass,77056,15412,19264,21,2,0.5157807308970099,0.5061646226788344,0.5143336163698233,0.52423937069484,0.6920935742500685,147.6746609210968,115.0100371837616,ok,,77056,61644,0,19264,0.6949053704738617,True,0.1,False,77,1e-05,True,145.7366111278534,full_train_epoch_chunks,full train set chunked per epoch | validation=dataset_val_split | wise_ft_skipped rows=96320>=2000,30,7,epoch_chunk,accuracy,0.5226446924474436,0.5275110303659486,0.5226446924474436,0.5275110303659486,3,True,False,,random,none,tabicl_encoded_l2,,,,True
OpenML-ID-28,/home/crc00006699/zh/tabiclv2/openml_cc18/OpenML-ID-28,multiclass,4496,900,1124,64,10,0.9973309608540926,0.997330908588654,0.9973370927318296,0.9999911977553776,0.0091045604939639,12.421258211135864,3.6989896297454834,ok,,4496,3596,0,1124,0.016394724138081,True,0.1,False,8,1e-05,True,12.055766582489014,full_train_epoch_chunks,full train set chunked per epoch | validation=dataset_val_split | wise_ft_skipped rows=5620>=2000,30,1,epoch_chunk,accuracy,0.9933333333333332,0.9933333333333332,0.9933333333333332,0.9933333333333332,0,True,False,,random,none,tabicl_encoded_l2,,,,True
OpenML-ID-29,/home/crc00006699/zh/tabiclv2/openml_cc18/OpenML-ID-29,binclass,552,111,138,15,2,0.8623188405797102,0.8627190130559621,0.8647008728975942,0.9148392591015542,0.3814238876173886,3.013124227523804,0.5596799850463867,ok,,552,441,0,138,0.2193744406104087,True,0.1,True,8,1e-05,True,2.973191976547241,full_train_epoch_chunks,full train set chunked per epoch | validation=dataset_val_split | wise_ft=alpha0.1 rows=690<2000,30,1,epoch_chunk,accuracy,0.8468468468468469,0.8468468468468469,0.8468468468468469,0.8468468468468469,0,True,False,,random,none,tabicl_encoded_l2,,,,True
OpenML-ID-3,/home/crc00006699/zh/tabiclv2/openml_cc18/OpenML-ID-3,binclass,2556,512,640,36,2,0.996875,0.996875,0.9968690070838716,0.9999608625885484,0.0079670055030884,10.167351245880129,1.3231332302093506,ok,,2556,2044,0,640,0.0050251686479896,True,0.1,False,14,1e-05,True,10.031368255615234,full_train_epoch_chunks,full train set chunked per epoch | validation=dataset_val_split | wise_ft_skipped rows=3196>=2000,30,1,epoch_chunk,accuracy,0.982421875,0.986328125,0.982421875,0.986328125,6,True,False,,random,none,tabicl_encoded_l2,,,,True
OpenML-ID-31,/home/crc00006699/zh/tabiclv2/openml_cc18/OpenML-ID-31,binclass,800,160,200,20,2,0.75,0.741248097412481,0.6738095238095239,0.7869047619047619,0.4941691849325755,4.17365837097168,0.8312926292419434,ok,,800,640,0,200,0.5108052790164948,True,0.1,True,10,1e-05,True,4.121540546417236,full_train_epoch_chunks,full train set chunked per epoch | validation=dataset_val_split | wise_ft=alpha0.1 rows=1000<2000,30,1,epoch_chunk,accuracy,0.78125,0.7875,0.78125,0.7875,2,True,False,,random,none,tabicl_encoded_l2,,,,True
OpenML-ID-32,/home/crc00006699/zh/tabiclv2/openml_cc18/OpenML-ID-32,multiclass,8793,1759,2199,16,10,0.9972714870395636,0.9972742335430836,0.9972309029574288,0.9998063393099016,0.012018639426652,10.590845108032228,3.4870858192443848,ok,,8793,7034,0,2199,0.0037930589169263,True,0.1,False,8,1e-05,True,10.394569635391235,full_train_epoch_chunks,full train set chunked per epoch | validation=dataset_val_split | wise_ft_skipped rows=10992>=2000,30,1,epoch_chunk,accuracy,0.9982944855031268,0.9982944855031268,0.9982944855031268,0.9982944855031268,0,True,False,,random,none,tabicl_encoded_l2,,,,True
OpenML-ID-37,/home/crc00006699/zh/tabiclv2/openml_cc18/OpenML-ID-37,binclass,614,123,154,8,2,0.7272727272727273,0.7232230932973366,0.6877777777777778,0.8131481481481481,0.5093033674423961,2.8541955947875977,0.4709603786468506,ok,,614,491,0,154,0.4107578694820404,True,0.1,True,8,1e-05,True,2.8210020065307617,full_train_epoch_chunks,full train set chunked per epoch | validation=dataset_val_split | wise_ft=alpha0.1 rows=768<2000,30,1,epoch_chunk,accuracy,0.7967479674796748,0.7967479674796748,0.7967479674796748,0.7967479674796748,0,True,False,,random,none,tabicl_encoded_l2,,,,True
OpenML-ID-38,/home/crc00006699/zh/tabiclv2/openml_cc18/OpenML-ID-38,binclass,3017,604,755,29,2,0.9920529801324504,0.9918835432876844,0.944946955295272,0.9995400748144968,0.0161445149064127,7.109606027603149,1.2966196537017822,ok,,3017,2413,0,755,0.0372095629572868,True,0.1,False,11,1e-05,True,6.999523878097534,full_train_epoch_chunks,full train set chunked per epoch | validation=dataset_val_split | wise_ft_skipped rows=3772>=2000,30,1,epoch_chunk,accuracy,0.98841059602649,0.9933774834437086,0.98841059602649,0.9933774834437086,3,True,False,,random,none,tabicl_encoded_l2,,,,True
OpenML-ID-40668,/home/crc00006699/zh/tabiclv2/openml_cc18/OpenML-ID-40668,multiclass,54045,10809,13512,42,3,0.8698934280639432,0.8586819085407357,0.7098703321243104,0.952755637796482,0.3146882228345741,303.7694115638733,92.53085684776306,ok,,54045,43236,0,13512,0.4810431748628616,True,0.1,False,140,1e-05,True,301.69690442085266,full_train_epoch_chunks,full train set chunked per epoch | validation=dataset_val_split | wise_ft_skipped rows=67557>=2000,30,5,epoch_chunk,accuracy,0.8514201128689055,0.863817189379221,0.8514201128689055,0.863817189379221,20,True,False,,random,none,tabicl_encoded_l2,,,,True
OpenML-ID-40670,/home/crc00006699/zh/tabiclv2/openml_cc18/OpenML-ID-40670,multiclass,2548,510,638,180,3,0.9717868338557992,0.9719225529564052,0.9714135951918074,0.9979772319220652,0.078794319191379,28.28824734687805,5.4657816886901855,ok,,2548,2038,0,638,0.1060030274093151,True,0.1,False,13,1e-05,True,27.64628481864929,full_train_epoch_chunks,full train set chunked per epoch | validation=dataset_val_split | wise_ft_skipped rows=3186>=2000,30,1,epoch_chunk,accuracy,0.9705882352941176,0.976470588235294,0.9705882352941176,0.976470588235294,5,True,False,,random,none,tabicl_encoded_l2,,,,True
OpenML-ID-40701,/home/crc00006699/zh/tabiclv2/openml_cc18/OpenML-ID-40701,binclass,4000,800,1000,20,2,0.967,0.9656316025636732,0.8948348318595761,0.9358317027056036,0.1202139963608891,8.301072835922241,1.565415382385254,ok,,4000,3200,0,1000,0.1109844036400318,True,0.1,False,13,1e-05,True,8.209587812423706,full_train_epoch_chunks,full train set chunked per epoch | validation=dataset_val_split | wise_ft_skipped rows=5000>=2000,30,1,epoch_chunk,accuracy,0.97125,0.97375,0.97125,0.97375,5,True,False,,random,none,tabicl_encoded_l2,,,,True
OpenML-ID-40927,/home/crc00006699/zh/tabiclv2/openml_cc18/OpenML-ID-40927,multiclass,0,0,0,0,0,,,,,,0.0,0.0,fail,"OutOfMemoryError: CUDA out of memory. Tried to allocate 16.48 GiB. GPU 0 has a total capacity of 23.57 GiB of which 806.69 MiB is free. Process 33793 has 254.00 MiB memory in use. Process 84037 has 22.52 GiB memory in use. Of the allocated memory 22.08 GiB is allocated by PyTorch, and 109.27 MiB is reserved by PyTorch but unallocated. If reserved but unallocated memory is large try setting PYTORCH_CUDA_ALLOC_CONF=expandable_segments:True to avoid fragmentation.  See documentation for Memory Management  (https://pytorch.org/docs/stable/notes/cuda.html#environment-variables)",0,0,0,0,,False,,False,0,,False,0.0,,,0,0,,,,,,,0,False,False,,,,,,,,True
OpenML-ID-40966,/home/crc00006699/zh/tabiclv2/openml_cc18/OpenML-ID-40966,multiclass,864,173,216,77,8,1.0,1.0,1.0,1.0,5.488049215240437e-06,6.762762546539307,0.838331937789917,ok,,864,691,0,216,7.604775419167709e-06,True,0.1,True,8,1e-05,True,6.562246084213257,full_train_epoch_chunks,full train set chunked per epoch | validation=dataset_val_split | wise_ft=alpha0.1 rows=1080<2000,30,1,epoch_chunk,accuracy,1.0,1.0,1.0,1.0,0,True,False,,random,none,tabicl_encoded_l2,,,,True
OpenML-ID-40975,/home/crc00006699/zh/tabiclv2/openml_cc18/OpenML-ID-40975,multiclass,1382,277,346,6,4,1.0,1.0,1.0,1.0,0.0074876493250172,8.851043462753296,0.4367430210113525,ok,,1382,1105,0,346,0.0001357391956844,True,0.1,True,29,1e-05,True,8.823328495025635,full_train_epoch_chunks,full train set chunked per epoch | validation=dataset_val_split | wise_ft=alpha0.1 rows=1728<2000,30,1,epoch_chunk,accuracy,0.9747292418772564,1.0,0.9747292418772564,1.0,21,True,False,,random,none,tabicl_encoded_l2,,,,True
OpenML-ID-40978,/home/crc00006699/zh/tabiclv2/openml_cc18/OpenML-ID-40978,binclass,2623,525,656,1558,2,0.975609756097561,0.9750160497787028,0.9266882516188716,0.9742522355843356,0.0761153176583176,31.97562837600708,82.27954840660095,ok,,2623,2098,0,656,,True,0.1,False,0,1e-05,False,24.575464010238647,full_train_epoch_chunks,"full train set chunked per epoch | validation=dataset_val_split | wise_ft_skipped rows=3279>=2000 | TTT OOM; used original model parameters for inference: OutOfMemoryError: CUDA out of memory. Tried to allocate 800.00 MiB. GPU 0 has a total capacity of 23.57 GiB of which 592.69 MiB is free. Process 33793 has 254.00 MiB memory in use. Process 97149 has 22.73 GiB memory in use. Of the allocated memory 22.33 GiB is allocated by PyTorch, and 103.52 MiB is reserved by PyTorch but unallocated. If reserved but unallocated memory is large try setting PYTORCH_CUDA_ALLOC_CONF=expandable_segments:True to avoid fragmentation. See documentation for Memory Management (https://pytorch.org/docs/stable/notes/cuda.html#environment-variables)",0,0,,,,,,,0,False,True,"TTT OOM; used original model parameters for inference: OutOfMemoryError: CUDA out of memory. Tried to allocate 800.00 MiB. GPU 0 has a total capacity of 23.57 GiB of which 592.69 MiB is free. Process 33793 has 254.00 MiB memory in use. Process 97149 has 22.73 GiB memory in use. Of the allocated memory 22.33 GiB is allocated by PyTorch, and 103.52 MiB is reserved by PyTorch but unallocated. If reserved but unallocated memory is large try setting PYTORCH_CUDA_ALLOC_CONF=expandable_segments:True to avoid fragmentation. See documentation for Memory Management (https://pytorch.org/docs/stable/notes/cuda.html#environment-variables)",random,none,tabicl_encoded_l2,,,,True
OpenML-ID-40979,/home/crc00006699/zh/tabiclv2/openml_cc18/OpenML-ID-40979,multiclass,1600,320,400,240,10,0.975,0.97494801061037,0.975,0.9995625,0.1155385011190398,26.863832235336304,4.816926002502441,ok,,1600,1280,0,400,0.0376962982118129,True,0.1,False,11,1e-05,True,26.113184690475464,full_train_epoch_chunks,full train set chunked per epoch | validation=dataset_val_split | wise_ft_skipped rows=2000>=2000,30,1,epoch_chunk,accuracy,0.98125,0.9875,0.98125,0.9875,3,True,False,,random,none,tabicl_encoded_l2,,,,True
OpenML-ID-40982,/home/crc00006699/zh/tabiclv2/openml_cc18/OpenML-ID-40982,multiclass,1552,311,389,27,7,0.8226221079691517,0.8226266401647773,0.8338703879430697,0.9744390499308068,0.455129615835978,8.843289852142334,0.7248289585113525,ok,,1552,1241,0,389,0.4463990926742553,True,0.1,True,17,1e-05,True,8.746218204498291,full_train_epoch_chunks,full train set chunked per epoch | validation=dataset_val_split | wise_ft=alpha0.1 rows=1941<2000,30,1,epoch_chunk,accuracy,0.8070739549839229,0.8231511254019293,0.8070739549839229,0.8231511254019293,9,True,False,,random,none,tabicl_encoded_l2,,,,True
OpenML-ID-40983,/home/crc00006699/zh/tabiclv2/openml_cc18/OpenML-ID-40983,binclass,3871,775,968,5,2,0.9907024793388428,0.9907442143279488,0.95880920389654,0.9981944910984212,0.0250664348775465,7.804075002670288,0.7285194396972656,ok,,3871,3096,0,968,0.0288349455222487,True,0.1,False,19,1e-05,True,7.760554075241089,full_train_epoch_chunks,full train set chunked per epoch | validation=dataset_val_split | wise_ft_skipped rows=4839>=2000,30,1,epoch_chunk,accuracy,0.9870967741935484,0.990967741935484,0.9870967741935484,0.990967741935484,11,True,False,,random,none,tabicl_encoded_l2,,,,True
OpenML-ID-40984,/home/crc00006699/zh/tabiclv2/openml_cc18/OpenML-ID-40984,multiclass,1848,370,462,16,7,0.9545454545454546,0.9545478826122294,0.9545454545454544,0.997179588088679,0.1387939391348863,4.959698438644409,0.6717867851257324,ok,,1848,1478,0,462,0.1408797577023506,True,0.1,False,11,1e-05,True,4.891632556915283,full_train_epoch_chunks,full train set chunked per epoch | validation=dataset_val_split | wise_ft_skipped rows=2310>=2000,30,1,epoch_chunk,accuracy,0.9486486486486486,0.954054054054054,0.9486486486486486,0.954054054054054,3,True,False,,random,none,tabicl_encoded_l2,,,,True
OpenML-ID-40994,/home/crc00006699/zh/tabiclv2/openml_cc18/OpenML-ID-40994,binclass,432,87,108,18,2,0.9537037037037036,0.94537072123279,0.7222222222222222,0.9180695847362514,0.1599311621265109,3.2079858779907227,0.4867372512817383,ok,,432,345,0,108,0.1722505018115043,True,0.1,True,8,1e-05,True,3.158774852752685,full_train_epoch_chunks,full train set chunked per epoch | validation=dataset_val_split | wise_ft=alpha0.1 rows=540<2000,30,1,epoch_chunk,accuracy,0.9655172413793104,0.9655172413793104,0.9655172413793104,0.9655172413793104,0,True,False,,random,none,tabicl_encoded_l2,,,,True
OpenML-ID-40996,,,,,,,,,,,,,,,fail,recovery process exit=1; artifact validation failed: ValueError: single-task artifact contains worker sentinel: ['__WORKER_EXIT__0'],,,,,,,,,,,,,,,,,,,,,,,,,,,,,,,,,
OpenML-ID-41027,/home/crc00006699/zh/tabiclv2/openml_cc18/OpenML-ID-41027,multiclass,35855,7171,8964,6,3,0.96842927264614,0.968250057599054,0.9470340610314562,0.9975516845420042,0.1047931841617884,76.74969458580017,26.06627345085144,ok,,35855,28684,0,8964,0.2056809291243553,True,0.1,False,57,1e-05,True,76.32797908782959,full_train_epoch_chunks,full train set chunked per epoch | validation=dataset_val_split | wise_ft_skipped rows=44819>=2000,30,3,epoch_chunk,accuracy,0.8933203179472877,0.9591409845209872,0.8933203179472877,0.9591409845209872,11,True,False,,random,none,tabicl_encoded_l2,,,,True
OpenML-ID-4134,/home/crc00006699/zh/tabiclv2/openml_cc18/OpenML-ID-4134,binclass,3000,600,751,1776,2,0.7842876165113183,0.7841279267059319,0.7820838809210902,0.8611793611793611,0.4682092274336771,37.20756459236145,102.07812786102296,ok,,3000,2400,0,751,,True,0.1,False,0,1e-05,False,28.755663871765137,full_train_epoch_chunks,"full train set chunked per epoch | validation=dataset_val_split | wise_ft_skipped rows=3751>=2000 | TTT OOM; used original model parameters for inference: OutOfMemoryError: CUDA out of memory. Tried to allocate 2.03 GiB. GPU 0 has a total capacity of 23.57 GiB of which 1.28 GiB is free. Process 33793 has 254.00 MiB memory in use. Process 10615 has 22.03 GiB memory in use. Of the allocated memory 21.64 GiB is allocated by PyTorch, and 85.84 MiB is reserved by PyTorch but unallocated. If reserved but unallocated memory is large try setting PYTORCH_CUDA_ALLOC_CONF=expandable_segments:True to avoid fragmentation. See documentation for Memory Management (https://pytorch.org/docs/stable/notes/cuda.html#environment-variables)",0,0,,,,,,,0,False,True,"TTT OOM; used original model parameters for inference: OutOfMemoryError: CUDA out of memory. Tried to allocate 2.03 GiB. GPU 0 has a total capacity of 23.57 GiB of which 1.28 GiB is free. Process 33793 has 254.00 MiB memory in use. Process 10615 has 22.03 GiB memory in use. Of the allocated memory 21.64 GiB is allocated by PyTorch, and 85.84 MiB is reserved by PyTorch but unallocated. If reserved but unallocated memory is large try setting PYTORCH_CUDA_ALLOC_CONF=expandable_segments:True to avoid fragmentation. See documentation for Memory Management (https://pytorch.org/docs/stable/notes/cuda.html#environment-variables)",random,none,tabicl_encoded_l2,,,,True
OpenML-ID-44,/home/crc00006699/zh/tabiclv2/openml_cc18/OpenML-ID-44,binclass,3680,736,921,57,2,0.9587404994571118,0.9587404994571118,0.9568041114961936,0.9920317544950976,0.1127599270116248,13.57245707511902,4.057889461517334,ok,,3680,2944,0,921,0.1308740302920341,True,0.1,False,8,1e-05,True,13.3158221244812,full_train_epoch_chunks,full train set chunked per epoch | validation=dataset_val_split | wise_ft_skipped rows=4601>=2000,30,1,epoch_chunk,accuracy,0.967391304347826,0.967391304347826,0.967391304347826,0.967391304347826,0,True,False,,random,none,tabicl_encoded_l2,,,,True
OpenML-ID-4534,/home/crc00006699/zh/tabiclv2/openml_cc18/OpenML-ID-4534,binclass,8844,1769,2211,30,2,0.9796472184531886,0.9796279672375264,0.978497239675724,0.9987400321623368,0.0455411145693825,22.441707611083984,6.243598222732544,ok,,8844,7075,0,2211,0.0664729066193103,True,0.1,False,12,1e-05,True,22.170828342437744,full_train_epoch_chunks,full train set chunked per epoch | validation=dataset_val_split | wise_ft_skipped rows=11055>=2000,30,1,epoch_chunk,accuracy,0.9762577727529678,0.9785189372526852,0.9762577727529678,0.9785189372526852,4,True,False,,random,none,tabicl_encoded_l2,,,,True
OpenML-ID-4538,/home/crc00006699/zh/tabiclv2/openml_cc18/OpenML-ID-4538,multiclass,7898,1580,1975,32,5,0.8470886075949368,0.8462401647646055,0.8283058954590364,0.97277773511757,0.4325144838715838,51.052483320236206,5.662230968475342,ok,,7898,6318,0,1975,0.5624591410160065,True,0.1,False,30,1e-05,True,50.73499155044556,full_train_epoch_chunks,full train set chunked per epoch | validation=dataset_val_split | wise_ft_skipped rows=9873>=2000,30,1,epoch_chunk,accuracy,0.7867088607594936,0.8031645569620253,0.7867088607594936,0.8031645569620253,24,False,False,,random,none,tabicl_encoded_l2,,,,True
OpenML-ID-458,/home/crc00006699/zh/tabiclv2/openml_cc18/OpenML-ID-458,multiclass,672,135,169,70,4,1.0,1.0,1.0,1.0,0.0015953189377222,8.925097227096558,0.947169542312622,ok,,672,537,0,169,0.000445971978479,True,0.1,True,8,1e-05,True,8.753123760223389,full_train_epoch_chunks,full train set chunked per epoch | validation=dataset_val_split | wise_ft=alpha0.1 rows=841<2000,30,1,epoch_chunk,accuracy,1.0,1.0,1.0,1.0,0,True,False,,random,none,tabicl_encoded_l2,,,,True
OpenML-ID-46,/home/crc00006699/zh/tabiclv2/openml_cc18/OpenML-ID-46,multiclass,2552,511,638,60,3,0.9592476489028212,0.959210519048096,0.9517119368727686,0.9968684201627784,0.096339415461365,17.18332600593567,2.913954734802246,ok,,2552,2041,0,638,0.0952693149447441,True,0.1,False,15,1e-05,True,16.95857286453247,full_train_epoch_chunks,full train set chunked per epoch | validation=dataset_val_split | wise_ft_skipped rows=3190>=2000,30,1,epoch_chunk,accuracy,0.9686888454011742,0.9726027397260274,0.9686888454011742,0.9726027397260274,7,True,False,,random,none,tabicl_encoded_l2,,,,True
OpenML-ID-469,/home/crc00006699/zh/tabiclv2/openml_cc18/OpenML-ID-469,multiclass,637,128,160,4,6,0.23125,0.2214252165240774,0.2352767821585026,0.566073576595207,1.7849968486640022,17.780875205993652,0.4417202472686767,ok,,637,509,0,160,1.7723641991615295,True,0.1,True,23,1e-05,True,17.75899577140808,full_train_epoch_chunks,full train set chunked per epoch | validation=dataset_val_split | wise_ft=alpha0.1 rows=797<2000,30,1,epoch_chunk,accuracy,0.171875,0.2265625,0.171875,0.2265625,15,True,False,,random,none,tabicl_encoded_l2,,,,True
OpenML-ID-50,/home/crc00006699/zh/tabiclv2/openml_cc18/OpenML-ID-50,binclass,766,154,192,9,2,0.984375,0.9842887261261803,0.9776119402985076,1.0,0.0253430431672754,8.868204355239868,0.6303830146789551,ok,,766,612,0,192,0.0038063364336267,True,0.1,True,16,1e-05,True,8.836689949035645,full_train_epoch_chunks,full train set chunked per epoch | validation=dataset_val_split | wise_ft=alpha0.1 rows=958<2000,30,1,epoch_chunk,accuracy,0.987012987012987,1.0,0.987012987012987,1.0,8,True,False,,random,none,tabicl_encoded_l2,,,,True
OpenML-ID-54,/home/crc00006699/zh/tabiclv2/openml_cc18/OpenML-ID-54,multiclass,676,136,170,18,4,0.8764705882352941,0.87399709513435,0.8766233766233766,0.974834843975469,0.2566074006250028,7.821615695953369,0.7601370811462402,ok,,676,540,0,170,0.2181732431054115,True,0.1,True,11,1e-05,True,7.7634117603302,full_train_epoch_chunks,full train set chunked per epoch | validation=dataset_val_split | wise_ft=alpha0.1 rows=846<2000,30,1,epoch_chunk,accuracy,0.9044117647058824,0.9117647058823528,0.9044117647058824,0.9117647058823528,3,True,False,,random,none,tabicl_encoded_l2,,,,True
OpenML-ID-554,,,,,,,,,,,,,,,fail,recovery process exit=1; artifact validation failed: ValueError: single-task artifact contains worker sentinel: ['__WORKER_EXIT__0'],,,,,,,,,,,,,,,,,,,,,,,,,,,,,,,,,
OpenML-ID-6332,/home/crc00006699/zh/tabiclv2/openml_cc18/OpenML-ID-6332,binclass,432,87,108,37,2,0.8888888888888888,0.8888888888888888,0.8863955119214586,0.9488078541374474,0.278223171712324,23.08974575996399,0.7894690036773682,ok,,432,345,0,108,0.3084719777107239,True,0.1,True,11,1e-05,True,23.023669242858887,full_train_epoch_chunks,full train set chunked per epoch | validation=dataset_val_split | wise_ft=alpha0.1 rows=540<2000,30,1,epoch_chunk,accuracy,0.7126436781609196,0.7471264367816092,0.7126436781609196,0.7471264367816092,3,True,False,,random,none,tabicl_encoded_l2,,,,True
