dataset_name,dataset_dir,task_type,n_train,n_val,n_test,n_features,n_classes,accuracy,f1,balanced_accuracy,roc_auc,log_loss,fit_seconds,predict_seconds,status,error,n_train_a,n_train_b,n_holdout_c,n_test_d,ttt_loss,ttt_steps,ttt_lr,ttt_applied,ttt_update_seconds,ttt_split_strategy,ttt_split_reason,ttt_epochs,ttt_chunks_per_epoch,ttt_batch_mode,ttt_val_eval_metric,ttt_val_baseline_metric,ttt_val_best_metric,ttt_val_baseline_accuracy,ttt_val_best_accuracy,ttt_best_epoch,ttt_stopped_early,ttt_oom_fallback,ttt_fallback_reason,ttt_c_selection,ttt_c_source,ttt_c_metric,ttt_c_reserve_ratio,ttt_c_f_distance_mean,ttt_c_f_distance_std,ttt_c_fallback_reason,ttt_c_label_coverage_ok
Amazon_employee_access,/home/crc00006699/zh/tabiclv2/data184/Amazon_employee_access,binclass,26215,5243,6554,7,2,0.9464449191333537,0.9319513234112834,0.5852326065824192,0.8219251599670987,0.17209295405358718,196.82341742515564,5.331170082092285,ok,,26215,20972,0,6554,,90,1e-05,True,191.60109543800354,tabpfn_finetune_epoch_chunks_f_mmd,dataset_val_split | c_selection=f_mmd | c_source=test | c_metric=standardized_l2 | c_reserve_ratio=0.05,30,21,tabpfn_finetuning_api_f_mmd_grad_accum10,acc,0.9477398436009918,0.9498378790768643,,,4,True,False,,f_mmd,test,standardized_l2,0.05,3.294419564371514,0.5369259862109653,,True
BNG(breast-w),/home/crc00006699/zh/tabiclv2/data184/BNG(breast-w),binclass,31492,6299,7874,9,2,0.9876809753619508,0.9876879578453164,0.9869237638548068,0.9990853334962837,0.03467867673768518,282.6943438053131,7.287487983703613,ok,,31492,25193,0,7874,,90,1e-05,True,282.69362592697144,tabpfn_finetune_epoch_chunks_f_mmd,dataset_val_split | c_selection=f_mmd | c_source=test | c_metric=standardized_l2 | c_reserve_ratio=0.05,30,26,tabpfn_finetuning_api_f_mmd_grad_accum10,acc,0.9868233052865534,0.9869820606445467,,,7,True,False,,f_mmd,test,standardized_l2,0.05,4.257181860542313,0.7712669521943133,,True
BNG(tic-tac-toe),/home/crc00006699/zh/tabiclv2/data184/BNG(tic-tac-toe),binclass,31492,6299,7874,9,2,0.8129286258572517,0.810095602224644,0.7805599261456277,0.8818175956148575,0.40640692844496407,158.50959587097168,7.299403667449951,ok,,31492,25193,0,7874,,90,1e-05,True,158.5090115070343,tabpfn_finetune_epoch_chunks_f_mmd,dataset_val_split | c_selection=f_mmd | c_source=test | c_metric=standardized_l2 | c_reserve_ratio=0.05,30,26,tabpfn_finetuning_api_f_mmd_grad_accum10,acc,0.8107636132719479,0.8107636132719479,,,0,True,False,,f_mmd,test,standardized_l2,0.05,1.8411337987374246,0.11456303289113755,,True
Basketball_c,/home/crc00006699/zh/tabiclv2/data184/Basketball_c,binclass,1072,215,268,11,2,0.7238805970149254,0.7200679017702186,0.6958421922986062,0.7394873612095441,0.5755156805114334,11.656118869781494,0.46151113510131836,ok,,1072,857,0,268,,30,1e-05,True,11.655690908432007,tabpfn_finetune_epoch_chunks_f_mmd,dataset_val_split | c_selection=f_mmd | c_source=test | c_metric=standardized_l2 | c_reserve_ratio=0.05,30,1,tabpfn_finetuning_api_f_mmd_grad_accum10,acc,0.7674418604651163,0.7813953488372093,,,4,True,False,,f_mmd,test,standardized_l2,0.05,4.580026916701444,1.8472818550739765,,True
Cardiovascular-Disease-dataset,/home/crc00006699/zh/tabiclv2/data184/Cardiovascular-Disease-dataset,binclass,56000,11200,14000,11,2,0.7207857142857143,0.7200959181223275,0.7207574190228307,0.7806791732829954,0.5674983003194006,307.1114945411682,19.623144149780273,ok,,56000,44800,0,14000,,150,1e-05,True,307.11099648475647,tabpfn_finetune_epoch_chunks_f_mmd,dataset_val_split | c_selection=f_mmd | c_source=test | c_metric=standardized_l2 | c_reserve_ratio=0.05,30,45,tabpfn_finetuning_api_f_mmd_grad_accum10,acc,0.7348214285714286,0.7348214285714286,,,0,True,False,,f_mmd,test,standardized_l2,0.05,28.34610918969003,22.466490059445263,,True
Contaminant-detection-in-packaged-cocoa-hazelnut-spread-jars-using-Microwaves-Sensing-and-Machine-Learning-10.0GHz(Urbinati),/home/crc00006699/zh/tabiclv2/data184/Contaminant-detection-in-packaged-cocoa-hazelnut-spread-jars-using-Microwaves-Sensing-and-Machine-Learning-10.0GHz(Urbinati),binclass,1920,384,480,30,2,0.9604166666666667,0.9604233718888132,0.9605812013348165,0.9937951890989989,0.09503365319622385,8.42589282989502,0.47019529342651367,ok,,1920,1536,0,480,,30,1e-05,True,8.425191402435303,tabpfn_finetune_epoch_chunks_f_mmd,dataset_val_split | c_selection=f_mmd | c_source=test | c_metric=standardized_l2 | c_reserve_ratio=0.05,30,2,tabpfn_finetuning_api_f_mmd_grad_accum10,acc,0.9713541666666666,0.9713541666666666,,,0,True,False,,f_mmd,test,standardized_l2,0.05,3.4741110173005367,0.5011058777592458,,True
Contaminant-detection-in-packaged-cocoa-hazelnut-spread-jars-using-Microwaves-Sensing-and-Machine-Learning-11.0GHz(Urbinati),/home/crc00006699/zh/tabiclv2/data184/Contaminant-detection-in-packaged-cocoa-hazelnut-spread-jars-using-Microwaves-Sensing-and-Machine-Learning-11.0GHz(Urbinati),binclass,1920,384,480,30,2,0.95625,0.9562604449267499,0.9569660734149055,0.9918485817575083,0.11084385124038362,10.464656591415405,0.47188830375671387,ok,,1920,1536,0,480,,30,1e-05,True,10.464203834533691,tabpfn_finetune_epoch_chunks_f_mmd,dataset_val_split | c_selection=f_mmd | c_source=test | c_metric=standardized_l2 | c_reserve_ratio=0.05,30,2,tabpfn_finetuning_api_f_mmd_grad_accum10,acc,0.9791666666666666,0.9817708333333334,,,2,True,False,,f_mmd,test,standardized_l2,0.05,2.7700159416008105,0.3098385256639147,,True
Contaminant-detection-in-packaged-cocoa-hazelnut-spread-jars-using-Microwaves-Sensing-and-Machine-Learning-9.5GHz(Urbinati),/home/crc00006699/zh/tabiclv2/data184/Contaminant-detection-in-packaged-cocoa-hazelnut-spread-jars-using-Microwaves-Sensing-and-Machine-Learning-9.5GHz(Urbinati),binclass,1920,384,480,30,2,0.9541666666666667,0.954176215940922,0.9549499443826474,0.9924568965517241,0.11344537614658987,10.403435707092285,0.46867990493774414,ok,,1920,1536,0,480,,30,1e-05,True,10.402921915054321,tabpfn_finetune_epoch_chunks_f_mmd,dataset_val_split | c_selection=f_mmd | c_source=test | c_metric=standardized_l2 | c_reserve_ratio=0.05,30,2,tabpfn_finetuning_api_f_mmd_grad_accum10,acc,0.9583333333333334,0.9635416666666666,,,2,True,False,,f_mmd,test,standardized_l2,0.05,3.064720688473775,0.24268387939460082,,True
Customer_Personality_Analysis,/home/crc00006699/zh/tabiclv2/data184/Customer_Personality_Analysis,binclass,1792,359,448,24,2,0.890625,0.8798192095170371,0.7081325655188624,0.9043561718964234,0.2558455844980093,12.088171482086182,0.5020933151245117,ok,,1792,1433,0,448,,30,1e-05,True,12.087664604187012,tabpfn_finetune_epoch_chunks_f_mmd,dataset_val_split | c_selection=f_mmd | c_source=test | c_metric=standardized_l2 | c_reserve_ratio=0.05,30,2,tabpfn_finetuning_api_f_mmd_grad_accum10,acc,0.883008356545961,0.8885793871866295,,,3,True,False,,f_mmd,test,standardized_l2,0.05,4.669495286517382,1.1691989332092054,,True
E-CommereShippingData,/home/crc00006699/zh/tabiclv2/data184/E-CommereShippingData,binclass,8799,1760,2200,10,2,0.6759090909090909,0.6643805568003145,0.7251923570641688,0.7295937511537989,0.5040790343995619,42.649503231048584,1.2691447734832764,ok,,8799,7039,0,2200,,30,1e-05,True,42.64907622337341,tabpfn_finetune_epoch_chunks_f_mmd,dataset_val_split | c_selection=f_mmd | c_source=test | c_metric=standardized_l2 | c_reserve_ratio=0.05,30,8,tabpfn_finetuning_api_f_mmd_grad_accum10,acc,0.6863636363636364,0.6863636363636364,,,0,True,False,,f_mmd,test,standardized_l2,0.05,2.45290531039368,0.4174394284113909,,True
FICO-HELOC-cleaned,/home/crc00006699/zh/tabiclv2/data184/FICO-HELOC-cleaned,binclass,7896,1580,1975,23,2,0.7412658227848101,0.7410718201036931,0.7402682647229218,0.8194585399726353,0.5208753851462126,38.895916223526,1.4029526710510254,ok,,7896,6316,0,1975,,30,1e-05,True,38.89543581008911,tabpfn_finetune_epoch_chunks_f_mmd,dataset_val_split | c_selection=f_mmd | c_source=test | c_metric=standardized_l2 | c_reserve_ratio=0.05,30,7,tabpfn_finetuning_api_f_mmd_grad_accum10,acc,0.7468354430379747,0.7468354430379747,,,0,True,False,,f_mmd,test,standardized_l2,0.05,4.3886816141143425,3.228620763304377,,True
FOREX_audcad-hour-High,/home/crc00006699/zh/tabiclv2/data184/FOREX_audcad-hour-High,binclass,35060,7012,8765,10,2,0.7158014831717057,0.7156053245789445,0.7151049406783627,0.78836195427632,0.5551739988354936,191.88916420936584,8.68790602684021,ok,,35060,28048,0,8765,,90,1e-05,True,191.88866066932678,tabpfn_finetune_epoch_chunks_f_mmd,dataset_val_split | c_selection=f_mmd | c_source=test | c_metric=standardized_l2 | c_reserve_ratio=0.05,30,29,tabpfn_finetuning_api_f_mmd_grad_accum10,acc,0.7113519680547633,0.7160581859669138,,,1,True,False,,f_mmd,test,standardized_l2,0.05,5.628029426382935,4.0913041696254755,,True
FOREX_audjpy-day-High,/home/crc00006699/zh/tabiclv2/data184/FOREX_audjpy-day-High,binclass,1465,293,367,10,2,0.771117166212534,0.7692402884754207,0.768622555139409,0.8498305689316926,0.49303533061498783,7.940188884735107,0.4814326763153076,ok,,1465,1172,0,367,,30,1e-05,True,7.939672470092773,tabpfn_finetune_epoch_chunks_f_mmd,dataset_val_split | c_selection=f_mmd | c_source=test | c_metric=standardized_l2 | c_reserve_ratio=0.05,30,2,tabpfn_finetuning_api_f_mmd_grad_accum10,acc,0.764505119453925,0.764505119453925,,,0,True,False,,f_mmd,test,standardized_l2,0.05,4.970620801922387,1.6582297571052538,,True
FOREX_audsgd-hour-High,/home/crc00006699/zh/tabiclv2/data184/FOREX_audsgd-hour-High,binclass,35060,7012,8765,10,2,0.7057615516257844,0.7052217185824883,0.7046034880676635,0.780731618523762,0.5685341267295755,354.80957198143005,8.718830823898315,ok,,35060,28048,0,8765,,90,1e-05,True,354.80908274650574,tabpfn_finetune_epoch_chunks_f_mmd,dataset_val_split | c_selection=f_mmd | c_source=test | c_metric=standardized_l2 | c_reserve_ratio=0.05,30,29,tabpfn_finetuning_api_f_mmd_grad_accum10,acc,0.690530519110097,0.7123502567027952,,,9,True,False,,f_mmd,test,standardized_l2,0.05,4.280904861163643,1.4824739109416862,,True
FOREX_cadjpy-day-High,/home/crc00006699/zh/tabiclv2/data184/FOREX_cadjpy-day-High,binclass,1467,294,367,10,2,0.7138964577656676,0.7133175808270606,0.7140205511998099,0.7905975291043004,0.5534896633086641,9.756731271743774,0.449939489364624,ok,,1467,1173,0,367,,30,1e-05,True,9.756271362304688,tabpfn_finetune_epoch_chunks_f_mmd,dataset_val_split | c_selection=f_mmd | c_source=test | c_metric=standardized_l2 | c_reserve_ratio=0.05,30,2,tabpfn_finetuning_api_f_mmd_grad_accum10,acc,0.7006802721088435,0.7074829931972789,,,2,True,False,,f_mmd,test,standardized_l2,0.05,5.276405738110375,1.9134195780321621,,True
Firm-Teacher_Clave-Direction_Classification,/home/crc00006699/zh/tabiclv2/data184/Firm-Teacher_Clave-Direction_Classification,multiclass,8640,1728,2160,16,4,0.8777777777777778,0.8765359250177753,0.7973043783593982,0.9708167477483325,0.3189905429110214,73.54592180252075,1.3973309993743896,ok,,8640,6912,0,2160,,30,1e-05,True,73.54550552368164,tabpfn_finetune_epoch_chunks_f_mmd,dataset_val_split | c_selection=f_mmd | c_source=test | c_metric=standardized_l2 | c_reserve_ratio=0.05,30,7,tabpfn_finetuning_api_f_mmd_grad_accum10,acc,0.8657407407407407,0.8761574074074074,,,7,True,False,,f_mmd,test,standardized_l2,0.05,1.2754136747604252,0.0033859355179080256,,True
GAMETES_Epistasis_2-Way_20atts_0.1H_EDM-1_1,/home/crc00006699/zh/tabiclv2/data184/GAMETES_Epistasis_2-Way_20atts_0.1H_EDM-1_1,binclass,1280,256,320,20,2,0.68125,0.6761904761904762,0.68125,0.7529296874999999,0.5918262315106521,8.933104991912842,0.49086546897888184,ok,,1280,1024,0,320,,30,1e-05,True,8.932686805725098,tabpfn_finetune_epoch_chunks_f_mmd,dataset_val_split | c_selection=f_mmd | c_source=test | c_metric=standardized_l2 | c_reserve_ratio=0.05,30,2,tabpfn_finetuning_api_f_mmd_grad_accum10,acc,0.65234375,0.65234375,,,0,True,False,,f_mmd,test,standardized_l2,0.05,2.2510247822932197,0.2753977890508813,,True
Gender_Gap_in_Spanish_WP,/home/crc00006699/zh/tabiclv2/data184/Gender_Gap_in_Spanish_WP,multiclass,3796,760,950,13,3,0.6094736842105263,0.558822231167117,0.4205377277079292,0.701765149046634,0.7962643647748477,23.86487579345703,0.6815991401672363,ok,,3796,3036,0,950,,30,1e-05,True,23.864367961883545,tabpfn_finetune_epoch_chunks_f_mmd,dataset_val_split | c_selection=f_mmd | c_source=test | c_metric=standardized_l2 | c_reserve_ratio=0.05,30,4,tabpfn_finetuning_api_f_mmd_grad_accum10,acc,0.6223684210526316,0.625,,,2,True,False,,f_mmd,test,standardized_l2,0.05,16.50836121315532,24.584669998225177,,True
HR_Analytics_Job_Change_of_Data_Scientists,/home/crc00006699/zh/tabiclv2/data184/HR_Analytics_Job_Change_of_Data_Scientists,binclass,15326,3066,3832,13,2,0.8029749478079332,0.8068384741628652,0.7586099904095853,0.8041713754328881,0.4336894891111804,76.4463951587677,2.592287063598633,ok,,15326,12260,0,3832,,60,1e-05,True,76.44593477249146,tabpfn_finetune_epoch_chunks_f_mmd,dataset_val_split | c_selection=f_mmd | c_source=test | c_metric=standardized_l2 | c_reserve_ratio=0.05,30,13,tabpfn_finetuning_api_f_mmd_grad_accum10,acc,0.8091976516634051,0.8091976516634051,,,0,True,False,,f_mmd,test,standardized_l2,0.05,2.572226399357529,0.31847611519597124,,True
INNHotelsGroup,/home/crc00006699/zh/tabiclv2/data184/INNHotelsGroup,binclass,29020,5804,7255,17,2,0.9011716057891109,0.9003529661291968,0.8801320585776324,0.9599593997622771,0.2308800247138873,374.2190191745758,6.862952470779419,ok,,29020,23216,0,7255,,90,1e-05,True,374.2184648513794,tabpfn_finetune_epoch_chunks_f_mmd,dataset_val_split | c_selection=f_mmd | c_source=test | c_metric=standardized_l2 | c_reserve_ratio=0.05,30,24,tabpfn_finetuning_api_f_mmd_grad_accum10,acc,0.9026533425223984,0.9040317022742936,,,12,True,False,,f_mmd,test,standardized_l2,0.05,6.2692152037471995,8.06572657349251,,True
Intersectional-Bias-Assessment,/home/crc00006699/zh/tabiclv2/data184/Intersectional-Bias-Assessment,binclass,8800,1760,2200,19,2,0.9440909090909091,0.9440910592599859,0.9441262497406919,0.9903739903516755,0.12839637977978957,44.15707755088806,1.5331604480743408,ok,,8800,7040,0,2200,,30,1e-05,True,44.156469106674194,tabpfn_finetune_epoch_chunks_f_mmd,dataset_val_split | c_selection=f_mmd | c_source=test | c_metric=standardized_l2 | c_reserve_ratio=0.05,30,8,tabpfn_finetuning_api_f_mmd_grad_accum10,acc,0.9528409090909091,0.9528409090909091,,,0,True,False,,f_mmd,test,standardized_l2,0.05,2.249633385004224,0.29017137249695807,,True
JapaneseVowels,/home/crc00006699/zh/tabiclv2/data184/JapaneseVowels,multiclass,7968,1594,1993,14,9,0.9984947315604616,0.9984944331320207,0.9982427829346242,0.9999960618156327,0.006042822240294872,36.112433671951294,1.1963741779327393,ok,,7968,6374,0,1993,,30,1e-05,True,36.11198139190674,tabpfn_finetune_epoch_chunks_f_mmd,dataset_val_split | c_selection=f_mmd | c_source=test | c_metric=standardized_l2 | c_reserve_ratio=0.05,30,7,tabpfn_finetuning_api_f_mmd_grad_accum10,acc,0.9968632371392723,0.9968632371392723,,,0,True,False,,f_mmd,test,standardized_l2,0.05,2.444951754058893,0.33965349547178386,,True
KDDCup09_upselling,/home/crc00006699/zh/tabiclv2/data184/KDDCup09_upselling,binclass,4102,821,1026,49,2,0.8187134502923976,0.8174307362620542,0.8187134502923976,0.9129266744943363,0.35562347164434455,33.39011216163635,1.2988841533660889,ok,,4102,3281,0,1026,,30,1e-05,True,33.38962697982788,tabpfn_finetune_epoch_chunks_f_mmd,dataset_val_split | c_selection=f_mmd | c_source=test | c_metric=standardized_l2 | c_reserve_ratio=0.05,30,4,tabpfn_finetuning_api_f_mmd_grad_accum10,acc,0.8112058465286236,0.8148599269183922,,,3,True,False,,f_mmd,test,standardized_l2,0.05,7.358935283484746,13.609035997757594,,True
MIC,/home/crc00006699/zh/tabiclv2/data184/MIC,binclass,1319,264,330,104,2,0.896969696969697,0.884757053291536,0.7147375079063883,0.8874833087356806,0.26655859824647493,19.227554082870483,0.6096255779266357,ok,,1319,1055,0,330,,30,1e-05,True,19.227116107940674,tabpfn_finetune_epoch_chunks_f_mmd,dataset_val_split | c_selection=f_mmd | c_source=test | c_metric=standardized_l2 | c_reserve_ratio=0.05,30,2,tabpfn_finetuning_api_f_mmd_grad_accum10,acc,0.875,0.8825757575757576,,,4,True,False,,f_mmd,test,standardized_l2,0.05,5.712530890529895,2.4677974728223413,,True
Marketing_Campaign,/home/crc00006699/zh/tabiclv2/data184/Marketing_Campaign,binclass,1792,359,448,27,2,0.8995535714285714,0.8924776425350522,0.744133662396678,0.928859638813805,0.23451428929166335,16.540179014205933,0.4772665500640869,ok,,1792,1433,0,448,,30,1e-05,True,16.539719820022583,tabpfn_finetune_epoch_chunks_f_mmd,dataset_val_split | c_selection=f_mmd | c_source=test | c_metric=standardized_l2 | c_reserve_ratio=0.05,30,2,tabpfn_finetuning_api_f_mmd_grad_accum10,acc,0.9025069637883009,0.9164345403899722,,,7,True,False,,f_mmd,test,standardized_l2,0.05,4.270192666814626,2.0658881644198894,,True
National_Health_and_Nutrition_Health_Survey,/home/crc00006699/zh/tabiclv2/data184/National_Health_and_Nutrition_Health_Survey,binclass,1822,365,456,7,2,0.8333333333333334,0.7674783250322819,0.5016273829536106,0.7787474516255948,0.3789584710931637,7.965113401412964,0.4532327651977539,ok,,1822,1457,0,456,,30,1e-05,True,7.964679718017578,tabpfn_finetune_epoch_chunks_f_mmd,dataset_val_split | c_selection=f_mmd | c_source=test | c_metric=standardized_l2 | c_reserve_ratio=0.05,30,2,tabpfn_finetuning_api_f_mmd_grad_accum10,acc,0.8547945205479452,0.8547945205479452,,,0,True,False,,f_mmd,test,standardized_l2,0.05,7.836993826876294,8.426130310236019,,True
PhishingWebsites,/home/crc00006699/zh/tabiclv2/data184/PhishingWebsites,binclass,8844,1769,2211,30,2,0.9769335142469471,0.976900441233334,0.9753319849467,0.9982716888542582,0.053716262533884,48.92588663101196,1.7811188697814941,ok,,8844,7075,0,2211,,30,1e-05,True,48.925477027893066,tabpfn_finetune_epoch_chunks_f_mmd,dataset_val_split | c_selection=f_mmd | c_source=test | c_metric=standardized_l2 | c_reserve_ratio=0.05,30,8,tabpfn_finetuning_api_f_mmd_grad_accum10,acc,0.9773883550028265,0.9773883550028265,,,0,True,False,,f_mmd,test,standardized_l2,0.05,3.136319511401209,0.43813238429558904,,True
Pima_Indians_Diabetes_Database,/home/crc00006699/zh/tabiclv2/data184/Pima_Indians_Diabetes_Database,binclass,614,123,154,8,2,0.7662337662337663,0.7640300875594993,0.7348148148148148,0.8640740740740741,0.4574748602945876,7.562073707580566,0.44706106185913086,ok,,614,491,0,154,,30,1e-05,True,7.561643362045288,tabpfn_finetune_epoch_chunks_f_mmd,dataset_val_split | c_selection=f_mmd | c_source=test | c_metric=standardized_l2 | c_reserve_ratio=0.05,30,1,tabpfn_finetuning_api_f_mmd_grad_accum10,acc,0.7886178861788617,0.7886178861788617,,,0,True,False,,f_mmd,test,standardized_l2,0.05,4.29744305286492,1.2550670932773182,,True
Pumpkin_Seeds,/home/crc00006699/zh/tabiclv2/data184/Pumpkin_Seeds,binclass,2000,400,500,12,2,0.874,0.8740257337482128,0.8740384615384615,0.9429166666666665,0.3160806209566448,7.936025619506836,0.624891996383667,ok,,2000,1600,0,500,,30,1e-05,True,7.93563437461853,tabpfn_finetune_epoch_chunks_f_mmd,dataset_val_split | c_selection=f_mmd | c_source=test | c_metric=standardized_l2 | c_reserve_ratio=0.05,30,2,tabpfn_finetuning_api_f_mmd_grad_accum10,acc,0.8775,0.8775,,,0,True,False,,f_mmd,test,standardized_l2,0.05,4.323479325957342,1.5603260508387091,,True
Rain_in_Australia,/home/crc00006699/zh/tabiclv2/data184/Rain_in_Australia,multiclass,116368,23274,29092,18,3,0.8490650350611852,0.8368176509713635,0.6553074928755341,0.8987115667882399,0.37563388130313463,677.887955904007,32.59067702293396,ok,,116368,93094,0,29092,,300,1e-05,True,677.8874471187592,tabpfn_finetune_epoch_chunks_f_mmd,dataset_val_split | c_selection=f_mmd | c_source=test | c_metric=standardized_l2 | c_reserve_ratio=0.05,30,94,tabpfn_finetuning_api_f_mmd_grad_accum10,acc,0.8535705078628513,0.8535705078628513,,,0,True,False,,f_mmd,test,standardized_l2,0.05,3.850250344668322,2.1593416883070065,,True
Shipping,/home/crc00006699/zh/tabiclv2/data184/Shipping,binclass,8799,1760,2200,9,2,0.6895454545454546,0.679324341401012,0.7324665628533031,0.7321333646195525,0.5107205445952206,84.17624068260193,1.2053325176239014,ok,,8799,7039,0,2200,,30,1e-05,True,84.17564988136292,tabpfn_finetune_epoch_chunks_f_mmd,dataset_val_split | c_selection=f_mmd | c_source=test | c_metric=standardized_l2 | c_reserve_ratio=0.05,30,8,tabpfn_finetuning_api_f_mmd_grad_accum10,acc,0.6744318181818182,0.6829545454545455,,,8,True,False,,f_mmd,test,standardized_l2,0.05,2.560025739363191,0.4763663342821914,,True
VulNoneVul,/home/crc00006699/zh/tabiclv2/data184/VulNoneVul,binclass,4553,911,1139,16,2,0.9894644424934153,0.9842245601854183,0.5,0.8538893818396924,0.05149905889130842,18.987932443618774,0.7484040260314941,ok,,4553,3642,0,1139,,30,1e-05,True,18.98744487762451,tabpfn_finetune_epoch_chunks_f_mmd,dataset_val_split | c_selection=f_mmd | c_source=test | c_metric=standardized_l2 | c_reserve_ratio=0.05,30,4,tabpfn_finetuning_api_f_mmd_grad_accum10,acc,0.9890230515916575,0.9890230515916575,,,0,True,False,,f_mmd,test,standardized_l2,0.05,29.758416729107523,66.0671700639257,,True
Waterstress,/home/crc00006699/zh/tabiclv2/data184/Waterstress,binclass,950,190,238,22,2,0.7605042016806722,0.7593464796277076,0.763202545068929,0.8730293389890421,0.4517043374916532,7.866336345672607,0.49822258949279785,ok,,950,760,0,238,,30,1e-05,True,7.865888595581055,tabpfn_finetune_epoch_chunks_f_mmd,dataset_val_split | c_selection=f_mmd | c_source=test | c_metric=standardized_l2 | c_reserve_ratio=0.05,30,1,tabpfn_finetuning_api_f_mmd_grad_accum10,acc,0.7736842105263158,0.7736842105263158,,,0,True,False,,f_mmd,test,standardized_l2,0.05,6.66416255171122,1.4893363023500787,,True
abalone,/home/crc00006699/zh/tabiclv2/data184/abalone,multiclass,3341,669,836,8,3,0.6411483253588517,0.645838548451936,0.6397858748729442,0.8307330044071115,0.744122848593766,14.052489519119263,0.6032850742340088,ok,,3341,2672,0,836,,30,1e-05,True,14.05200743675232,tabpfn_finetune_epoch_chunks_f_mmd,dataset_val_split | c_selection=f_mmd | c_source=test | c_metric=standardized_l2 | c_reserve_ratio=0.05,30,3,tabpfn_finetuning_api_f_mmd_grad_accum10,acc,0.7010463378176383,0.7010463378176383,,,0,True,False,,f_mmd,test,standardized_l2,0.05,4.892890201618151,4.666809577619548,,True
ada,/home/crc00006699/zh/tabiclv2/data184/ada,binclass,3317,664,830,48,2,0.8530120481927711,0.8480359696890565,0.7737972989793378,0.9146051157580284,0.3112971577145594,21.211835384368896,1.1193063259124756,ok,,3317,2653,0,830,,30,1e-05,True,21.21141743659973,tabpfn_finetune_epoch_chunks_f_mmd,dataset_val_split | c_selection=f_mmd | c_source=test | c_metric=standardized_l2 | c_reserve_ratio=0.05,30,3,tabpfn_finetuning_api_f_mmd_grad_accum10,acc,0.8734939759036144,0.875,,,2,True,False,,f_mmd,test,standardized_l2,0.05,3.8816084803689033,3.3019567788847612,,True
ada_prior,/home/crc00006699/zh/tabiclv2/data184/ada_prior,binclass,3649,730,913,14,2,0.836801752464403,0.8244718037532472,0.7248622545305095,0.8784500584374718,0.36092360535596124,14.67949914932251,0.6743474006652832,ok,,3649,2919,0,913,,30,1e-05,True,14.679054975509644,tabpfn_finetune_epoch_chunks_f_mmd,dataset_val_split | c_selection=f_mmd | c_source=test | c_metric=standardized_l2 | c_reserve_ratio=0.05,30,3,tabpfn_finetuning_api_f_mmd_grad_accum10,acc,0.8342465753424657,0.8342465753424657,,,0,True,False,,f_mmd,test,standardized_l2,0.05,4.217178577230417,2.967856101139623,,True
airlines_seed_0_nrows_2000_nclasses_10_ncols_100_stratify_True,/home/crc00006699/zh/tabiclv2/data184/airlines_seed_0_nrows_2000_nclasses_10_ncols_100_stratify_True,binclass,1600,320,400,7,2,0.6175,0.6001427792475311,0.5952778621317947,0.66399686203057,0.634858852987883,11.05409574508667,0.45676183700561523,ok,,1600,1280,0,400,,30,1e-05,True,11.053619146347046,tabpfn_finetune_epoch_chunks_f_mmd,dataset_val_split | c_selection=f_mmd | c_source=test | c_metric=standardized_l2 | c_reserve_ratio=0.05,30,2,tabpfn_finetuning_api_f_mmd_grad_accum10,acc,0.6375,0.64375,,,3,True,False,,f_mmd,test,standardized_l2,0.05,2.5197609603655278,0.4749052057318915,,True
allrep,/home/crc00006699/zh/tabiclv2/data184/allrep,multiclass,3017,604,755,29,4,0.9854304635761589,0.9849889624724061,0.7570083170254402,0.9970125283244003,0.034767959944913454,19.99612045288086,0.8056402206420898,ok,,3017,2413,0,755,,30,1e-05,True,19.995702981948853,tabpfn_finetune_epoch_chunks_f_mmd,dataset_val_split | c_selection=f_mmd | c_source=test | c_metric=standardized_l2 | c_reserve_ratio=0.05,30,3,tabpfn_finetuning_api_f_mmd_grad_accum10,acc,0.9900662251655629,0.9933774834437086,,,2,True,False,,f_mmd,test,standardized_l2,0.05,4.906526425569624,3.87787122362035,,True
artificial-characters,/home/crc00006699/zh/tabiclv2/data184/artificial-characters,multiclass,8174,1635,2044,7,10,0.8708414872798435,0.8709593608163868,0.8634719867603803,0.9944118324237191,0.2737749101027935,100.58527708053589,1.0880627632141113,ok,,8174,6539,0,2044,,30,1e-05,True,100.58479356765747,tabpfn_finetune_epoch_chunks_f_mmd,dataset_val_split | c_selection=f_mmd | c_source=test | c_metric=standardized_l2 | c_reserve_ratio=0.05,30,7,tabpfn_finetuning_api_f_mmd_grad_accum10,acc,0.8593272171253823,0.8703363914373089,,,15,True,False,,f_mmd,test,standardized_l2,0.05,3.448967720595257,0.9522696012672336,,True
autoUniv-au7-1100,/home/crc00006699/zh/tabiclv2/data184/autoUniv-au7-1100,multiclass,880,176,220,12,5,0.41818181818181815,0.394291378628877,0.3972492077519213,0.7270001380666643,1.3761562108241694,10.18828010559082,0.4702761173248291,ok,,880,704,0,220,,30,1e-05,True,10.18782925605774,tabpfn_finetune_epoch_chunks_f_mmd,dataset_val_split | c_selection=f_mmd | c_source=test | c_metric=standardized_l2 | c_reserve_ratio=0.05,30,1,tabpfn_finetuning_api_f_mmd_grad_accum10,acc,0.4943181818181818,0.5113636363636364,,,2,True,False,,f_mmd,test,standardized_l2,0.05,1.8194173580024067,0.08176046926927145,,True
banknote_authentication,/home/crc00006699/zh/tabiclv2/data184/banknote_authentication,binclass,1097,220,275,4,2,0.5563636363636364,0.4163146273158122,0.5024911603985857,0.5066430943962285,0.6898373010875358,10.664515733718872,0.4476144313812256,ok,,1097,877,0,275,,30,1e-05,True,10.664123058319092,tabpfn_finetune_epoch_chunks_f_mmd,dataset_val_split | c_selection=f_mmd | c_source=test | c_metric=standardized_l2 | c_reserve_ratio=0.05,30,1,tabpfn_finetuning_api_f_mmd_grad_accum10,acc,0.5545454545454546,0.5772727272727273,,,3,True,False,,f_mmd,test,standardized_l2,0.05,4.318591661619124,1.0112856072925063,,True
car-evaluation,/home/crc00006699/zh/tabiclv2/data184/car-evaluation,multiclass,1382,277,346,21,4,0.9913294797687862,0.991398978497919,0.9946871310507674,0.9999758605706561,0.015453420237152272,8.950541734695435,0.4821338653564453,ok,,1382,1105,0,346,,30,1e-05,True,8.950112581253052,tabpfn_finetune_epoch_chunks_f_mmd,dataset_val_split | c_selection=f_mmd | c_source=test | c_metric=standardized_l2 | c_reserve_ratio=0.05,30,2,tabpfn_finetuning_api_f_mmd_grad_accum10,acc,1.0,1.0,,,0,True,False,,f_mmd,test,standardized_l2,0.05,1.2854933727395061,0.004100610228503414,,True
cmc,/home/crc00006699/zh/tabiclv2/data184/cmc,multiclass,1178,236,295,9,3,0.5966101694915255,0.5962939997952648,0.5719209740280856,0.7616927708259834,0.8773996142716936,10.258957624435425,0.47017931938171387,ok,,1178,942,0,295,,30,1e-05,True,10.258546352386475,tabpfn_finetune_epoch_chunks_f_mmd,dataset_val_split | c_selection=f_mmd | c_source=test | c_metric=standardized_l2 | c_reserve_ratio=0.05,30,1,tabpfn_finetuning_api_f_mmd_grad_accum10,acc,0.5720338983050848,0.576271186440678,,,2,True,False,,f_mmd,test,standardized_l2,0.05,3.1589966174044664,0.5584780100985581,,True
compass,/home/crc00006699/zh/tabiclv2/data184/compass,binclass,13315,2663,3329,17,2,0.842294983478522,0.8422949550176587,0.8422948790136291,0.9175137878262879,0.36388984727144696,110.6124837398529,2.2920570373535156,ok,,13315,10652,0,3329,,60,1e-05,True,110.61203384399414,tabpfn_finetune_epoch_chunks_f_mmd,dataset_val_split | c_selection=f_mmd | c_source=test | c_metric=standardized_l2 | c_reserve_ratio=0.05,30,11,tabpfn_finetuning_api_f_mmd_grad_accum10,acc,0.830266616597822,0.8426586556515209,,,6,True,False,,f_mmd,test,standardized_l2,0.05,5.492427369741662,4.812533095316572,,True
contraceptive_method_choice,/home/crc00006699/zh/tabiclv2/data184/contraceptive_method_choice,multiclass,1178,236,295,9,3,0.6135593220338983,0.6146228737103371,0.5925995605539065,0.7914172166750529,0.8331808829949051,14.097445726394653,0.4925401210784912,ok,,1178,942,0,295,,30,1e-05,True,14.097017526626587,tabpfn_finetune_epoch_chunks_f_mmd,dataset_val_split | c_selection=f_mmd | c_source=test | c_metric=standardized_l2 | c_reserve_ratio=0.05,30,1,tabpfn_finetuning_api_f_mmd_grad_accum10,acc,0.5423728813559322,0.5550847457627118,,,6,True,False,,f_mmd,test,standardized_l2,0.05,3.1888443041607775,0.5644437069734151,,True
credit-g,/home/crc00006699/zh/tabiclv2/data184/credit-g,binclass,800,160,200,20,2,0.795,0.7885305337494877,0.7297619047619048,0.8503571428571427,0.4343680190079766,8.475417852401733,0.47467517852783203,ok,,800,640,0,200,,30,1e-05,True,8.474478006362915,tabpfn_finetune_epoch_chunks_f_mmd,dataset_val_split | c_selection=f_mmd | c_source=test | c_metric=standardized_l2 | c_reserve_ratio=0.05,30,1,tabpfn_finetuning_api_f_mmd_grad_accum10,acc,0.79375,0.79375,,,0,True,False,,f_mmd,test,standardized_l2,0.05,2.7437561514303046,0.3917983502035576,,True
dabetes_130-us_hospitals,/home/crc00006699/zh/tabiclv2/data184/dabetes_130-us_hospitals,binclass,81412,16283,20354,20,2,0.6455242212832858,0.6427384587757105,0.6388533957423359,0.701991727754822,0.6199311771989008,554.8268098831177,27.1082603931427,ok,,81412,65129,0,20354,,210,1e-05,True,554.8262996673584,tabpfn_finetune_epoch_chunks_f_mmd,dataset_val_split | c_selection=f_mmd | c_source=test | c_metric=standardized_l2 | c_reserve_ratio=0.05,30,66,tabpfn_finetuning_api_f_mmd_grad_accum10,acc,0.6503715531535957,0.6507400356199717,,,1,True,False,,f_mmd,test,standardized_l2,0.05,3.416486901176719,3.166667709344906,,True
delta_ailerons,/home/crc00006699/zh/tabiclv2/data184/delta_ailerons,binclass,5703,1141,1426,5,2,0.955820476858345,0.9558295238433023,0.9558687921205766,0.9817093277886709,0.1593098561708562,25.84907841682434,0.7044563293457031,ok,,5703,4562,0,1426,,30,1e-05,True,25.847706079483032,tabpfn_finetune_epoch_chunks_f_mmd,dataset_val_split | c_selection=f_mmd | c_source=test | c_metric=standardized_l2 | c_reserve_ratio=0.05,30,5,tabpfn_finetuning_api_f_mmd_grad_accum10,acc,0.9439088518843121,0.9439088518843121,,,0,True,False,,f_mmd,test,standardized_l2,0.05,3.676746128141603,1.0570600511781245,,True
dna,/home/crc00006699/zh/tabiclv2/data184/dna,multiclass,2548,510,638,180,3,0.9717868338557993,0.971919433569076,0.9713853010458662,0.9980519973445613,0.07970484488988691,91.64639663696289,3.315673828125,ok,,2548,2038,0,638,,30,1e-05,True,91.64596843719482,tabpfn_finetune_epoch_chunks_f_mmd,dataset_val_split | c_selection=f_mmd | c_source=test | c_metric=standardized_l2 | c_reserve_ratio=0.05,30,3,tabpfn_finetuning_api_f_mmd_grad_accum10,acc,0.9686274509803922,0.9784313725490196,,,11,True,False,,f_mmd,test,standardized_l2,0.05,1.4338576838344028,0.0361362697936397,,True
dry_bean_dataset,/home/crc00006699/zh/tabiclv2/data184/dry_bean_dataset,multiclass,10888,2178,2723,16,7,0.9265515975027543,0.9267027783508285,0.9372351439171951,0.99589748673516,0.19185047291834664,152.6857841014862,1.791839599609375,ok,,10888,8710,0,2723,,30,1e-05,True,152.6850941181183,tabpfn_finetune_epoch_chunks_f_mmd,dataset_val_split | c_selection=f_mmd | c_source=test | c_metric=standardized_l2 | c_reserve_ratio=0.05,30,9,tabpfn_finetuning_api_f_mmd_grad_accum10,acc,0.9338842975206612,0.9393939393939394,,,17,True,False,,f_mmd,test,standardized_l2,0.05,6.029328557638079,2.1526019319482437,,True
electricity,/home/crc00006699/zh/tabiclv2/data184/electricity,binclass,36249,7250,9063,8,2,0.8958402295045791,0.8957519476560689,0.8925979154167074,0.9626009352519419,0.2586955034666835,180.97598838806152,9.039345741271973,ok,,36249,28999,0,9063,,90,1e-05,True,180.97550654411316,tabpfn_finetune_epoch_chunks_f_mmd,dataset_val_split | c_selection=f_mmd | c_source=test | c_metric=standardized_l2 | c_reserve_ratio=0.05,30,29,tabpfn_finetuning_api_f_mmd_grad_accum10,acc,0.8976551724137931,0.8976551724137931,,,0,True,False,,f_mmd,test,standardized_l2,0.05,28.098389944396413,30.55328434318753,,True
eucalyptus,/home/crc00006699/zh/tabiclv2/data184/eucalyptus,multiclass,588,118,148,19,5,0.6959459459459459,0.7032391407391407,0.6887914411170224,0.9394781034651608,0.6268933534076305,11.912551879882812,0.491443395614624,ok,,588,470,0,148,,30,1e-05,True,11.912014722824097,tabpfn_finetune_epoch_chunks_f_mmd,dataset_val_split | c_selection=f_mmd | c_source=test | c_metric=standardized_l2 | c_reserve_ratio=0.05,30,1,tabpfn_finetuning_api_f_mmd_grad_accum10,acc,0.6694915254237288,0.6779661016949152,,,3,True,False,,f_mmd,test,standardized_l2,0.05,3.5715512309300785,2.342872129743462,,True
eye_movements_bin,/home/crc00006699/zh/tabiclv2/data184/eye_movements_bin,binclass,6086,1218,1522,20,2,0.6892247043363995,0.6889022563149205,0.6892247043363995,0.7550132010408878,0.5874566784537308,55.379807233810425,1.061000108718872,ok,,6086,4868,0,1522,,30,1e-05,True,55.379257917404175,tabpfn_finetune_epoch_chunks_f_mmd,dataset_val_split | c_selection=f_mmd | c_source=test | c_metric=standardized_l2 | c_reserve_ratio=0.05,30,5,tabpfn_finetuning_api_f_mmd_grad_accum10,acc,0.6313628899835796,0.6912972085385879,,,9,True,False,,f_mmd,test,standardized_l2,0.05,6.722837775152135,4.078017486548981,,True
golf_play_dataset_extended,/home/crc00006699/zh/tabiclv2/data184/golf_play_dataset_extended,binclass,876,176,219,9,2,0.9223744292237442,0.9220597675060586,0.8790525257602413,0.9739884393063584,0.18521024390592256,8.466738224029541,0.4560277462005615,ok,,876,700,0,219,,30,1e-05,True,8.466230630874634,tabpfn_finetune_epoch_chunks_f_mmd,dataset_val_split | c_selection=f_mmd | c_source=test | c_metric=standardized_l2 | c_reserve_ratio=0.05,30,1,tabpfn_finetuning_api_f_mmd_grad_accum10,acc,0.9318181818181818,0.9318181818181818,,,0,True,False,,f_mmd,test,standardized_l2,0.05,3.2420692300951326,0.1752892601920253,,True
hill-valley,/home/crc00006699/zh/tabiclv2/data184/hill-valley,binclass,969,194,243,100,2,0.9465020576131687,0.9464022293944957,0.9466874407261889,0.9973580815607641,0.33165831154472836,14.438383102416992,0.4865705966949463,ok,,969,775,0,243,,30,1e-05,True,14.437914848327637,tabpfn_finetune_epoch_chunks_f_mmd,dataset_val_split | c_selection=f_mmd | c_source=test | c_metric=standardized_l2 | c_reserve_ratio=0.05,30,1,tabpfn_finetuning_api_f_mmd_grad_accum10,acc,0.8969072164948454,0.9278350515463918,,,5,True,False,,f_mmd,test,standardized_l2,0.05,13.658256198909653,8.435375438395972,,True
htru,/home/crc00006699/zh/tabiclv2/data184/htru,binclass,14318,2864,3580,8,2,0.979050279329609,0.9789778736969453,0.9336430864308642,0.9880664431644317,0.06355833107106276,64.45066165924072,2.138915777206421,ok,,14318,11454,0,3580,,60,1e-05,True,64.45017790794373,tabpfn_finetune_epoch_chunks_f_mmd,dataset_val_split | c_selection=f_mmd | c_source=test | c_metric=standardized_l2 | c_reserve_ratio=0.05,30,12,tabpfn_finetuning_api_f_mmd_grad_accum10,acc,0.9797486033519553,0.9797486033519553,,,0,True,False,,f_mmd,test,standardized_l2,0.05,8.851568277430367,3.6698761517118097,,True
in_vehicle_coupon_recommendation,/home/crc00006699/zh/tabiclv2/data184/in_vehicle_coupon_recommendation,binclass,10147,2030,2537,21,2,0.7808435159637367,0.7792727309738671,0.7711714450376506,0.8506899980367196,0.4715497522135331,74.41396927833557,1.8101062774658203,ok,,10147,8117,0,2537,,30,1e-05,True,74.41353464126587,tabpfn_finetune_epoch_chunks_f_mmd,dataset_val_split | c_selection=f_mmd | c_source=test | c_metric=standardized_l2 | c_reserve_ratio=0.05,30,9,tabpfn_finetuning_api_f_mmd_grad_accum10,acc,0.7586206896551724,0.7620689655172413,,,3,True,False,,f_mmd,test,standardized_l2,0.05,1.6971110893587236,0.09777781200683464,,True
jasmine,/home/crc00006699/zh/tabiclv2/data184/jasmine,binclass,2387,478,597,144,2,0.8257956448911222,0.8239275890711857,0.8259691140490674,0.886669210567664,0.3758536711912646,26.117265939712524,2.628749132156372,ok,,2387,1909,0,597,,30,1e-05,True,26.116679906845093,tabpfn_finetune_epoch_chunks_f_mmd,dataset_val_split | c_selection=f_mmd | c_source=test | c_metric=standardized_l2 | c_reserve_ratio=0.05,30,2,tabpfn_finetuning_api_f_mmd_grad_accum10,acc,0.8535564853556485,0.8535564853556485,,,0,True,False,,f_mmd,test,standardized_l2,0.05,3.7449392328552444,2.4961650527571577,,True
jungle_chess_2pcs_raw_endgame_complete,/home/crc00006699/zh/tabiclv2/data184/jungle_chess_2pcs_raw_endgame_complete,multiclass,35855,7171,8964,6,3,0.9539268183846497,0.9538582336872509,0.9420580240278683,0.9966224516804179,0.11352976839234885,209.72999477386475,8.633325099945068,ok,,35855,28684,0,8964,,90,1e-05,True,209.72925233840942,tabpfn_finetune_epoch_chunks_f_mmd,dataset_val_split | c_selection=f_mmd | c_source=test | c_metric=standardized_l2 | c_reserve_ratio=0.05,30,29,tabpfn_finetuning_api_f_mmd_grad_accum10,acc,0.9506345000697253,0.9570492260493655,,,2,True,False,,f_mmd,test,standardized_l2,0.05,1.9246232486452088,0.1207957306133531,,True
kdd_ipums_la_97-small,/home/crc00006699/zh/tabiclv2/data184/kdd_ipums_la_97-small,binclass,4150,830,1038,20,2,0.884393063583815,0.8838341447037098,0.8843930635838151,0.9459090217217786,0.2714113946523381,38.31233191490173,0.8014907836914062,ok,,4150,3320,0,1038,,30,1e-05,True,38.311665534973145,tabpfn_finetune_epoch_chunks_f_mmd,dataset_val_split | c_selection=f_mmd | c_source=test | c_metric=standardized_l2 | c_reserve_ratio=0.05,30,4,tabpfn_finetuning_api_f_mmd_grad_accum10,acc,0.8795180722891566,0.8867469879518072,,,8,True,False,,f_mmd,test,standardized_l2,0.05,3.3330163915080857,0.7148333297890402,,True
law-school-admission-bianry,/home/crc00006699/zh/tabiclv2/data184/law-school-admission-bianry,binclass,16640,3328,4160,11,2,1.0,1.0,1.0,1.0,1.2993896981348888e-05,79.02969622612,2.822953462600708,ok,,16640,13312,0,4160,,60,1e-05,True,79.02922654151917,tabpfn_finetune_epoch_chunks_f_mmd,dataset_val_split | c_selection=f_mmd | c_source=test | c_metric=standardized_l2 | c_reserve_ratio=0.05,30,14,tabpfn_finetuning_api_f_mmd_grad_accum10,acc,1.0,1.0,,,0,True,False,,f_mmd,test,standardized_l2,0.05,3.303635657864344,0.8069447279884778,,True
led7,/home/crc00006699/zh/tabiclv2/data184/led7,multiclass,2560,512,640,7,10,0.7390625,0.7336660753131274,0.7382293337588731,0.9578842589423882,0.7855841439508755,13.907227277755737,0.5813033580780029,ok,,2560,2048,0,640,,30,1e-05,True,13.906816244125366,tabpfn_finetune_epoch_chunks_f_mmd,dataset_val_split | c_selection=f_mmd | c_source=test | c_metric=standardized_l2 | c_reserve_ratio=0.05,30,3,tabpfn_finetuning_api_f_mmd_grad_accum10,acc,0.73046875,0.73046875,,,0,True,False,,f_mmd,test,standardized_l2,0.05,2.0251374504688386,0.13784299058704869,,True
mammography,/home/crc00006699/zh/tabiclv2/data184/mammography,binclass,8946,1790,2237,6,2,0.9888243182834153,0.9880426288676926,0.8159346945960217,0.9813149093469459,0.033886369890204486,70.14541721343994,1.1280710697174072,ok,,8946,7156,0,2237,,30,1e-05,True,70.14492917060852,tabpfn_finetune_epoch_chunks_f_mmd,dataset_val_split | c_selection=f_mmd | c_source=test | c_metric=standardized_l2 | c_reserve_ratio=0.05,30,8,tabpfn_finetuning_api_f_mmd_grad_accum10,acc,0.9888268156424581,0.9893854748603352,,,6,True,False,,f_mmd,test,standardized_l2,0.05,7.873802323041755,9.389756848707487,,True
mfeat-factors,/home/crc00006699/zh/tabiclv2/data184/mfeat-factors,multiclass,1600,320,400,216,10,0.975,0.9749929947719903,0.975,0.9995416666666668,0.12379739163924146,17.234996557235718,1.0449738502502441,ok,,1600,1280,0,400,,30,1e-05,True,17.234559297561646,tabpfn_finetune_epoch_chunks_f_mmd,dataset_val_split | c_selection=f_mmd | c_source=test | c_metric=standardized_l2 | c_reserve_ratio=0.05,30,2,tabpfn_finetuning_api_f_mmd_grad_accum10,acc,0.98125,0.98125,,,0,True,False,,f_mmd,test,standardized_l2,0.05,2.0588483748197195,0.21025498347766508,,True
mfeat-karhunen,/home/crc00006699/zh/tabiclv2/data184/mfeat-karhunen,multiclass,1600,320,400,64,10,0.9725,0.9723946912768051,0.9724999999999999,0.9995416666666668,0.12523846366590954,19.56104826927185,0.48179173469543457,ok,,1600,1280,0,400,,30,1e-05,True,19.560544967651367,tabpfn_finetune_epoch_chunks_f_mmd,dataset_val_split | c_selection=f_mmd | c_source=test | c_metric=standardized_l2 | c_reserve_ratio=0.05,30,2,tabpfn_finetuning_api_f_mmd_grad_accum10,acc,0.96875,0.978125,,,9,True,False,,f_mmd,test,standardized_l2,0.05,1.7423473684625959,0.08135823638131108,,True
mfeat-pixel,/home/crc00006699/zh/tabiclv2/data184/mfeat-pixel,multiclass,1600,320,400,240,10,0.9675,0.9674690169471425,0.9674999999999999,0.9991111111111112,0.13239262878557245,37.91824412345886,1.3168888092041016,ok,,1600,1280,0,400,,30,1e-05,True,37.91778635978699,tabpfn_finetune_epoch_chunks_f_mmd,dataset_val_split | c_selection=f_mmd | c_source=test | c_metric=standardized_l2 | c_reserve_ratio=0.05,30,2,tabpfn_finetuning_api_f_mmd_grad_accum10,acc,0.965625,0.975,,,3,True,False,,f_mmd,test,standardized_l2,0.05,1.7238650669662638,0.0898627304730348,,True
mice_protein_expression,/home/crc00006699/zh/tabiclv2/data184/mice_protein_expression,multiclass,864,173,216,75,8,1.0,1.0,1.0,1.0,0.0001442511328971855,8.478819131851196,0.48417162895202637,ok,,864,691,0,216,,30,1e-05,True,8.478402137756348,tabpfn_finetune_epoch_chunks_f_mmd,dataset_val_split | c_selection=f_mmd | c_source=test | c_metric=standardized_l2 | c_reserve_ratio=0.05,30,1,tabpfn_finetuning_api_f_mmd_grad_accum10,acc,1.0,1.0,,,0,True,False,,f_mmd,test,standardized_l2,0.05,3.8332374332200425,3.0500950205315274,,True
mobile_c36_oversampling,/home/crc00006699/zh/tabiclv2/data184/mobile_c36_oversampling,binclass,41408,8282,10352,6,2,0.9933346213292118,0.9933291786405231,0.9922126679046909,0.9992923843358014,0.024847859992010665,366.724755525589,11.0132315158844,ok,,41408,33126,0,10352,,120,1e-05,True,366.72421169281006,tabpfn_finetune_epoch_chunks_f_mmd,dataset_val_split | c_selection=f_mmd | c_source=test | c_metric=standardized_l2 | c_reserve_ratio=0.05,30,34,tabpfn_finetuning_api_f_mmd_grad_accum10,acc,0.9945665298237141,0.995049504950495,,,7,True,False,,f_mmd,test,standardized_l2,0.05,3.8493482077670604,1.0255823366701053,,True
national-longitudinal-survey-binary,/home/crc00006699/zh/tabiclv2/data184/national-longitudinal-survey-binary,binclass,3926,786,982,16,2,1.0,1.0,1.0,1.0,0.00029057129509249573,19.997430324554443,0.7437682151794434,ok,,3926,3140,0,982,,30,1e-05,True,19.996912002563477,tabpfn_finetune_epoch_chunks_f_mmd,dataset_val_split | c_selection=f_mmd | c_source=test | c_metric=standardized_l2 | c_reserve_ratio=0.05,30,4,tabpfn_finetuning_api_f_mmd_grad_accum10,acc,1.0,1.0,,,0,True,False,,f_mmd,test,standardized_l2,0.05,2.8577599550929076,0.4415059337297822,,True
online_shoppers,/home/crc00006699/zh/tabiclv2/data184/online_shoppers,binclass,9864,1973,2466,14,2,0.8994322789943228,0.8995394283318731,0.8090148325310769,0.9284224859563264,0.250610752775382,44.19163155555725,1.519399642944336,ok,,9864,7891,0,2466,,30,1e-05,True,44.19120693206787,tabpfn_finetune_epoch_chunks_f_mmd,dataset_val_split | c_selection=f_mmd | c_source=test | c_metric=standardized_l2 | c_reserve_ratio=0.05,30,8,tabpfn_finetuning_api_f_mmd_grad_accum10,acc,0.9036999493157628,0.9036999493157628,,,0,True,False,,f_mmd,test,standardized_l2,0.05,3.502157505578821,1.9650430278033362,,True
ozone-level-8hr,/home/crc00006699/zh/tabiclv2/data184/ozone-level-8hr,binclass,2027,406,507,72,2,0.9506903353057199,0.9458555039491685,0.7113815789473684,0.9374342105263158,0.12821556808066298,9.682241439819336,1.2490081787109375,ok,,2027,1621,0,507,,30,1e-05,True,9.681823253631592,tabpfn_finetune_epoch_chunks_f_mmd,dataset_val_split | c_selection=f_mmd | c_source=test | c_metric=standardized_l2 | c_reserve_ratio=0.05,30,2,tabpfn_finetuning_api_f_mmd_grad_accum10,acc,0.9433497536945813,0.9433497536945813,,,0,True,False,,f_mmd,test,standardized_l2,0.05,3.760222356214882,0.9378070589744153,,True
page-blocks,/home/crc00006699/zh/tabiclv2/data184/page-blocks,multiclass,4378,876,1095,10,5,0.9771689497716894,0.9768823568987868,0.8967034670648276,0.99362395542806,0.0902649424954548,32.26590967178345,0.649590015411377,ok,,4378,3502,0,1095,,30,1e-05,True,32.265512228012085,tabpfn_finetune_epoch_chunks_f_mmd,dataset_val_split | c_selection=f_mmd | c_source=test | c_metric=standardized_l2 | c_reserve_ratio=0.05,30,4,tabpfn_finetuning_api_f_mmd_grad_accum10,acc,0.973744292237443,0.9771689497716894,,,6,True,False,,f_mmd,test,standardized_l2,0.05,283.27516903713087,227.92679275382082,,True
pc3,/home/crc00006699/zh/tabiclv2/data184/pc3,binclass,1250,250,313,37,2,0.9009584664536742,0.8785576728357528,0.5848532028469751,0.8387455516014235,0.2661117511642547,19.22572684288025,0.46030235290527344,ok,,1250,1000,0,313,,30,1e-05,True,19.22515106201172,tabpfn_finetune_epoch_chunks_f_mmd,dataset_val_split | c_selection=f_mmd | c_source=test | c_metric=standardized_l2 | c_reserve_ratio=0.05,30,1,tabpfn_finetuning_api_f_mmd_grad_accum10,acc,0.892,0.912,,,12,True,False,,f_mmd,test,standardized_l2,0.05,11.670120732183827,18.552186057997343,,True
pendigits,/home/crc00006699/zh/tabiclv2/data184/pendigits,multiclass,8793,1759,2199,16,10,0.9972714870395635,0.997273276642423,0.9972681553840104,0.9997175278138979,0.012750247177933428,41.342267751693726,1.3916893005371094,ok,,8793,7034,0,2199,,30,1e-05,True,41.34179401397705,tabpfn_finetune_epoch_chunks_f_mmd,dataset_val_split | c_selection=f_mmd | c_source=test | c_metric=standardized_l2 | c_reserve_ratio=0.05,30,8,tabpfn_finetuning_api_f_mmd_grad_accum10,acc,0.9971574758385446,0.9971574758385446,,,0,True,False,,f_mmd,test,standardized_l2,0.05,2.442248938752831,0.49703790563437783,,True
pol,/home/crc00006699/zh/tabiclv2/data184/pol,binclass,8065,1613,2017,26,2,0.991571641051066,0.9915715540380223,0.9915733596048264,0.9997384649267702,0.02182026606522381,46.184112548828125,1.5048558712005615,ok,,8065,6452,0,2017,,30,1e-05,True,46.18362760543823,tabpfn_finetune_epoch_chunks_f_mmd,dataset_val_split | c_selection=f_mmd | c_source=test | c_metric=standardized_l2 | c_reserve_ratio=0.05,30,7,tabpfn_finetuning_api_f_mmd_grad_accum10,acc,0.9894606323620583,0.990700557966522,,,2,True,False,,f_mmd,test,standardized_l2,0.05,7.333773706034097,2.975887630208919,,True
rice_cammeo_and_osmancik,/home/crc00006699/zh/tabiclv2/data184/rice_cammeo_and_osmancik,binclass,3048,610,762,7,2,0.9251968503937008,0.9247479668568338,0.9187679405639668,0.9790341644622051,0.18545111074208007,21.419728994369507,0.560230016708374,ok,,3048,2438,0,762,,30,1e-05,True,21.419244289398193,tabpfn_finetune_epoch_chunks_f_mmd,dataset_val_split | c_selection=f_mmd | c_source=test | c_metric=standardized_l2 | c_reserve_ratio=0.05,30,3,tabpfn_finetuning_api_f_mmd_grad_accum10,acc,0.9327868852459016,0.9344262295081968,,,5,True,False,,f_mmd,test,standardized_l2,0.05,3.801681273165802,0.9408868342382108,,True
rl,/home/crc00006699/zh/tabiclv2/data184/rl,binclass,3976,796,994,12,2,0.89738430583501,0.8973739189583131,0.89738430583501,0.9462124861847139,0.29431748746214115,47.76608896255493,0.6660833358764648,ok,,3976,3180,0,994,,30,1e-05,True,47.76565885543823,tabpfn_finetune_epoch_chunks_f_mmd,dataset_val_split | c_selection=f_mmd | c_source=test | c_metric=standardized_l2 | c_reserve_ratio=0.05,30,4,tabpfn_finetuning_api_f_mmd_grad_accum10,acc,0.8806532663316583,0.8869346733668342,,,12,True,False,,f_mmd,test,standardized_l2,0.05,5.279802959315455,1.5943187854930394,,True
segment,/home/crc00006699/zh/tabiclv2/data184/segment,multiclass,1848,370,462,17,7,0.9415584415584416,0.9415297478441743,0.9415584415584417,0.996064541519087,0.16890607224708573,10.10996150970459,0.44988584518432617,ok,,1848,1478,0,462,,30,1e-05,True,10.109488248825073,tabpfn_finetune_epoch_chunks_f_mmd,dataset_val_split | c_selection=f_mmd | c_source=test | c_metric=standardized_l2 | c_reserve_ratio=0.05,30,2,tabpfn_finetuning_api_f_mmd_grad_accum10,acc,0.9432432432432433,0.9459459459459459,,,2,True,False,,f_mmd,test,standardized_l2,0.05,5.893529068765413,9.402798278109909,,True
semeion,/home/crc00006699/zh/tabiclv2/data184/semeion,multiclass,1274,255,319,256,10,0.9623824451410659,0.9625437870499034,0.9625,0.9991164702833663,0.14325342733905083,23.470153331756592,1.2246241569519043,ok,,1274,1019,0,319,,30,1e-05,True,23.469741344451904,tabpfn_finetune_epoch_chunks_f_mmd,dataset_val_split | c_selection=f_mmd | c_source=test | c_metric=standardized_l2 | c_reserve_ratio=0.05,30,2,tabpfn_finetuning_api_f_mmd_grad_accum10,acc,0.9607843137254902,0.9607843137254902,,,0,True,False,,f_mmd,test,standardized_l2,0.05,1.5199568110473987,0.06834426628262766,,True
shrutime,/home/crc00006699/zh/tabiclv2/data184/shrutime,binclass,8000,1600,2000,10,2,0.8685,0.856438995529043,0.7197916400194418,0.8853140748509887,0.3072126411456458,50.93630623817444,1.1304523944854736,ok,,8000,6400,0,2000,,30,1e-05,True,50.935864210128784,tabpfn_finetune_epoch_chunks_f_mmd,dataset_val_split | c_selection=f_mmd | c_source=test | c_metric=standardized_l2 | c_reserve_ratio=0.05,30,7,tabpfn_finetuning_api_f_mmd_grad_accum10,acc,0.86625,0.871875,,,3,True,False,,f_mmd,test,standardized_l2,0.05,2.1886366973762588,0.3711055633331305,,True
spambase,/home/crc00006699/zh/tabiclv2/data184/spambase,binclass,3680,736,921,57,2,0.9576547231270358,0.9576444744013641,0.9554267010278741,0.9901655854735033,0.12351943745820342,27.127121448516846,1.3230302333831787,ok,,3680,2944,0,921,,30,1e-05,True,27.12669610977173,tabpfn_finetune_epoch_chunks_f_mmd,dataset_val_split | c_selection=f_mmd | c_source=test | c_metric=standardized_l2 | c_reserve_ratio=0.05,30,3,tabpfn_finetuning_api_f_mmd_grad_accum10,acc,0.9592391304347826,0.9646739130434783,,,5,True,False,,f_mmd,test,standardized_l2,0.05,8.512184844163942,5.789114018726668,,True
sports_articles_for_objectivity_analysis,/home/crc00006699/zh/tabiclv2/data184/sports_articles_for_objectivity_analysis,binclass,800,160,200,59,2,0.855,0.8532933653077538,0.8334052421529501,0.9002265127817926,0.3811985179465494,8.907626867294312,0.4763169288635254,ok,,800,640,0,200,,30,1e-05,True,8.907180070877075,tabpfn_finetune_epoch_chunks_f_mmd,dataset_val_split | c_selection=f_mmd | c_source=test | c_metric=standardized_l2 | c_reserve_ratio=0.05,30,1,tabpfn_finetuning_api_f_mmd_grad_accum10,acc,0.84375,0.84375,,,0,True,False,,f_mmd,test,standardized_l2,0.05,7.047942144997193,4.764162571383263,,True
steel_plates_faults,/home/crc00006699/zh/tabiclv2/data184/steel_plates_faults,multiclass,1552,311,389,27,7,0.8406169665809768,0.8394701982242211,0.8853796260594506,0.9813608028114312,0.37756297753309154,12.732625484466553,0.463834285736084,ok,,1552,1241,0,389,,30,1e-05,True,12.73222017288208,tabpfn_finetune_epoch_chunks_f_mmd,dataset_val_split | c_selection=f_mmd | c_source=test | c_metric=standardized_l2 | c_reserve_ratio=0.05,30,2,tabpfn_finetuning_api_f_mmd_grad_accum10,acc,0.8006430868167203,0.8038585209003215,,,4,True,False,,f_mmd,test,standardized_l2,0.05,37.381978418108574,1.6745122809904656,,True
sylvine,/home/crc00006699/zh/tabiclv2/data184/sylvine,binclass,4099,820,1025,20,2,0.9795121951219512,0.9795118051042591,0.9795169346978557,0.9978070175438597,0.056801473855816215,42.999531269073486,0.7754931449890137,ok,,4099,3279,0,1025,,30,1e-05,True,42.9990439414978,tabpfn_finetune_epoch_chunks_f_mmd,dataset_val_split | c_selection=f_mmd | c_source=test | c_metric=standardized_l2 | c_reserve_ratio=0.05,30,4,tabpfn_finetuning_api_f_mmd_grad_accum10,acc,0.975609756097561,0.9890243902439024,,,10,True,False,,f_mmd,test,standardized_l2,0.05,2.675021337858818,0.4592910005104583,,True
telco-customer-churn,/home/crc00006699/zh/tabiclv2/data184/telco-customer-churn,binclass,5634,1127,1409,18,2,0.7920511000709723,0.7935006762094612,0.7406287943372343,0.844994704073988,0.43066176186858807,31.289480447769165,1.0117499828338623,ok,,5634,4507,0,1409,,30,1e-05,True,31.289045810699463,tabpfn_finetune_epoch_chunks_f_mmd,dataset_val_split | c_selection=f_mmd | c_source=test | c_metric=standardized_l2 | c_reserve_ratio=0.05,30,5,tabpfn_finetuning_api_f_mmd_grad_accum10,acc,0.8163265306122449,0.8163265306122449,,,0,True,False,,f_mmd,test,standardized_l2,0.05,1.8747726818080341,0.09517028131021334,,True
thyroid-ann,/home/crc00006699/zh/tabiclv2/data184/thyroid-ann,multiclass,3017,604,755,21,3,0.9880794701986755,0.9878644042103667,0.9025536620921932,0.9988779039171191,0.03766770675713897,25.627275705337524,0.8933210372924805,ok,,3017,2413,0,755,,30,1e-05,True,25.626884698867798,tabpfn_finetune_epoch_chunks_f_mmd,dataset_val_split | c_selection=f_mmd | c_source=test | c_metric=standardized_l2 | c_reserve_ratio=0.05,30,3,tabpfn_finetuning_api_f_mmd_grad_accum10,acc,0.9917218543046358,0.9966887417218543,,,4,True,False,,f_mmd,test,standardized_l2,0.05,7.174155796030475,5.914888150144533,,True
turiye_student_evaluation,/home/crc00006699/zh/tabiclv2/data184/turiye_student_evaluation,multiclass,4656,932,1164,32,5,0.5274914089347079,0.5004152113519016,0.41801237116461804,0.7641483237244012,1.1925530645827291,36.37080717086792,1.2601020336151123,ok,,4656,3724,0,1164,,30,1e-05,True,36.37024283409119,tabpfn_finetune_epoch_chunks_f_mmd,dataset_val_split | c_selection=f_mmd | c_source=test | c_metric=standardized_l2 | c_reserve_ratio=0.05,30,4,tabpfn_finetuning_api_f_mmd_grad_accum10,acc,0.5139484978540773,0.5203862660944206,,,3,True,False,,f_mmd,test,standardized_l2,0.05,2.943681323824602,0.12228569375616988,,True
vehicle,/home/crc00006699/zh/tabiclv2/data184/vehicle,multiclass,676,136,170,18,4,0.888235294117647,0.88598672427987,0.8885281385281385,0.9727957589285714,0.26850574622704393,17.6489999294281,0.6225953102111816,ok,,676,540,0,170,,30,1e-05,True,17.648401975631714,tabpfn_finetune_epoch_chunks_f_mmd,dataset_val_split | c_selection=f_mmd | c_source=test | c_metric=standardized_l2 | c_reserve_ratio=0.05,30,1,tabpfn_finetuning_api_f_mmd_grad_accum10,acc,0.9044117647058824,0.9191176470588235,,,7,True,False,,f_mmd,test,standardized_l2,0.05,4.4910367589938485,3.202056812574051,,True
water_quality,/home/crc00006699/zh/tabiclv2/data184/water_quality,binclass,6396,1280,1600,20,2,0.904375,0.8920178198715704,0.6658774934515415,0.9056208248732933,0.23643117661918167,87.39594721794128,1.0551729202270508,ok,,6396,5116,0,1600,,30,1e-05,True,87.39527201652527,tabpfn_finetune_epoch_chunks_f_mmd,dataset_val_split | c_selection=f_mmd | c_source=test | c_metric=standardized_l2 | c_reserve_ratio=0.05,30,6,tabpfn_finetuning_api_f_mmd_grad_accum10,acc,0.89296875,0.896875,,,11,True,False,,f_mmd,test,standardized_l2,0.05,2.496138378504721,0.8208103674693814,,True
waveform_database_generator_version_1,/home/crc00006699/zh/tabiclv2/data184/waveform_database_generator_version_1,multiclass,4000,800,1000,21,3,0.874,0.87348619741102,0.8737747702036414,0.9731880049572353,0.29452040575965965,25.10575032234192,0.8873353004455566,ok,,4000,3200,0,1000,,30,1e-05,True,25.1053466796875,tabpfn_finetune_epoch_chunks_f_mmd,dataset_val_split | c_selection=f_mmd | c_source=test | c_metric=standardized_l2 | c_reserve_ratio=0.05,30,4,tabpfn_finetuning_api_f_mmd_grad_accum10,acc,0.8575,0.8575,,,0,True,False,,f_mmd,test,standardized_l2,0.05,2.2259815258545315,0.2084567335239976,,True
wine,/home/crc00006699/zh/tabiclv2/data184/wine,binclass,2043,409,511,4,2,0.7749510763209393,0.7730725188684031,0.7751302083333333,0.8690716911764705,0.453640176446324,12.766095399856567,0.5463457107543945,ok,,2043,1634,0,511,,30,1e-05,True,12.765596151351929,tabpfn_finetune_epoch_chunks_f_mmd,dataset_val_split | c_selection=f_mmd | c_source=test | c_metric=standardized_l2 | c_reserve_ratio=0.05,30,2,tabpfn_finetuning_api_f_mmd_grad_accum10,acc,0.8141809290953546,0.8215158924205379,,,2,True,False,,f_mmd,test,standardized_l2,0.05,3.4484473654317376,1.1637056535210322,,True
wine-quality-white,/home/crc00006699/zh/tabiclv2/data184/wine-quality-white,multiclass,3918,784,980,11,7,0.6591836734693878,0.6455106060661672,0.3576140109277075,0.8978408485615007,0.7971423638832075,37.46317219734192,0.6731343269348145,ok,,3918,3134,0,980,,30,1e-05,True,37.462666034698486,tabpfn_finetune_epoch_chunks_f_mmd,dataset_val_split | c_selection=f_mmd | c_source=test | c_metric=standardized_l2 | c_reserve_ratio=0.05,30,4,tabpfn_finetuning_api_f_mmd_grad_accum10,acc,0.6760204081632653,0.701530612244898,,,8,True,False,,f_mmd,test,standardized_l2,0.05,3.987077612229868,3.1166729390037786,,True
