dataset_name,dataset_dir,task_type,n_train,n_val,n_test,n_features,n_classes,accuracy,f1,balanced_accuracy,roc_auc,log_loss,fit_seconds,predict_seconds,status,error,n_train_a,n_train_b,n_holdout_c,n_test_d,ttt_loss,ttt_steps,ttt_lr,ttt_applied,ttt_update_seconds,ttt_split_strategy,ttt_split_reason,ttt_epochs,ttt_chunks_per_epoch,ttt_batch_mode,ttt_val_eval_metric,ttt_val_baseline_metric,ttt_val_best_metric,ttt_val_baseline_accuracy,ttt_val_best_accuracy,ttt_best_epoch,ttt_stopped_early,ttt_oom_fallback,ttt_fallback_reason
Amazon_employee_access,/home/crc00006699/zh/tabiclv2/data200/Amazon_employee_access,binclass,26215,5243,6554,7,2,0.9449191333536772,0.9326082783497165,0.598044075075043,0.8345533205858161,0.16617913949427796,51.44433665275574,12.715124368667603,ok,,26215,20972,0,6554,0.22806286066770554,54,1e-05,True,51.21358942985535,full_train_epoch_chunks,full train set chunked per epoch | validation=dataset_val_split,30,3,epoch_chunk,accuracy,0.9490749570856379,0.9513637230593172,0.9490749570856379,0.9513637230593172,10,True,False,
BNG(breast-w),/home/crc00006699/zh/tabiclv2/data200/BNG(breast-w),binclass,31492,6299,7874,9,2,0.9885699771399543,0.9885818723806905,0.988391282580706,0.9991341828911338,0.03329633416945664,44.81172037124634,20.212146282196045,ok,,31492,25193,0,7874,0.036187682300806046,42,1e-05,True,44.55200386047363,full_train_epoch_chunks,full train set chunked per epoch | validation=dataset_val_split,30,3,epoch_chunk,accuracy,0.9866645499285601,0.9872995713605334,0.9866645499285601,0.9872995713605334,6,True,False,
BNG(tic-tac-toe),/home/crc00006699/zh/tabiclv2/data200/BNG(tic-tac-toe),binclass,31492,6299,7874,9,2,0.8181356362712725,0.815817080884126,0.7881465326885382,0.8844851086659531,0.40238806942274047,64.24700689315796,20.3219792842865,ok,,31492,25193,0,7874,0.38680048286914825,60,1e-05,True,63.91601014137268,full_train_epoch_chunks,full train set chunked per epoch | validation=dataset_val_split,30,3,epoch_chunk,accuracy,0.8071122400381013,0.8112398793459279,0.8071122400381013,0.8112398793459279,12,True,False,
Basketball_c,/home/crc00006699/zh/tabiclv2/data200/Basketball_c,binclass,1072,215,268,11,2,0.7089552238805971,0.7064395907616778,0.683793999527522,0.7430900070871722,0.5778878775185243,3.753657102584839,0.3899974822998047,ok,,1072,857,0,268,0.5568851232528687,10,1e-05,True,3.720930576324463,full_train_epoch_chunks,full train set chunked per epoch | validation=dataset_val_split,30,1,epoch_chunk,accuracy,0.7534883720930232,0.7627906976744186,0.7534883720930232,0.7627906976744186,2,True,False,
Cardiovascular-Disease-dataset,/home/crc00006699/zh/tabiclv2/data200/Cardiovascular-Disease-dataset,binclass,56000,11200,14000,11,2,0.7327142857142858,0.7323277804242225,0.7326926474098441,0.8011314962878355,0.5425152401301806,53.73660135269165,56.633790493011475,ok,,56000,44800,0,14000,0.5659128427505493,40,1e-05,True,53.23528051376343,full_train_epoch_chunks,full train set chunked per epoch | validation=dataset_val_split,30,5,epoch_chunk,accuracy,0.7339285714285714,0.7339285714285714,0.7339285714285714,0.7339285714285714,0,True,False,
Contaminant-detection-in-packaged-cocoa-hazelnut-spread-jars-using-Microwaves-Sensing-and-Machine-Learning-10.0GHz(Urbinati),/home/crc00006699/zh/tabiclv2/data200/Contaminant-detection-in-packaged-cocoa-hazelnut-spread-jars-using-Microwaves-Sensing-and-Machine-Learning-10.0GHz(Urbinati),binclass,1920,384,480,30,2,0.9791666666666666,0.9791720943696627,0.9795606229143493,0.9967672413793104,0.06228123541263142,8.046093463897705,0.9290342330932617,ok,,1920,1536,0,480,0.06739144399762154,16,1e-05,True,7.9711012840271,full_train_epoch_chunks,full train set chunked per epoch | validation=dataset_val_split,30,1,epoch_chunk,accuracy,0.9661458333333334,0.9739583333333334,0.9661458333333334,0.9739583333333334,8,True,False,
Contaminant-detection-in-packaged-cocoa-hazelnut-spread-jars-using-Microwaves-Sensing-and-Machine-Learning-11.0GHz(Urbinati),/home/crc00006699/zh/tabiclv2/data200/Contaminant-detection-in-packaged-cocoa-hazelnut-spread-jars-using-Microwaves-Sensing-and-Machine-Learning-11.0GHz(Urbinati),binclass,1920,384,480,30,2,0.9604166666666667,0.960427492536752,0.9609983314794216,0.9927523637374861,0.10576327446965963,6.438427448272705,0.9200291633605957,ok,,1920,1536,0,480,0.09443575888872147,13,1e-05,True,6.366870164871216,full_train_epoch_chunks,full train set chunked per epoch | validation=dataset_val_split,30,1,epoch_chunk,accuracy,0.9739583333333334,0.984375,0.9739583333333334,0.984375,5,True,False,
Contaminant-detection-in-packaged-cocoa-hazelnut-spread-jars-using-Microwaves-Sensing-and-Machine-Learning-9.5GHz(Urbinati),/home/crc00006699/zh/tabiclv2/data200/Contaminant-detection-in-packaged-cocoa-hazelnut-spread-jars-using-Microwaves-Sensing-and-Machine-Learning-9.5GHz(Urbinati),binclass,1920,384,480,30,2,0.9625,0.9625097698653929,0.9628754171301446,0.9938299499443827,0.09717546605604305,6.442469358444214,0.9523379802703857,ok,,1920,1536,0,480,0.11590225622057915,13,1e-05,True,6.369592905044556,full_train_epoch_chunks,full train set chunked per epoch | validation=dataset_val_split,30,1,epoch_chunk,accuracy,0.953125,0.9557291666666666,0.953125,0.9557291666666666,5,True,False,
Customer_Personality_Analysis,/home/crc00006699/zh/tabiclv2/data200/Customer_Personality_Analysis,binclass,1792,359,448,24,2,0.8973214285714286,0.8905397404319818,0.7428213264386727,0.9127002781368746,0.24477787093869838,7.929015398025513,0.7749061584472656,ok,,1792,1433,0,448,0.2160428762435913,18,1e-05,True,7.864078521728516,full_train_epoch_chunks,full train set chunked per epoch | validation=dataset_val_split,30,1,epoch_chunk,accuracy,0.8802228412256268,0.8941504178272981,0.8802228412256268,0.8941504178272981,10,True,False,
E-CommereShippingData,/home/crc00006699/zh/tabiclv2/data200/E-CommereShippingData,binclass,8799,1760,2200,10,2,0.6772727272727272,0.6650804852197916,0.7276150128238043,0.724802104700974,0.5044880114428562,12.388379096984863,3.09515380859375,ok,,8799,7039,0,2200,0.4900118112564087,13,1e-05,True,12.298233985900879,full_train_epoch_chunks,full train set chunked per epoch | validation=dataset_val_split,30,1,epoch_chunk,accuracy,0.6829545454545455,0.6857954545454545,0.6829545454545455,0.6857954545454545,5,True,False,
FICO-HELOC-cleaned,/home/crc00006699/zh/tabiclv2/data200/FICO-HELOC-cleaned,binclass,7896,1580,1975,23,2,0.7483544303797468,0.7481657428405781,0.7473688157154068,0.8256191988626791,0.5132891494091737,16.47551465034485,3.489396572113037,ok,,7896,6316,0,1975,0.5268849432468414,14,1e-05,True,16.309034824371338,full_train_epoch_chunks,full train set chunked per epoch | validation=dataset_val_split,30,1,epoch_chunk,accuracy,0.7430379746835443,0.7474683544303797,0.7430379746835443,0.7474683544303797,6,True,False,
FOREX_audcad-hour-High,/home/crc00006699/zh/tabiclv2/data200/FOREX_audcad-hour-High,binclass,35060,7012,8765,10,2,0.7171705647461495,0.7170372278674402,0.7165890368599059,0.7904702885294133,0.5511035652800038,68.31136345863342,24.62117576599121,ok,,35060,28048,0,8765,0.534344494342804,57,1e-05,True,68.0101420879364,full_train_epoch_chunks,full train set chunked per epoch | validation=dataset_val_split,30,3,epoch_chunk,accuracy,0.7133485453508271,0.7190530519110097,0.7133485453508271,0.7190530519110097,11,True,False,
FOREX_audjpy-day-High,/home/crc00006699/zh/tabiclv2/data200/FOREX_audjpy-day-High,binclass,1465,293,367,10,2,0.782016348773842,0.7813133856704549,0.780512454669758,0.8564443255454491,0.4773961121993685,5.133087396621704,0.4837028980255127,ok,,1465,1172,0,367,0.5419868528842926,16,1e-05,True,5.10297966003418,full_train_epoch_chunks,full train set chunked per epoch | validation=dataset_val_split,30,1,epoch_chunk,accuracy,0.7508532423208191,0.7679180887372014,0.7508532423208191,0.7679180887372014,8,True,False,
FOREX_audsgd-hour-High,/home/crc00006699/zh/tabiclv2/data200/FOREX_audsgd-hour-High,binclass,35060,7012,8765,10,2,0.7122646891043924,0.7123094313286934,0.7122156835892228,0.7885445745014367,0.5532778767489039,75.4279944896698,24.860037088394165,ok,,35060,28048,0,8765,0.5604423582553864,60,1e-05,True,75.08944582939148,full_train_epoch_chunks,full train set chunked per epoch | validation=dataset_val_split,30,3,epoch_chunk,accuracy,0.7035082715345122,0.7190530519110097,0.7035082715345122,0.7190530519110097,12,True,False,
FOREX_cadjpy-day-High,/home/crc00006699/zh/tabiclv2/data200/FOREX_cadjpy-day-High,binclass,1467,294,367,10,2,0.7247956403269755,0.7243659308585917,0.7249049655500119,0.7937603943929674,0.5520411040600481,3.943880319595337,0.5188865661621094,ok,,1467,1173,0,367,0.5304978787899017,12,1e-05,True,3.9119911193847656,full_train_epoch_chunks,full train set chunked per epoch | validation=dataset_val_split,30,1,epoch_chunk,accuracy,0.7040816326530612,0.7142857142857143,0.7040816326530612,0.7142857142857143,4,True,False,
Firm-Teacher_Clave-Direction_Classification,/home/crc00006699/zh/tabiclv2/data200/Firm-Teacher_Clave-Direction_Classification,multiclass,8640,1728,2160,16,4,0.8842592592592593,0.8837852051208464,0.8113960558698805,0.9720729006134097,0.30716604083565513,23.69856595993042,3.4374938011169434,ok,,8640,6912,0,2160,0.3063723146915436,21,1e-05,True,23.534172534942627,full_train_epoch_chunks,full train set chunked per epoch | validation=dataset_val_split,30,1,epoch_chunk,accuracy,0.8622685185185185,0.8738425925925926,0.8622685185185185,0.8738425925925926,13,True,False,
GAMETES_Epistasis_2-Way_20atts_0.1H_EDM-1_1,/home/crc00006699/zh/tabiclv2/data200/GAMETES_Epistasis_2-Way_20atts_0.1H_EDM-1_1,binclass,1280,256,320,20,2,0.678125,0.672206144145757,0.678125,0.73236328125,0.6023642659838087,4.560256242752075,0.5612270832061768,ok,,1280,1024,0,320,0.6805207431316376,11,1e-05,True,4.499877691268921,full_train_epoch_chunks,full train set chunked per epoch | validation=dataset_val_split,30,1,epoch_chunk,accuracy,0.64453125,0.65234375,0.64453125,0.65234375,3,True,False,
Gender_Gap_in_Spanish_WP,/home/crc00006699/zh/tabiclv2/data200/Gender_Gap_in_Spanish_WP,multiclass,3796,760,950,13,3,0.608421052631579,0.5606754581727191,0.42493068503447634,0.707578311178411,0.7911847945835013,6.555423021316528,1.2692914009094238,ok,,3796,3036,0,950,0.8054828643798828,13,1e-05,True,6.502836465835571,full_train_epoch_chunks,full train set chunked per epoch | validation=dataset_val_split,30,1,epoch_chunk,accuracy,0.6052631578947368,0.6276315789473684,0.6052631578947368,0.6276315789473684,5,True,False,
HR_Analytics_Job_Change_of_Data_Scientists,/home/crc00006699/zh/tabiclv2/data200/HR_Analytics_Job_Change_of_Data_Scientists,binclass,15326,3066,3832,13,2,0.7998434237995825,0.8024252181198905,0.746381210794403,0.8113105019590288,0.4310947031981983,25.934513092041016,7.0177178382873535,ok,,15326,12260,0,3832,0.41927945613861084,28,1e-05,True,25.721754550933838,full_train_epoch_chunks,full train set chunked per epoch | validation=dataset_val_split,30,2,epoch_chunk,accuracy,0.8065883887801696,0.8085453359425963,0.8065883887801696,0.8085453359425963,6,True,False,
INNHotelsGroup,/home/crc00006699/zh/tabiclv2/data200/INNHotelsGroup,binclass,29020,5804,7255,17,2,0.9057201929703652,0.9050493332107413,0.8863186444232973,0.9637306785352244,0.21987236199764731,42.755712032318115,19.59965991973877,ok,,29020,23216,0,7255,0.3101164549589157,36,1e-05,True,42.32331037521362,full_train_epoch_chunks,full train set chunked per epoch | validation=dataset_val_split,30,3,epoch_chunk,accuracy,0.9038594073053067,0.9048931771192281,0.9038594073053067,0.9048931771192281,4,True,False,
Insurance,/home/crc00006699/zh/tabiclv2/data200/Insurance,binclass,18838,3768,4710,10,2,0.7575371549893843,0.6530303380048618,0.5,0.5011686876143655,0.5558246420149904,16.18404269218445,9.13986325263977,ok,,18838,15070,0,4710,0.5495140254497528,16,1e-05,True,15.98208212852478,full_train_epoch_chunks,full train set chunked per epoch | validation=dataset_val_split,30,2,epoch_chunk,accuracy,0.7579617834394905,0.7579617834394905,0.7579617834394905,0.7579617834394905,0,True,False,
Is-this-a-good-customer,/home/crc00006699/zh/tabiclv2/data200/Is-this-a-good-customer,binclass,1378,276,345,13,2,0.881159420289855,0.8282083919519438,0.49836065573770494,0.7375409836065574,0.32527487703427177,3.0421488285064697,0.4849815368652344,ok,,1378,1102,0,345,0.32333560287952423,8,1e-05,True,2.999636650085449,full_train_epoch_chunks,full train set chunked per epoch | validation=dataset_val_split,30,1,epoch_chunk,accuracy,0.9130434782608695,0.9130434782608695,0.9130434782608695,0.9130434782608695,0,True,False,
KDD,/home/crc00006699/zh/tabiclv2/data200/KDD,binclass,4025,805,1007,45,2,0.8073485600794439,0.8069966175469034,0.8079575492168698,0.9049571941452637,0.37139081852271333,23.25766110420227,2.456604242324829,ok,,4025,3220,0,1007,0.3548104017972946,25,1e-05,True,23.06677532196045,full_train_epoch_chunks,full train set chunked per epoch | validation=dataset_val_split,30,1,epoch_chunk,accuracy,0.8111801242236025,0.8236024844720496,0.8111801242236025,0.8236024844720496,17,True,False,
Long,/home/crc00006699/zh/tabiclv2/data200/Long,binclass,3581,717,896,19,2,0.9944196428571429,0.9944294891772115,0.9949162312654843,0.9998773517796258,0.01310236657630369,4.654267072677612,1.3904733657836914,ok,,3581,2864,0,896,0.006530649261549115,8,1e-05,True,4.583536386489868,full_train_epoch_chunks,full train set chunked per epoch | validation=dataset_val_split,30,1,epoch_chunk,accuracy,0.99860529986053,0.99860529986053,0.99860529986053,0.99860529986053,0,True,False,
MagicTelescope,/home/crc00006699/zh/tabiclv2/data200/MagicTelescope,binclass,15216,3044,3804,9,2,0.8937960042060988,0.8923302550527918,0.871591764590357,0.9467070545063081,0.26386505674956723,14.949026823043823,6.513972997665405,ok,,15216,12172,0,3804,0.310226708650589,18,1e-05,True,14.822445154190063,full_train_epoch_chunks,full train set chunked per epoch | validation=dataset_val_split,30,2,epoch_chunk,accuracy,0.8810775295663601,0.8817345597897503,0.8810775295663601,0.8817345597897503,1,True,False,
Mobile_Price_Classification,/home/crc00006699/zh/tabiclv2/data200/Mobile_Price_Classification,multiclass,1600,320,400,20,4,0.97,0.9700212304470839,0.97,0.9991833333333333,0.0662828917003123,6.532896280288696,0.7060518264770508,ok,,1600,1280,0,400,0.04822337441146374,16,1e-05,True,6.478013038635254,full_train_epoch_chunks,full train set chunked per epoch | validation=dataset_val_split,30,1,epoch_chunk,accuracy,0.96875,0.975,0.96875,0.975,8,True,False,
Performance-Prediction,/home/crc00006699/zh/tabiclv2/data200/Performance-Prediction,binclass,1072,215,268,19,2,0.7425373134328358,0.7347943489201461,0.7017213555675095,0.8059291136214213,0.5242136456108267,4.099483013153076,0.4555647373199463,ok,,1072,857,0,268,0.5841802358627319,10,1e-05,True,4.054206848144531,full_train_epoch_chunks,full train set chunked per epoch | validation=dataset_val_split,30,1,epoch_chunk,accuracy,0.6883720930232559,0.6930232558139535,0.6883720930232559,0.6930232558139535,2,True,False,
PieChart3,/home/crc00006699/zh/tabiclv2/data200/PieChart3,binclass,861,173,216,37,2,0.8842592592592593,0.8504784688995214,0.5687830687830688,0.8834019204389574,0.26242755063755124,8.083108186721802,1.157688856124878,ok,,861,688,0,216,0.2346070185303688,18,1e-05,True,8.015373229980469,full_train_epoch_chunks,full train set chunked per epoch | validation=dataset_val_split,30,1,epoch_chunk,accuracy,0.8786127167630058,0.8901734104046243,0.8786127167630058,0.8901734104046243,10,True,False,
PizzaCutter3,/home/crc00006699/zh/tabiclv2/data200/PizzaCutter3,binclass,834,167,209,37,2,0.8851674641148325,0.8356831138786027,0.52,0.8923913043478261,0.25081897325489233,5.144208192825317,1.1506879329681396,ok,,834,667,0,209,0.2692628502845764,11,1e-05,True,5.075924634933472,full_train_epoch_chunks,full train set chunked per epoch | validation=dataset_val_split,30,1,epoch_chunk,accuracy,0.8922155688622755,0.8982035928143712,0.8922155688622755,0.8982035928143712,3,True,False,
QSAR_biodegradation,/home/crc00006699/zh/tabiclv2/data200/QSAR_biodegradation,binclass,843,169,211,41,2,0.8862559241706162,0.8844403574544338,0.8587525150905433,0.9510060362173038,0.2741571585187009,6.727720499038696,1.221754789352417,ok,,843,674,0,211,0.2686079889535904,12,1e-05,True,6.612168312072754,full_train_epoch_chunks,full train set chunked per epoch | validation=dataset_val_split,30,1,epoch_chunk,accuracy,0.863905325443787,0.8757396449704142,0.863905325443787,0.8757396449704142,4,True,False,
SDSS17,/home/crc00006699/zh/tabiclv2/data200/SDSS17,multiclass,80000,16000,20000,12,3,0.978,0.9778875289070291,0.9729685039259751,0.9971245394270416,0.06896981268427696,155.14196133613586,109.94604158401489,ok,,80000,64000,0,20000,0.08311514928936958,105,1e-05,True,154.35804390907288,full_train_epoch_chunks,full train set chunked per epoch | validation=dataset_val_split,30,7,epoch_chunk,accuracy,0.9754375,0.9765,0.9754375,0.9765,7,True,False,
Telecom_Churn_Dataset,/home/crc00006699/zh/tabiclv2/data200/Telecom_Churn_Dataset,binclass,2666,534,667,17,2,0.967016491754123,0.9662636073267715,0.9122626153011395,0.9334418520528125,0.12502774016610962,5.072919130325317,0.988323450088501,ok,,2666,2132,0,667,0.10565253719687462,10,1e-05,True,5.012622833251953,full_train_epoch_chunks,full train set chunked per epoch | validation=dataset_val_split,30,1,epoch_chunk,accuracy,0.9625468164794008,0.9662921348314607,0.9625468164794008,0.9662921348314607,2,True,False,
VulNoneVul,/home/crc00006699/zh/tabiclv2/data200/VulNoneVul,binclass,4553,911,1139,16,2,0.9894644424934153,0.9842245601854183,0.5,0.8338879029872819,0.050220090499257554,5.1906890869140625,1.6441397666931152,ok,,4553,3642,0,1139,0.03982941620051861,8,1e-05,True,5.114914894104004,full_train_epoch_chunks,full train set chunked per epoch | validation=dataset_val_split,30,1,epoch_chunk,accuracy,0.9890230515916575,0.9890230515916575,0.9890230515916575,0.9890230515916575,0,True,False,
Waterstress,/home/crc00006699/zh/tabiclv2/data200/Waterstress,binclass,950,190,238,22,2,0.8151260504201681,0.8151260504201681,0.8160480735242135,0.8890067161541181,0.4195421644623347,3.2451229095458984,1.008202314376831,ok,,950,760,0,238,0.4234991520643234,8,1e-05,True,3.2005181312561035,full_train_epoch_chunks,full train set chunked per epoch | validation=dataset_val_split,30,1,epoch_chunk,accuracy,0.8263157894736842,0.8263157894736842,0.8263157894736842,0.8263157894736842,0,True,False,
abalone,/home/crc00006699/zh/tabiclv2/data200/abalone,multiclass,3341,669,836,8,3,0.6327751196172249,0.6368896877913274,0.6306167133984878,0.8324081145499411,0.7401289187240251,5.803637504577637,1.0309369564056396,ok,,3341,2672,0,836,0.6796956062316895,14,1e-05,True,5.760031223297119,full_train_epoch_chunks,full train set chunked per epoch | validation=dataset_val_split,30,1,epoch_chunk,accuracy,0.6846038863976084,0.6875934230194319,0.6846038863976084,0.6875934230194319,6,True,False,
ada,/home/crc00006699/zh/tabiclv2/data200/ada,binclass,3317,664,830,48,2,0.8614457831325302,0.8583310265364669,0.7940393950709486,0.9193739108787652,0.30232996947432755,9.294683694839478,1.9720001220703125,ok,,3317,2653,0,830,0.2843948155641556,11,1e-05,True,9.158743858337402,full_train_epoch_chunks,full train set chunked per epoch | validation=dataset_val_split,30,1,epoch_chunk,accuracy,0.8704819277108434,0.875,0.8704819277108434,0.875,3,True,False,
ada_prior,/home/crc00006699/zh/tabiclv2/data200/ada_prior,binclass,3649,730,913,14,2,0.8499452354874042,0.8408022492974179,0.7512939725921834,0.8983412748359256,0.33500671683702293,5.278329849243164,1.2592053413391113,ok,,3649,2919,0,913,0.3339346945285797,10,1e-05,True,5.208597421646118,full_train_epoch_chunks,full train set chunked per epoch | validation=dataset_val_split,30,1,epoch_chunk,accuracy,0.8383561643835616,0.8465753424657534,0.8383561643835616,0.8465753424657534,2,True,False,
airlines_seed_0_nrows_2000_nclasses_10_ncols_100_stratify_True,/home/crc00006699/zh/tabiclv2/data200/airlines_seed_0_nrows_2000_nclasses_10_ncols_100_stratify_True,binclass,1600,320,400,7,2,0.615,0.6006266666666666,0.5946958194149206,0.6747899584978236,0.630398290143173,4.247230291366577,0.4536168575286865,ok,,1600,1280,0,400,0.6993982791900635,13,1e-05,True,4.212998151779175,full_train_epoch_chunks,full train set chunked per epoch | validation=dataset_val_split,30,1,epoch_chunk,accuracy,0.65,0.6625,0.65,0.6625,5,True,False,
allrep,/home/crc00006699/zh/tabiclv2/data200/allrep,multiclass,3017,604,755,29,4,0.990728476821192,0.9908667541363151,0.8695083170254403,0.9967439890086232,0.035901771506219114,13.627613306045532,1.3231775760650635,ok,,3017,2413,0,755,0.017676127143204212,23,1e-05,True,13.52058744430542,full_train_epoch_chunks,full train set chunked per epoch | validation=dataset_val_split,30,1,epoch_chunk,accuracy,0.9884105960264901,0.9933774834437086,0.9884105960264901,0.9933774834437086,15,True,False,
artificial-characters,/home/crc00006699/zh/tabiclv2/data200/artificial-characters,multiclass,8174,1635,2044,7,10,0.9623287671232876,0.9623060688716737,0.9605444193770898,0.9995126132932096,0.08066110859314317,23.22674012184143,2.6869258880615234,ok,,8174,6539,0,2044,0.2235327586531639,30,1e-05,True,23.15747094154358,full_train_epoch_chunks,full train set chunked per epoch | validation=dataset_val_split,30,1,epoch_chunk,accuracy,0.8709480122324159,0.9412844036697248,0.8709480122324159,0.9412844036697248,30,False,False,
autoUniv-au7-1100,/home/crc00006699/zh/tabiclv2/data200/autoUniv-au7-1100,multiclass,880,176,220,12,5,0.4,0.37847238983982756,0.3842760079447764,0.7443416034679065,1.3419055505241353,4.034691333770752,0.7956283092498779,ok,,880,704,0,220,1.2251168489456177,12,1e-05,True,3.9988932609558105,full_train_epoch_chunks,full train set chunked per epoch | validation=dataset_val_split,30,1,epoch_chunk,accuracy,0.5056818181818182,0.5227272727272727,0.5056818181818182,0.5227272727272727,4,True,False,
banknote_authentication,/home/crc00006699/zh/tabiclv2/data200/banknote_authentication,binclass,1097,220,275,4,2,0.5418181818181819,0.439153605015674,0.49440158577092036,0.5229829636772741,0.6874948328667266,3.7839999198913574,0.17496681213378906,ok,,1097,877,0,275,0.6844224333763123,13,1e-05,True,3.763120174407959,full_train_epoch_chunks,full train set chunked per epoch | validation=dataset_val_split,30,1,epoch_chunk,accuracy,0.5863636363636363,0.5909090909090909,0.5863636363636363,0.5909090909090909,5,True,False,
car-evaluation,/home/crc00006699/zh/tabiclv2/data200/car-evaluation,multiclass,1382,277,346,21,4,0.9855491329479769,0.985510846572902,0.9699959131777314,0.999792215099329,0.018670787550815263,6.478596210479736,0.6020708084106445,ok,,1382,1105,0,346,0.0005075688823126256,16,1e-05,True,6.4159650802612305,full_train_epoch_chunks,full train set chunked per epoch | validation=dataset_val_split,30,1,epoch_chunk,accuracy,0.9891696750902527,1.0,0.9891696750902527,1.0,8,True,False,
cmc,/home/crc00006699/zh/tabiclv2/data200/cmc,multiclass,1178,236,295,9,3,0.6033898305084746,0.599806352603813,0.5727129989640964,0.7687215818248339,0.8681099080560534,2.886957883834839,0.4090585708618164,ok,,1178,942,0,295,0.9034591615200043,8,1e-05,True,2.85187029838562,full_train_epoch_chunks,full train set chunked per epoch | validation=dataset_val_split,30,1,epoch_chunk,accuracy,0.538135593220339,0.538135593220339,0.538135593220339,0.538135593220339,0,True,False,
compass,/home/crc00006699/zh/tabiclv2/data200/compass,binclass,13315,2663,3329,17,2,0.8684289576449384,0.8684193166531511,0.8684264192076692,0.9402406011781013,0.3050875483134139,53.42507886886597,6.0519843101501465,ok,,13315,10652,0,3329,0.6015997231006622,60,1e-05,True,53.21286392211914,full_train_epoch_chunks,full train set chunked per epoch | validation=dataset_val_split,30,2,epoch_chunk,accuracy,0.7987232444611341,0.8558017273751408,0.7987232444611341,0.8558017273751408,26,False,False,
contraceptive_method_choice,/home/crc00006699/zh/tabiclv2/data200/contraceptive_method_choice,multiclass,1178,236,295,9,3,0.6305084745762712,0.6288440956438235,0.6030352439483256,0.7946898513962969,0.8243269164408545,4.924896478652954,0.45087695121765137,ok,,1178,942,0,295,0.884850263595581,15,1e-05,True,4.891553640365601,full_train_epoch_chunks,full train set chunked per epoch | validation=dataset_val_split,30,1,epoch_chunk,accuracy,0.5423728813559322,0.559322033898305,0.5423728813559322,0.559322033898305,7,True,False,
credit-g,/home/crc00006699/zh/tabiclv2/data200/credit-g,binclass,800,160,200,20,2,0.79,0.774077578051088,0.6976190476190476,0.845,0.43985213373438886,4.794027805328369,0.8104915618896484,ok,,800,640,0,200,0.48552441596984863,13,1e-05,True,4.7386791706085205,full_train_epoch_chunks,full train set chunked per epoch | validation=dataset_val_split,30,1,epoch_chunk,accuracy,0.76875,0.7875,0.76875,0.7875,5,True,False,
dabetes_130-us_hospitals,/home/crc00006699/zh/tabiclv2/data200/dabetes_130-us_hospitals,binclass,81412,16283,20354,20,2,0.6440011791294095,0.6405154392083798,0.636590226169101,0.7024721590618591,0.6197533020980011,118.16675639152527,119.64252185821533,ok,,81412,65129,0,20354,0.6195190250873566,63,1e-05,True,116.62408304214478,full_train_epoch_chunks,full train set chunked per epoch | validation=dataset_val_split,30,7,epoch_chunk,accuracy,0.6533808266289995,0.6542406190505435,0.6533808266289995,0.6542406190505435,1,True,False,
delta_ailerons,/home/crc00006699/zh/tabiclv2/data200/delta_ailerons,binclass,5703,1141,1426,5,2,0.9509116409537167,0.9509158082115524,0.9508108673802853,0.9830688363515017,0.15819917211242074,9.978471040725708,1.3544766902923584,ok,,5703,4562,0,1426,0.15202699601650238,19,1e-05,True,9.939160585403442,full_train_epoch_chunks,full train set chunked per epoch | validation=dataset_val_split,30,1,epoch_chunk,accuracy,0.9430324276950044,0.9456617002629273,0.9430324276950044,0.9456617002629273,11,True,False,
dna,/home/crc00006699/zh/tabiclv2/data200/dna,multiclass,2548,510,638,180,3,0.9749216300940439,0.9750168040961048,0.9745709996287569,0.9979393067115194,0.08040244492899855,33.09185481071472,5.74424147605896,ok,,2548,2038,0,638,0.1247895210981369,16,1e-05,True,32.48297476768494,full_train_epoch_chunks,full train set chunked per epoch | validation=dataset_val_split,30,1,epoch_chunk,accuracy,0.9686274509803922,0.9725490196078431,0.9686274509803922,0.9725490196078431,8,True,False,
dry_bean_dataset,/home/crc00006699/zh/tabiclv2/data200/dry_bean_dataset,multiclass,10888,2178,2723,16,7,0.9294895336026442,0.92948704883804,0.9394881342250943,0.9960430646422321,0.18627870306536945,23.3799946308136,4.6140220165252686,ok,,10888,8710,0,2723,0.1756834015250206,17,1e-05,True,23.214854955673218,full_train_epoch_chunks,full train set chunked per epoch | validation=dataset_val_split,30,1,epoch_chunk,accuracy,0.9315886134067952,0.9352617079889807,0.9315886134067952,0.9352617079889807,9,True,False,
electricity,/home/crc00006699/zh/tabiclv2/data200/electricity,binclass,36249,7250,9063,8,2,0.948582147191879,0.948555273267047,0.9468742213708656,0.9899260090535258,0.12721869319471873,106.72912788391113,25.737946271896362,ok,,36249,28999,0,9063,0.20493144541978836,90,1e-05,True,106.43895983695984,full_train_epoch_chunks,full train set chunked per epoch | validation=dataset_val_split,30,3,epoch_chunk,accuracy,0.9165517241379311,0.9500689655172414,0.9165517241379311,0.9500689655172414,28,False,False,
eucalyptus,/home/crc00006699/zh/tabiclv2/data200/eucalyptus,multiclass,588,118,148,19,5,0.7432432432432432,0.7473137751839779,0.7315436501483015,0.9430070124936817,0.5886794269292612,3.218036651611328,0.6252169609069824,ok,,588,470,0,148,0.7499499619007111,8,1e-05,True,3.1762311458587646,full_train_epoch_chunks,full train set chunked per epoch | validation=dataset_val_split,30,1,epoch_chunk,accuracy,0.7457627118644068,0.7457627118644068,0.7457627118644068,0.7457627118644068,0,True,False,
eye_movements_bin,/home/crc00006699/zh/tabiclv2/data200/eye_movements_bin,binclass,6086,1218,1522,20,2,0.7036793692509855,0.7036116850284224,0.7036793692509855,0.7931934777015511,0.5289230535850571,26.239845275878906,2.4347028732299805,ok,,6086,4868,0,1522,0.5837230086326599,30,1e-05,True,26.11055636405945,full_train_epoch_chunks,full train set chunked per epoch | validation=dataset_val_split,30,1,epoch_chunk,accuracy,0.6165845648604269,0.6880131362889984,0.6165845648604269,0.6880131362889984,23,False,False,
gas-drift,/home/crc00006699/zh/tabiclv2/data200/gas-drift,multiclass,11128,2226,2782,128,6,0.9971243709561467,0.9971239510816552,0.9969872270355647,0.999961442686494,0.01260504080701625,6.1118693351745605,16.37100338935852,ok,,11128,8902,0,2782,,0,1e-05,False,4.371606111526489,full_train_epoch_chunks,"full train set chunked per epoch | validation=dataset_val_split | FT OOM; used original model parameters for inference: OutOfMemoryError: CUDA out of memory. Tried to allocate 574.00 MiB. GPU 0 has a total capacity of 23.57 GiB of which 320.00 MiB is free. Process 81034 has 23.25 GiB memory in use. Of the allocated memory 21.54 GiB is allocated by PyTorch, and 1.39 GiB is reserved by PyTorch but unallocated. If reserved but unallocated memory is large try setting PYTORCH_CUDA_ALLOC_CONF=expandable_segments:True to avoid fragmentation. See documentation for Memory Management (https://pytorch.org/docs/stable/notes/cuda.html#environment-variables)",0,0,,,,,,,0,False,True,"FT OOM; used original model parameters for inference: OutOfMemoryError: CUDA out of memory. Tried to allocate 574.00 MiB. GPU 0 has a total capacity of 23.57 GiB of which 320.00 MiB is free. Process 81034 has 23.25 GiB memory in use. Of the allocated memory 21.54 GiB is allocated by PyTorch, and 1.39 GiB is reserved by PyTorch but unallocated. If reserved but unallocated memory is large try setting PYTORCH_CUDA_ALLOC_CONF=expandable_segments:True to avoid fragmentation. See documentation for Memory Management (https://pytorch.org/docs/stable/notes/cuda.html#environment-variables)"
helena,/home/crc00006699/zh/tabiclv2/data200/helena,multiclass,52156,10432,13040,27,100,0.43190184049079755,0.4053339950306844,0.28425015272653076,0.9088375306320471,2.344786922158371,2.6139776706695557,102.18046522140503,ok,,52156,41724,0,13040,,0,1e-05,False,1.2159185409545898,full_train_epoch_chunks,full train set chunked per epoch | validation=dataset_val_split | FT training skipped because n_classes=100 exceeds model max_classes=10,0,0,epoch_chunk,,,,,,0,False,False,
hill-valley,/home/crc00006699/zh/tabiclv2/data200/hill-valley,binclass,969,194,243,100,2,0.9711934156378601,0.9711875599467661,0.9711421216637313,0.998645170031161,0.07575269344546867,12.39646291732788,1.073925495147705,ok,,969,775,0,243,0.14073887094855309,17,1e-05,True,12.25069808959961,full_train_epoch_chunks,full train set chunked per epoch | validation=dataset_val_split,30,1,epoch_chunk,accuracy,0.9381443298969072,0.9587628865979382,0.9381443298969072,0.9587628865979382,9,True,False,
htru,/home/crc00006699/zh/tabiclv2/data200/htru,binclass,14318,2864,3580,8,2,0.9807262569832402,0.980550644789143,0.9331949569495694,0.9871767467674677,0.06129666603629694,12.544538974761963,5.82554817199707,ok,,14318,11454,0,3580,0.060782935470342636,16,1e-05,True,12.440930366516113,full_train_epoch_chunks,full train set chunked per epoch | validation=dataset_val_split,30,2,epoch_chunk,accuracy,0.9783519553072626,0.9783519553072626,0.9783519553072626,0.9783519553072626,0,True,False,
in_vehicle_coupon_recommendation,/home/crc00006699/zh/tabiclv2/data200/in_vehicle_coupon_recommendation,binclass,10147,2030,2537,21,2,0.7903035080804099,0.7889829580712516,0.7813611865812956,0.8636558812912051,0.4544066640249743,26.426923990249634,4.52416205406189,ok,,10147,8117,0,2537,0.48467589914798737,19,1e-05,True,26.178194761276245,full_train_epoch_chunks,full train set chunked per epoch | validation=dataset_val_split,30,1,epoch_chunk,accuracy,0.7586206896551724,0.7620689655172413,0.7586206896551724,0.7620689655172413,11,True,False,
internet_usage,/home/crc00006699/zh/tabiclv2/data200/internet_usage,multiclass,8086,1618,2022,70,46,0.5479723046488625,0.47312728025391926,0.19157708722697306,0.9364307133238481,1.3643453193015862,1.713749885559082,15.69481086730957,ok,,8086,6468,0,2022,,0,1e-05,False,0.8125884532928467,full_train_epoch_chunks,full train set chunked per epoch | validation=dataset_val_split | FT training skipped because n_classes=46 exceeds model max_classes=10,0,0,epoch_chunk,,,,,,0,False,False,
jm1,/home/crc00006699/zh/tabiclv2/data200/jm1,binclass,8708,1742,2177,21,2,0.8213137344970143,0.7881559613848492,0.5975968379874363,0.7670917221714217,0.4195724816659328,32.76693558692932,3.8190383911132812,ok,,8708,6966,0,2177,0.4087928384542465,27,1e-05,True,32.603899002075195,full_train_epoch_chunks,full train set chunked per epoch | validation=dataset_val_split,30,1,epoch_chunk,accuracy,0.8151549942594719,0.830654420206659,0.8151549942594719,0.830654420206659,19,True,False,
kc1,/home/crc00006699/zh/tabiclv2/data200/kc1,binclass,1687,338,422,21,2,0.8720379146919431,0.855423482647913,0.6601163542340013,0.8573798750269338,0.3033007341997834,3.6032586097717285,0.7036943435668945,ok,,1687,1349,0,422,0.33532266318798065,8,1e-05,True,3.5478038787841797,full_train_epoch_chunks,full train set chunked per epoch | validation=dataset_val_split,30,1,epoch_chunk,accuracy,0.878698224852071,0.878698224852071,0.878698224852071,0.878698224852071,0,True,False,
kr-vs-k,/home/crc00006699/zh/tabiclv2/data200/kr-vs-k,multiclass,22444,4489,5612,6,18,0.9158945117605132,0.9159337387772433,0.8953149566962462,0.9977910505314355,0.24318006603930636,0.9681317806243896,25.96938920021057,ok,,22444,17955,0,5612,,0,1e-05,False,0.4691622257232666,full_train_epoch_chunks,full train set chunked per epoch | validation=dataset_val_split | FT training skipped because n_classes=18 exceeds model max_classes=10,0,0,epoch_chunk,,,,,,0,False,False,
kropt,/home/crc00006699/zh/tabiclv2/data200/kropt,multiclass,22444,4489,5612,6,18,0.9166072701354241,0.916514481383922,0.9011895151362235,0.9978133198816201,0.23995667425393527,1.0220122337341309,25.966875076293945,ok,,22444,17955,0,5612,,0,1e-05,False,0.4978792667388916,full_train_epoch_chunks,full train set chunked per epoch | validation=dataset_val_split | FT training skipped because n_classes=18 exceeds model max_classes=10,0,0,epoch_chunk,,,,,,0,False,False,
led24,/home/crc00006699/zh/tabiclv2/data200/led24,multiclass,2560,512,640,24,10,0.734375,0.7303142598611669,0.7341527864499513,0.9578246977092583,0.7804697804125131,5.900380849838257,1.1073601245880127,ok,,2560,2048,0,640,0.6805493235588074,8,1e-05,True,5.8032543659210205,full_train_epoch_chunks,full train set chunked per epoch | validation=dataset_val_split,30,1,epoch_chunk,accuracy,0.734375,0.734375,0.734375,0.734375,0,True,False,
letter,/home/crc00006699/zh/tabiclv2/data200/letter,multiclass,16000,3200,4000,15,26,0.99025,0.9902487746696088,0.9901775161245834,0.9999782544706878,0.02557355665760123,1.0368332862854004,18.02871608734131,ok,,16000,12800,0,4000,,0,1e-05,False,0.4928739070892334,full_train_epoch_chunks,full train set chunked per epoch | validation=dataset_val_split | FT training skipped because n_classes=26 exceeds model max_classes=10,0,0,epoch_chunk,,,,,,0,False,False,
mammography,/home/crc00006699/zh/tabiclv2/data200/mammography,binclass,8946,1790,2237,6,2,0.9888243182834153,0.9880426288676926,0.8159346945960217,0.9869565217391304,0.03193067669872416,7.1234495639801025,2.186791181564331,ok,,8946,7156,0,2237,0.032049547880887985,8,1e-05,True,7.050740480422974,full_train_epoch_chunks,full train set chunked per epoch | validation=dataset_val_split,30,1,epoch_chunk,accuracy,0.9871508379888269,0.9871508379888269,0.9871508379888269,0.9871508379888269,0,True,False,
mfeat-factors,/home/crc00006699/zh/tabiclv2/data200/mfeat-factors,multiclass,1600,320,400,216,10,0.9825,0.9824984372558212,0.9824999999999999,0.9997847222222221,0.07291657699981602,14.089774370193481,4.390141725540161,ok,,1600,1280,0,400,0.029323033057153225,8,1e-05,True,13.7025785446167,full_train_epoch_chunks,full train set chunked per epoch | validation=dataset_val_split,30,1,epoch_chunk,accuracy,0.9875,0.9875,0.9875,0.9875,0,True,False,
mfeat-karhunen,/home/crc00006699/zh/tabiclv2/data200/mfeat-karhunen,multiclass,1600,320,400,64,10,0.975,0.9750794090323093,0.975,0.9996805555555556,0.09392164321696603,5.91982626914978,1.2990751266479492,ok,,1600,1280,0,400,0.019748330116271973,8,1e-05,True,5.795086622238159,full_train_epoch_chunks,full train set chunked per epoch | validation=dataset_val_split,30,1,epoch_chunk,accuracy,0.98125,0.98125,0.98125,0.98125,0,True,False,
mfeat-pixel,/home/crc00006699/zh/tabiclv2/data200/mfeat-pixel,multiclass,1600,320,400,240,10,0.975,0.974917899198145,0.975,0.9996527777777778,0.11813305068357112,28.35585117340088,5.0469748973846436,ok,,1600,1280,0,400,0.04386742785573006,13,1e-05,True,27.673648357391357,full_train_epoch_chunks,full train set chunked per epoch | validation=dataset_val_split,30,1,epoch_chunk,accuracy,0.978125,0.98125,0.978125,0.98125,5,True,False,
mice_protein_expression,/home/crc00006699/zh/tabiclv2/data200/mice_protein_expression,multiclass,864,173,216,75,8,1.0,1.0,1.0,1.0,1.7478725206893282e-06,5.28160285949707,0.8711490631103516,ok,,864,691,0,216,5.520038030226715e-05,8,1e-05,True,5.164674282073975,full_train_epoch_chunks,full train set chunked per epoch | validation=dataset_val_split,30,1,epoch_chunk,accuracy,1.0,1.0,1.0,1.0,0,True,False,
mobile_c36_oversampling,/home/crc00006699/zh/tabiclv2/data200/mobile_c36_oversampling,binclass,41408,8282,10352,6,2,0.9942040185471407,0.9941981087024065,0.9929287722967979,0.9993952465940251,0.022804425064313304,44.42264485359192,23.39696502685547,ok,,41408,33126,0,10352,0.07679854333400726,44,1e-05,True,44.2347195148468,full_train_epoch_chunks,full train set chunked per epoch | validation=dataset_val_split,30,4,epoch_chunk,accuracy,0.9940835546969331,0.9948080173871046,0.9940835546969331,0.9948080173871046,3,True,False,
naticusdroid+android+permissions+dataset,/home/crc00006699/zh/tabiclv2/data200/naticusdroid+android+permissions+dataset,binclass,23465,4693,5867,86,2,0.972387932503835,0.9723873597466766,0.9724006377405763,0.995559405860055,0.07685773999248256,7.798094272613525,28.260720014572144,ok,,23465,18772,0,5867,,0,1e-05,False,5.5968708992004395,full_train_epoch_chunks,"full train set chunked per epoch | validation=dataset_val_split | FT OOM; used original model parameters for inference: OutOfMemoryError: CUDA out of memory. Tried to allocate 440.00 MiB. GPU 0 has a total capacity of 23.57 GiB of which 280.00 MiB is free. Process 81034 has 23.29 GiB memory in use. Of the allocated memory 21.50 GiB is allocated by PyTorch, and 1.48 GiB is reserved by PyTorch but unallocated. If reserved but unallocated memory is large try setting PYTORCH_CUDA_ALLOC_CONF=expandable_segments:True to avoid fragmentation. See documentation for Memory Management (https://pytorch.org/docs/stable/notes/cuda.html#environment-variables)",0,0,,,,,,,0,False,True,"FT OOM; used original model parameters for inference: OutOfMemoryError: CUDA out of memory. Tried to allocate 440.00 MiB. GPU 0 has a total capacity of 23.57 GiB of which 280.00 MiB is free. Process 81034 has 23.29 GiB memory in use. Of the allocated memory 21.50 GiB is allocated by PyTorch, and 1.48 GiB is reserved by PyTorch but unallocated. If reserved but unallocated memory is large try setting PYTORCH_CUDA_ALLOC_CONF=expandable_segments:True to avoid fragmentation. See documentation for Memory Management (https://pytorch.org/docs/stable/notes/cuda.html#environment-variables)"
okcupid_stem,/home/crc00006699/zh/tabiclv2/data200/okcupid_stem,multiclass,21341,4269,5336,13,3,0.7524362818590704,0.6995354139314095,0.49837172734974833,0.8099680677040112,0.5884642330673181,25.05518364906311,11.449296951293945,ok,,21341,17072,0,5336,0.5901643335819244,20,1e-05,True,24.767509698867798,full_train_epoch_chunks,full train set chunked per epoch | validation=dataset_val_split,30,2,epoch_chunk,accuracy,0.7514640431014289,0.7516982899976575,0.7514640431014289,0.7516982899976575,2,True,False,
one-hundred-plants-shape,/home/crc00006699/zh/tabiclv2/data200/one-hundred-plants-shape,multiclass,1280,256,320,64,100,0.834375,0.8249900793650793,0.8325000000000001,0.9962427541295638,0.5673660998302068,0.9199895858764648,6.396498441696167,ok,,1280,1024,0,320,,0,1e-05,False,0.4571354389190674,full_train_epoch_chunks,full train set chunked per epoch | validation=dataset_val_split | FT training skipped because n_classes=100 exceeds model max_classes=10,0,0,epoch_chunk,,,,,,0,False,False,
online_shoppers,/home/crc00006699/zh/tabiclv2/data200/online_shoppers,binclass,9864,1973,2466,14,2,0.9063260340632603,0.9009936934227998,0.7724723899870366,0.9300542151118971,0.22677110326903835,12.487898588180542,3.9489552974700928,ok,,9864,7891,0,2466,0.21745659410953522,10,1e-05,True,12.337058782577515,full_train_epoch_chunks,full train set chunked per epoch | validation=dataset_val_split,30,1,epoch_chunk,accuracy,0.905727318803852,0.9062341611758743,0.905727318803852,0.9062341611758743,2,True,False,
ozone-level-8hr,/home/crc00006699/zh/tabiclv2/data200/ozone-level-8hr,binclass,2027,406,507,72,2,0.9546351084812623,0.9455028296657255,0.6697697368421053,0.9482894736842105,0.12240258645678148,7.098432302474976,1.6490836143493652,ok,,2027,1621,0,507,0.12428699061274529,8,1e-05,True,6.931538820266724,full_train_epoch_chunks,full train set chunked per epoch | validation=dataset_val_split,30,1,epoch_chunk,accuracy,0.9507389162561576,0.9507389162561576,0.9507389162561576,0.9507389162561576,0,True,False,
page-blocks,/home/crc00006699/zh/tabiclv2/data200/page-blocks,multiclass,4378,876,1095,10,5,0.9780821917808219,0.9778181155463577,0.8997337700951306,0.9916228010956571,0.08618668547373852,5.651116847991943,1.3654553890228271,ok,,4378,3502,0,1095,0.07435793802142143,10,1e-05,True,5.596909999847412,full_train_epoch_chunks,full train set chunked per epoch | validation=dataset_val_split,30,1,epoch_chunk,accuracy,0.9714611872146118,0.9726027397260274,0.9714611872146118,0.9726027397260274,2,True,False,
pc3,/home/crc00006699/zh/tabiclv2/data200/pc3,binclass,1250,250,313,37,2,0.9009584664536742,0.8713234468060816,0.5571619217081851,0.8374110320284697,0.2627435446228592,6.672555923461914,0.7264976501464844,ok,,1250,1000,0,313,0.21859001368284225,12,1e-05,True,6.598897218704224,full_train_epoch_chunks,full train set chunked per epoch | validation=dataset_val_split,30,1,epoch_chunk,accuracy,0.88,0.888,0.88,0.888,4,True,False,
pendigits,/home/crc00006699/zh/tabiclv2/data200/pendigits,multiclass,8793,1759,2199,16,10,0.9977262391996362,0.9977270042310733,0.9976675841801361,0.9997600254589794,0.01230942306665001,9.398954391479492,4.257148265838623,ok,,8793,7034,0,2199,0.006312988232821226,8,1e-05,True,9.267918109893799,full_train_epoch_chunks,full train set chunked per epoch | validation=dataset_val_split,30,1,epoch_chunk,accuracy,0.9977259806708357,0.9977259806708357,0.9977259806708357,0.9977259806708357,0,True,False,
phoneme,/home/crc00006699/zh/tabiclv2/data200/phoneme,binclass,4323,865,1081,5,2,0.906567992599445,0.9064374281630474,0.8859130097279799,0.9656011032751416,0.21859344891711072,3.853792667388916,0.8571240901947021,ok,,4323,3458,0,1081,0.1993609294295311,8,1e-05,True,3.816185712814331,full_train_epoch_chunks,full train set chunked per epoch | validation=dataset_val_split,30,1,epoch_chunk,accuracy,0.9283236994219654,0.9283236994219654,0.9283236994219654,0.9283236994219654,0,True,False,
predict_students_dropout_and_academic_success,/home/crc00006699/zh/tabiclv2/data200/predict_students_dropout_and_academic_success,multiclass,3539,708,885,34,3,0.784180790960452,0.7783470816531739,0.7112353060087191,0.8939836365585881,0.5503155775342758,8.360458135604858,1.7586708068847656,ok,,3539,2831,0,885,0.5843759775161743,10,1e-05,True,8.190077304840088,full_train_epoch_chunks,full train set chunked per epoch | validation=dataset_val_split,30,1,epoch_chunk,accuracy,0.8022598870056498,0.8036723163841808,0.8022598870056498,0.8036723163841808,2,True,False,
ringnorm,/home/crc00006699/zh/tabiclv2/data200/ringnorm,binclass,5920,1184,1480,20,2,0.9790540540540541,0.9790506964596818,0.9789690823320567,0.9971527766363316,0.06101405754281698,12.523162603378296,2.3774607181549072,ok,,5920,4736,0,1480,0.05890348739922047,15,1e-05,True,12.411141633987427,full_train_epoch_chunks,full train set chunked per epoch | validation=dataset_val_split,30,1,epoch_chunk,accuracy,0.981418918918919,0.9822635135135135,0.981418918918919,0.9822635135135135,7,True,False,
satimage,/home/crc00006699/zh/tabiclv2/data200/satimage,multiclass,5144,1029,1286,36,6,0.9447900466562986,0.9436476717129948,0.9280399169956329,0.9970636871561602,0.12616777691124756,26.854119777679443,2.734130620956421,ok,,5144,4115,0,1286,0.12269614636898041,27,1e-05,True,26.690494298934937,full_train_epoch_chunks,full train set chunked per epoch | validation=dataset_val_split,30,1,epoch_chunk,accuracy,0.9300291545189504,0.9426627793974732,0.9300291545189504,0.9426627793974732,19,True,False,
seismic+bumps,/home/crc00006699/zh/tabiclv2/data200/seismic+bumps,binclass,2067,414,517,18,2,0.9342359767891683,0.9024719535783365,0.5,0.7320058458165876,0.22718115415713563,3.734781265258789,0.7538580894470215,ok,,2067,1653,0,517,0.21899433434009552,8,1e-05,True,3.679553985595703,full_train_epoch_chunks,full train set chunked per epoch | validation=dataset_val_split,30,1,epoch_chunk,accuracy,0.9347826086956522,0.9347826086956522,0.9347826086956522,0.9347826086956522,0,True,False,
shill-bidding,/home/crc00006699/zh/tabiclv2/data200/shill-bidding,binclass,5056,1012,1265,3,2,0.9098814229249012,0.8867610212839742,0.6016475433951162,0.9022205728957715,0.21096454589049576,9.481833934783936,0.5226075649261475,ok,,5056,4044,0,1265,0.2085578888654709,22,1e-05,True,9.449517250061035,full_train_epoch_chunks,full train set chunked per epoch | validation=dataset_val_split,30,1,epoch_chunk,accuracy,0.8893280632411067,0.8992094861660079,0.8893280632411067,0.8992094861660079,14,True,False,
shuttle,/home/crc00006699/zh/tabiclv2/data200/shuttle,multiclass,46400,9280,11600,9,7,0.9994827586206897,0.9994704433497538,0.9200565168382852,0.9999959497331338,0.0009954447556888408,38.45855522155762,39.699687004089355,ok,,46400,37120,0,11600,0.0007493218872696161,27,1e-05,True,38.09451746940613,full_train_epoch_chunks,full train set chunked per epoch | validation=dataset_val_split,30,4,epoch_chunk,accuracy,0.9998922413793103,0.9998922413793103,0.9998922413793103,0.9998922413793103,0,True,False,
splice,/home/crc00006699/zh/tabiclv2/data200/splice,multiclass,2552,511,638,60,3,0.9623824451410659,0.9623113030355264,0.9548976354556592,0.9968383869937832,0.09745284784499801,8.255228757858276,1.8303852081298828,ok,,2552,2041,0,638,0.07266172021627426,8,1e-05,True,8.021474361419678,full_train_epoch_chunks,full train set chunked per epoch | validation=dataset_val_split,30,1,epoch_chunk,accuracy,0.9706457925636007,0.9706457925636007,0.9706457925636007,0.9706457925636007,0,True,False,
statlog,/home/crc00006699/zh/tabiclv2/data200/statlog,binclass,800,160,200,20,2,0.725,0.7123486682808717,0.6369047619047619,0.7584523809523811,0.5209763784181919,5.011990070343018,0.823760986328125,ok,,800,640,0,200,0.4413336515426636,13,1e-05,True,4.957657814025879,full_train_epoch_chunks,full train set chunked per epoch | validation=dataset_val_split,30,1,epoch_chunk,accuracy,0.775,0.78125,0.775,0.78125,5,True,False,
svmguide3,/home/crc00006699/zh/tabiclv2/data200/svmguide3,binclass,994,199,249,22,2,0.891566265060241,0.88213499157922,0.7816611842105263,0.9308296783625731,0.2681862394685412,6.663179159164429,1.0059947967529297,ok,,994,795,0,249,0.22557895630598068,15,1e-05,True,6.593682765960693,full_train_epoch_chunks,full train set chunked per epoch | validation=dataset_val_split,30,1,epoch_chunk,accuracy,0.8442211055276382,0.8592964824120602,0.8442211055276382,0.8592964824120602,7,True,False,
taiwanese_bankruptcy_prediction,/home/crc00006699/zh/tabiclv2/data200/taiwanese_bankruptcy_prediction,binclass,5455,1091,1364,95,2,0.9721407624633431,0.9650922998087763,0.6121212121212121,0.9339962121212121,0.08736167599866582,34.070273876190186,6.2541821002960205,ok,,5455,4364,0,1364,0.08053752779960632,18,1e-05,True,33.62331509590149,full_train_epoch_chunks,full train set chunked per epoch | validation=dataset_val_split,30,1,epoch_chunk,accuracy,0.9670027497708524,0.9706691109074244,0.9670027497708524,0.9706691109074244,10,True,False,
texture,/home/crc00006699/zh/tabiclv2/data200/texture,multiclass,4400,880,1100,40,11,1.0,1.0,1.0,1.0,3.2006555887389944e-05,1.0008015632629395,5.922351598739624,ok,,4400,3520,0,1100,,0,1e-05,False,0.4899148941040039,full_train_epoch_chunks,full train set chunked per epoch | validation=dataset_val_split | FT training skipped because n_classes=11 exceeds model max_classes=10,0,0,epoch_chunk,,,,,,0,False,False,
thyroid-ann,/home/crc00006699/zh/tabiclv2/data200/thyroid-ann,multiclass,3017,604,755,21,3,0.9933774834437086,0.9933902864131448,0.9551852410395617,0.9997159172251004,0.014774412691454186,8.552246332168579,1.1927814483642578,ok,,3017,2413,0,755,0.017413762398064137,16,1e-05,True,8.482679843902588,full_train_epoch_chunks,full train set chunked per epoch | validation=dataset_val_split,30,1,epoch_chunk,accuracy,0.9950331125827815,1.0,0.9950331125827815,1.0,8,True,False,
turiye_student_evaluation,/home/crc00006699/zh/tabiclv2/data200/turiye_student_evaluation,multiclass,4656,932,1164,32,5,0.5223367697594502,0.49383799906555936,0.4117611049804209,0.7698627284173905,1.178661133986423,8.771878957748413,2.2261133193969727,ok,,4656,3724,0,1164,1.1838566064834595,10,1e-05,True,8.629209518432617,full_train_epoch_chunks,full train set chunked per epoch | validation=dataset_val_split,30,1,epoch_chunk,accuracy,0.5118025751072961,0.5128755364806867,0.5118025751072961,0.5128755364806867,2,True,False,
vehicle,/home/crc00006699/zh/tabiclv2/data200/vehicle,multiclass,676,136,170,18,4,0.8764705882352941,0.874646619160595,0.8768939393939393,0.9756141211219336,0.2525630665108271,3.592586040496826,0.6772239208221436,ok,,676,540,0,170,0.2842370271682739,10,1e-05,True,3.5558340549468994,full_train_epoch_chunks,full train set chunked per epoch | validation=dataset_val_split,30,1,epoch_chunk,accuracy,0.9044117647058824,0.9117647058823529,0.9044117647058824,0.9117647058823529,2,True,False,
wall-robot-navigation,/home/crc00006699/zh/tabiclv2/data200/wall-robot-navigation,multiclass,4364,873,1092,24,4,0.9945054945054945,0.994514342086013,0.9923727066584209,0.9999572060289339,0.013556977322198065,8.910131692886353,1.8087186813354492,ok,,4364,3491,0,1092,0.013377781491726637,12,1e-05,True,8.800435781478882,full_train_epoch_chunks,full train set chunked per epoch | validation=dataset_val_split,30,1,epoch_chunk,accuracy,0.9828178694158075,0.9862542955326461,0.9828178694158075,0.9862542955326461,4,True,False,
waveform-5000,/home/crc00006699/zh/tabiclv2/data200/waveform-5000,multiclass,4000,800,1000,40,3,0.868,0.8679296542051033,0.8681540010845147,0.9784452974627418,0.25964219937860966,15.430376768112183,2.1966123580932617,ok,,4000,3200,0,1000,0.25143010914325714,17,1e-05,True,15.281317949295044,full_train_epoch_chunks,full train set chunked per epoch | validation=dataset_val_split,30,1,epoch_chunk,accuracy,0.8775,0.88125,0.8775,0.88125,9,True,False,
website_phishing,/home/crc00006699/zh/tabiclv2/data200/website_phishing,multiclass,1082,217,271,9,3,0.922509225092251,0.9228747867522754,0.9293650793650793,0.9792973239100023,0.2389135508413563,2.9639475345611572,0.37735843658447266,ok,,1082,865,0,271,0.30493107438087463,8,1e-05,True,2.928886890411377,full_train_epoch_chunks,full train set chunked per epoch | validation=dataset_val_split,30,1,epoch_chunk,accuracy,0.9170506912442397,0.9170506912442397,0.9170506912442397,0.9170506912442397,0,True,False,
wine-quality-red,/home/crc00006699/zh/tabiclv2/data200/wine-quality-red,multiclass,1279,256,320,4,6,0.659375,0.6455583662229789,0.3814899918300654,0.8238250008018454,0.804671475913804,6.980167627334595,0.37398648262023926,ok,,1279,1023,0,320,0.8064402639865875,23,1e-05,True,6.957129716873169,full_train_epoch_chunks,full train set chunked per epoch | validation=dataset_val_split,30,1,epoch_chunk,accuracy,0.62890625,0.66015625,0.62890625,0.66015625,15,True,False,
yeast,/home/crc00006699/zh/tabiclv2/data200/yeast,multiclass,1187,238,297,8,10,0.6363636363636364,0.6295246256754505,0.5827663569804015,0.8848174033001719,0.9757499744280048,3.0576510429382324,0.4234895706176758,ok,,1187,949,0,297,0.9730782210826874,8,1e-05,True,3.028276205062866,full_train_epoch_chunks,full train set chunked per epoch | validation=dataset_val_split,30,1,epoch_chunk,accuracy,0.5588235294117647,0.5588235294117647,0.5588235294117647,0.5588235294117647,0,True,False,
