dataset_name,dataset_dir,task_type,n_train,n_val,n_test,n_features,n_classes,accuracy,f1,balanced_accuracy,roc_auc,log_loss,fit_seconds,predict_seconds,status,error,n_train_a,n_train_b,n_holdout_c,n_test_d,ttt_loss,ttt_steps,ttt_lr,ttt_applied,ttt_update_seconds,ttt_split_strategy,ttt_split_reason,ttt_epochs,ttt_chunks_per_epoch,ttt_batch_mode,ttt_val_baseline_accuracy,ttt_val_best_roc_auc,ttt_best_epoch,ttt_stopped_early,ttt_oom_fallback,ttt_fallback_reason,ttt_val_eval_metric,ttt_val_baseline_metric,ttt_val_best_metric,ttt_val_best_accuracy
ASP-POTASSCO-classification,/home/crc00006699/zh/tabiclv2/data172/ASP-POTASSCO-classification,multiclass,1035,207,259,141,11,0.444015444015444,0.4291542940161871,0.3617351943956222,0.836192218388283,1.5567253148002254,0.0251815319061279,27.11620330810547,ok,,1035,0,0,259,,0,5e-06,False,0.0,,TTT skipped because n_classes > 10 requires ManyClass baseline inference,0,0,,,,0,False,False,,,,,
Amazon_employee_access,/home/crc00006699/zh/tabiclv2/data172/Amazon_employee_access,binclass,26215,5243,6554,7,2,0.9458346048214832,0.9299470619094712,0.5737641139585314,0.8231091835535663,0.1736074450261855,258.6032073497772,5.277316331863403,ok,,26215,20972,0,6554,,330,5e-06,True,254.42387533187863,tabpfn_finetune_epoch_chunks,dataset_val_split,30,11,tabpfn_finetuning_api,,,0,False,False,,,,,
BLE_RSSI_dataset_for_Indoor_localization,/home/crc00006699/zh/tabiclv2/data172/BLE_RSSI_dataset_for_Indoor_localization,multiclass,7987,1598,1997,3,3,0.7636454682023035,0.7632216608650894,0.7631429603861637,0.9208418442978608,0.5291906994790369,122.49586415290833,0.976698637008667,ok,,7987,6389,0,1997,,120,5e-06,True,122.48743343353271,tabpfn_finetune_epoch_chunks,dataset_val_split,30,4,tabpfn_finetuning_api,,,0,False,False,,,,,
BNG(breast-w),/home/crc00006699/zh/tabiclv2/data172/BNG(breast-w),binclass,31492,6299,7874,9,2,0.9888239776479552,0.9888336893795856,0.9884971288920048,0.9991452963964728,0.0334395126818577,266.31517004966736,7.329121112823486,ok,,31492,25193,0,7874,,390,5e-06,True,266.3145425319672,tabpfn_finetune_epoch_chunks,dataset_val_split,30,13,tabpfn_finetuning_api,,,0,False,False,,,,,
BNG(cmc),/home/crc00006699/zh/tabiclv2/data172/BNG(cmc),multiclass,44236,8848,11060,9,3,0.5861663652802893,0.5845636758054341,0.5658865992692795,0.765359899306507,0.8743646123977346,815.7465064525604,12.87961769104004,ok,,44236,35388,0,11060,,540,5e-06,True,815.7461447715759,tabpfn_finetune_epoch_chunks,dataset_val_split,30,18,tabpfn_finetuning_api,,,0,False,False,,,,,
BNG(tic-tac-toe),/home/crc00006699/zh/tabiclv2/data172/BNG(tic-tac-toe),binclass,31492,6299,7874,9,2,0.8182626365252731,0.8155721024824271,0.7867013376816938,0.8846222938313365,0.4022456901212295,331.78463673591614,7.371370077133179,ok,,31492,25193,0,7874,,390,5e-06,True,331.78428196907043,tabpfn_finetune_epoch_chunks,dataset_val_split,30,13,tabpfn_finetuning_api,,,0,False,False,,,,,
Bank_Customer_Churn_Dataset,/home/crc00006699/zh/tabiclv2/data172/Bank_Customer_Churn_Dataset,binclass,8000,1600,2000,10,2,0.8725,0.8642327204787729,0.7507561490612338,0.8852766479885125,0.3107257585636824,168.31606721878052,1.1068646907806396,ok,,8000,6400,0,2000,,120,5e-06,True,168.31559205055237,tabpfn_finetune_epoch_chunks,dataset_val_split,30,4,tabpfn_finetuning_api,,,0,False,False,,,,,
Basketball_c,/home/crc00006699/zh/tabiclv2/data172/Basketball_c,binclass,1072,215,268,11,2,0.7052238805970149,0.7037074294809892,0.6826718639262934,0.7361209544058588,0.5830183218674987,60.59039521217346,0.4337725639343261,ok,,1072,857,0,268,,30,5e-06,True,60.59000897407532,tabpfn_finetune_epoch_chunks,dataset_val_split,30,1,tabpfn_finetuning_api,,,0,False,False,,,,,
California-Housing-Classification,/home/crc00006699/zh/tabiclv2/data172/California-Housing-Classification,binclass,16512,3303,4128,8,2,0.9219961240310076,0.9219961240310076,0.921996105720647,0.9785903835477848,0.1880929211435458,214.09060502052307,2.7016632556915283,ok,,16512,13209,0,4128,,210,5e-06,True,214.09028315544128,tabpfn_finetune_epoch_chunks,dataset_val_split,30,7,tabpfn_finetuning_api,,,0,False,False,,,,,
Cardiovascular-Disease-dataset,/home/crc00006699/zh/tabiclv2/data172/Cardiovascular-Disease-dataset,binclass,56000,11200,14000,11,2,0.7337857142857143,0.7335355255532457,0.7337682804141323,0.7986594750724816,0.5489858159657298,505.9958407878876,19.583786249160767,ok,,56000,44800,0,14000,,690,5e-06,True,505.99541687965393,tabpfn_finetune_epoch_chunks,dataset_val_split,30,23,tabpfn_finetuning_api,,,0,False,False,,,,,
Click_prediction_small,/home/crc00006699/zh/tabiclv2/data172/Click_prediction_small,binclass,31958,6392,7990,3,2,0.8329161451814768,0.7602036831424906,0.5064559025202777,0.6267960769439274,0.4384734747093659,531.2844080924988,7.186419248580933,ok,,31958,25566,0,7990,,390,5e-06,True,531.2840149402618,tabpfn_finetune_epoch_chunks,dataset_val_split,30,13,tabpfn_finetuning_api,,,0,False,False,,,,,
Contaminant-detection-in-packaged-cocoa-hazelnut-spread-jars-using-Microwaves-Sensing-and-Machine-Learning-10.0GHz(Urbinati),/home/crc00006699/zh/tabiclv2/data200/Contaminant-detection-in-packaged-cocoa-hazelnut-spread-jars-using-Microwaves-Sensing-and-Machine-Learning-10.0GHz(Urbinati),binclass,1920,384,480,30,2,0.9729166666666668,0.9729212512641552,0.9737903225806452,0.9922830923248054,0.1078393826501157,14.943989992141724,0.4478695392608642,ok,,1920,1536,0,480,,30,1e-05,True,10.299389600753784,tabpfn_finetune_epoch_chunks,dataset_val_split,30,1,tabpfn_finetuning_api,,,0,True,False,,roc_auc,0.9950365441256682,0.9950365441256682,
Contaminant-detection-in-packaged-cocoa-hazelnut-spread-jars-using-Microwaves-Sensing-and-Machine-Learning-10.5GHz(Urbinati),/home/crc00006699/zh/tabiclv2/data200/Contaminant-detection-in-packaged-cocoa-hazelnut-spread-jars-using-Microwaves-Sensing-and-Machine-Learning-10.5GHz(Urbinati),binclass,1920,384,480,30,2,0.9791666666666666,0.9791692006510168,0.9792825361512792,0.9972712736373748,0.0637326624899478,16.966035842895508,0.4594137668609619,ok,,1920,1536,0,480,,30,1e-05,True,12.343504428863524,tabpfn_finetune_epoch_chunks,dataset_val_split,30,1,tabpfn_finetuning_api,,,2,True,False,,roc_auc,0.9974910003272608,0.998036435038726,
Contaminant-detection-in-packaged-cocoa-hazelnut-spread-jars-using-Microwaves-Sensing-and-Machine-Learning-11.0GHz(Urbinati),/home/crc00006699/zh/tabiclv2/data200/Contaminant-detection-in-packaged-cocoa-hazelnut-spread-jars-using-Microwaves-Sensing-and-Machine-Learning-11.0GHz(Urbinati),binclass,1920,384,480,30,2,0.9604166666666668,0.960426116838488,0.9611373748609566,0.9933780589543938,0.0996633456440981,12.666642427444458,0.4518253803253174,ok,,1920,1536,0,480,,30,1e-05,True,12.666339635849,tabpfn_finetune_epoch_chunks,dataset_val_split,30,1,tabpfn_finetuning_api,,,5,True,False,,roc_auc,0.9961546852841716,0.997081924293662,
Contaminant-detection-in-packaged-cocoa-hazelnut-spread-jars-using-Microwaves-Sensing-and-Machine-Learning-9.0GHz(Urbinati),/home/crc00006699/zh/tabiclv2/data200/Contaminant-detection-in-packaged-cocoa-hazelnut-spread-jars-using-Microwaves-Sensing-and-Machine-Learning-9.0GHz(Urbinati),binclass,1920,384,480,30,2,0.96875,0.968752036493972,0.9687847608453838,0.994368743047831,0.0954231716214418,10.75685167312622,0.447253942489624,ok,,1920,1536,0,480,,30,1e-05,True,10.7565495967865,tabpfn_finetune_epoch_chunks,dataset_val_split,30,1,tabpfn_finetuning_api,,,3,True,False,,roc_auc,0.9971364677648088,0.9983909676011782,
Contaminant-detection-in-packaged-cocoa-hazelnut-spread-jars-using-Microwaves-Sensing-and-Machine-Learning-9.5GHz(Urbinati),/home/crc00006699/zh/tabiclv2/data200/Contaminant-detection-in-packaged-cocoa-hazelnut-spread-jars-using-Microwaves-Sensing-and-Machine-Learning-9.5GHz(Urbinati),binclass,1920,384,480,30,2,0.94375,0.9437536621252696,0.944730255839822,0.9895369855394884,0.1379496993909826,7.83274245262146,0.4474439620971679,ok,,1920,1536,0,480,,30,1e-05,True,7.832430839538574,tabpfn_finetune_epoch_chunks,dataset_val_split,30,1,tabpfn_finetuning_api,,,0,True,False,,roc_auc,0.992963892222101,0.992963892222101,
Credit_c,/home/crc00006699/zh/tabiclv2/data172/Credit_c,multiclass,80000,16000,20000,22,3,0.8115,0.8115638786517017,0.8163507232182664,0.925229910823766,0.4523225300877256,763.1872019767761,28.689239740371704,ok,,80000,64000,0,20000,,960,5e-06,True,763.1866292953491,tabpfn_finetune_epoch_chunks,dataset_val_split,30,32,tabpfn_finetuning_api,,,0,False,False,,,,,
Customer_Personality_Analysis,/home/crc00006699/zh/tabiclv2/data172/Customer_Personality_Analysis,binclass,1792,359,448,24,2,0.8973214285714286,0.8886775692419826,0.7305206252203549,0.9044736945195284,0.255522133135528,26.51641273498535,0.4531199932098388,ok,,1792,1433,0,448,,30,5e-06,True,26.5157253742218,tabpfn_finetune_epoch_chunks,dataset_val_split,30,1,tabpfn_finetuning_api,,,0,False,False,,,,,
Diabetic_Retinopathy_Debrecen,/home/crc00006699/zh/tabiclv2/data172/Diabetic_Retinopathy_Debrecen,binclass,920,184,231,19,2,0.7532467532467533,0.7531724089863625,0.7519196025293586,0.8352905751279736,0.4947486724975797,22.9951765537262,0.4555654525756836,ok,,920,736,0,231,,30,5e-06,True,22.99473476409912,tabpfn_finetune_epoch_chunks,dataset_val_split,30,1,tabpfn_finetuning_api,,,0,False,False,,,,,
E-CommereShippingData,/home/crc00006699/zh/tabiclv2/data172/E-CommereShippingData,binclass,8799,1760,2200,10,2,0.6754545454545454,0.6642292210927905,0.7242628781133251,0.733006420059229,0.5043550601578484,81.98216342926025,1.2347266674041748,ok,,8799,7039,0,2200,,120,5e-06,True,81.98177790641785,tabpfn_finetune_epoch_chunks,dataset_val_split,30,4,tabpfn_finetuning_api,,,0,False,False,,,,,
Employee,/home/crc00006699/zh/tabiclv2/data172/Employee,binclass,3722,745,931,8,2,0.8560687432867884,0.8500185951104708,0.8099734042553192,0.863149549918167,0.3643589896575712,84.81876611709595,0.5817341804504395,ok,,3722,2977,0,931,,60,5e-06,True,84.81838154792786,tabpfn_finetune_epoch_chunks,dataset_val_split,30,2,tabpfn_finetuning_api,,,0,False,False,,,,,
FICO-HELOC-cleaned,/home/crc00006699/zh/tabiclv2/data172/FICO-HELOC-cleaned,binclass,7896,1580,1975,23,2,0.7427848101265823,0.7427848101265823,0.7423514354155454,0.8209202519527157,0.5207473881316148,173.35073590278623,1.4155256748199463,ok,,7896,6316,0,1975,,120,5e-06,True,173.35038542747498,tabpfn_finetune_epoch_chunks,dataset_val_split,30,4,tabpfn_finetuning_api,,,0,False,False,,,,,
FOREX_audcad-day-High,/home/crc00006699/zh/tabiclv2/data172/FOREX_audcad-day-High,binclass,1467,294,367,10,2,0.7493188010899182,0.7491958524013144,0.7490494861284382,0.8344323649973266,0.5037358450140096,29.32784652709961,0.4401955604553222,ok,,1467,1173,0,367,,30,5e-06,True,29.327508687973022,tabpfn_finetune_epoch_chunks,dataset_val_split,30,1,tabpfn_finetuning_api,,,0,False,False,,,,,
FOREX_audcad-hour-High,/home/crc00006699/zh/tabiclv2/data172/FOREX_audcad-hour-High,binclass,35060,7012,8765,10,2,0.7143183114660582,0.7143612535934681,0.7142666825917985,0.7895505027307745,0.5602170828996126,838.8912181854248,8.694922685623169,ok,,35060,28048,0,8765,,450,5e-06,True,838.890816450119,tabpfn_finetune_epoch_chunks,dataset_val_split,30,15,tabpfn_finetuning_api,,,0,False,False,,,,,
FOREX_audchf-day-High,/home/crc00006699/zh/tabiclv2/data172/FOREX_audchf-day-High,binclass,1466,294,367,10,2,0.771117166212534,0.7707190203375246,0.7717430048119764,0.8387393809778412,0.4984918300045662,43.50904130935669,0.5041823387145996,ok,,1466,1172,0,367,,30,5e-06,True,43.50873017311096,tabpfn_finetune_epoch_chunks,dataset_val_split,30,1,tabpfn_finetuning_api,,,0,False,False,,,,,
FOREX_audjpy-day-High,/home/crc00006699/zh/tabiclv2/data172/FOREX_audjpy-day-High,binclass,1465,293,367,10,2,0.776566757493188,0.7761071005542206,0.775384935497295,0.8525355210748469,0.4788445978938618,55.62220478057861,0.5373713970184326,ok,,1465,1172,0,367,,30,5e-06,True,55.62178325653076,tabpfn_finetune_epoch_chunks,dataset_val_split,30,1,tabpfn_finetuning_api,,,0,False,False,,,,,
FOREX_audjpy-hour-High,/home/crc00006699/zh/tabiclv2/data172/FOREX_audjpy-hour-High,binclass,35060,7012,8765,10,2,0.7220764403879064,0.7218559036100821,0.7213188754773956,0.8015775589094887,0.5405947191814847,652.3032698631287,8.73100209236145,ok,,35060,28048,0,8765,,450,5e-06,True,652.3028883934021,tabpfn_finetune_epoch_chunks,dataset_val_split,30,15,tabpfn_finetuning_api,,,0,False,False,,,,,
FOREX_audsgd-hour-High,/home/crc00006699/zh/tabiclv2/data172/FOREX_audsgd-hour-High,binclass,35060,7012,8765,10,2,0.7115801483171705,0.7116228493511193,0.7115170476242886,0.7888173533742556,0.5530815617741702,946.9087250232697,8.67085862159729,ok,,35060,28048,0,8765,,450,5e-06,True,946.9079837799072,tabpfn_finetune_epoch_chunks,dataset_val_split,30,15,tabpfn_finetuning_api,,,0,False,False,,,,,
FOREX_audusd-hour-High,/home/crc00006699/zh/tabiclv2/data172/FOREX_audusd-hour-High,binclass,35060,7012,8765,10,2,0.711123787792356,0.7110830992497099,0.7099717926245337,0.7889377618414705,0.5530039417821923,488.0260064601898,8.721430540084839,ok,,35060,28048,0,8765,,450,5e-06,True,488.02562832832336,tabpfn_finetune_epoch_chunks,dataset_val_split,30,15,tabpfn_finetuning_api,,,0,False,False,,,,,
FOREX_cadjpy-day-High,/home/crc00006699/zh/tabiclv2/data172/FOREX_cadjpy-day-High,binclass,1467,294,367,10,2,0.7193460490463215,0.7191959499973437,0.7194107864100736,0.7912508909479686,0.5531605436229445,21.953678846359253,0.4700157642364502,ok,,1467,1173,0,367,,30,5e-06,True,21.95327925682068,tabpfn_finetune_epoch_chunks,dataset_val_split,30,1,tabpfn_finetuning_api,,,0,False,False,,,,,
FOREX_cadjpy-hour-High,/home/crc00006699/zh/tabiclv2/data172/FOREX_cadjpy-hour-High,binclass,35060,7012,8765,10,2,0.7177410154021677,0.7173938305682567,0.7166136894039323,0.7904363476780663,0.5554948361270396,858.3019833564758,8.720503568649292,ok,,35060,28048,0,8765,,450,5e-06,True,858.3016483783722,tabpfn_finetune_epoch_chunks,dataset_val_split,30,15,tabpfn_finetuning_api,,,0,False,False,,,,,
Firm-Teacher_Clave-Direction_Classification,/home/crc00006699/zh/tabiclv2/data172/Firm-Teacher_Clave-Direction_Classification,multiclass,8640,1728,2160,16,4,0.8814814814814815,0.880761471659231,0.8103640662163902,0.972160509251848,0.3102722945977647,118.87868309020996,1.4319884777069092,ok,,8640,6912,0,2160,,120,5e-06,True,118.87832236289978,tabpfn_finetune_epoch_chunks,dataset_val_split,30,4,tabpfn_finetuning_api,,,0,False,False,,,,,
Fitness_Club_c,/home/crc00006699/zh/tabiclv2/data172/Fitness_Club_c,binclass,1200,240,300,6,2,0.7933333333333333,0.7905229075603044,0.743099006256901,0.8268047741731953,0.4531317347291748,22.753589153289795,0.4419858455657959,ok,,1200,960,0,300,,30,5e-06,True,22.753084897994995,tabpfn_finetune_epoch_chunks,dataset_val_split,30,1,tabpfn_finetuning_api,,,0,False,False,,,,,
GAMETES_Epistasis_2-Way_20atts_0.1H_EDM-1_1,/home/crc00006699/zh/tabiclv2/data172/GAMETES_Epistasis_2-Way_20atts_0.1H_EDM-1_1,binclass,1280,256,320,20,2,0.684375,0.680098187684968,0.684375,0.7557421875000001,0.582129771413103,55.60184168815613,0.5307352542877197,ok,,1280,1024,0,320,,30,5e-06,True,55.60151720046997,tabpfn_finetune_epoch_chunks,dataset_val_split,30,1,tabpfn_finetuning_api,,,0,False,False,,,,,
GAMETES_Heterogeneity_20atts_1600_Het_0.4_0.2_50_EDM-2_001,/home/crc00006699/zh/tabiclv2/data172/GAMETES_Heterogeneity_20atts_1600_Het_0.4_0.2_50_EDM-2_001,binclass,1280,256,320,20,2,0.690625,0.6904768883547792,0.690625,0.7603125000000001,0.5479384801056785,86.64120388031006,0.4645059108734131,ok,,1280,1024,0,320,,30,5e-06,True,86.64087414741516,tabpfn_finetune_epoch_chunks,dataset_val_split,30,1,tabpfn_finetuning_api,,,0,False,False,,,,,
Gender_Gap_in_Spanish_WP,/home/crc00006699/zh/tabiclv2/data172/Gender_Gap_in_Spanish_WP,multiclass,3796,760,950,13,3,0.6042105263157894,0.5509991163595354,0.4153293943745959,0.7012213693307521,0.7984692152174164,36.62532234191895,0.6646924018859863,ok,,3796,3036,0,950,,60,5e-06,True,36.624959230422974,tabpfn_finetune_epoch_chunks,dataset_val_split,30,2,tabpfn_finetuning_api,,,0,False,False,,,,,
GesturePhaseSegmentationProcessed,/home/crc00006699/zh/tabiclv2/data172/GesturePhaseSegmentationProcessed,multiclass,7898,1580,1975,32,5,0.8202531645569621,0.8189805357496691,0.7930515475672615,0.9590159174694436,0.5338238718502725,84.92605185508728,1.6425294876098633,ok,,7898,6318,0,1975,,120,5e-06,True,84.92567896842957,tabpfn_finetune_epoch_chunks,dataset_val_split,30,4,tabpfn_finetuning_api,,,0,False,False,,,,,
HR_Analytics_Job_Change_of_Data_Scientists,/home/crc00006699/zh/tabiclv2/data172/HR_Analytics_Job_Change_of_Data_Scientists,binclass,15326,3066,3832,13,2,0.8016701461377871,0.8020820407713126,0.737104713861698,0.8118378837758209,0.4366049381357755,285.0700364112854,2.599416971206665,ok,,15326,12260,0,3832,,210,5e-06,True,285.06957626342773,tabpfn_finetune_epoch_chunks,dataset_val_split,30,7,tabpfn_finetuning_api,,,0,False,False,,,,,
Heart-Disease-Dataset-(Comprehensive),/home/crc00006699/zh/tabiclv2/data200/Heart-Disease-Dataset-(Comprehensive),binclass,952,191,238,11,2,0.9285714285714286,0.9286007051845062,0.9282656773917386,0.9686808874937576,0.2253413205719837,7.594396114349365,0.4438192844390869,ok,,952,761,0,238,,30,1e-05,True,7.594035148620605,tabpfn_finetune_epoch_chunks,dataset_val_split,30,1,tabpfn_finetuning_api,,,0,True,False,,roc_auc,0.9667325428194994,0.9667325428194994,
INNHotelsGroup,/home/crc00006699/zh/tabiclv2/data172/INNHotelsGroup,binclass,29020,5804,7255,17,2,0.9026878015161958,0.9019834982501336,0.8827694440175365,0.9615317146019589,0.2272802895712353,557.4627692699432,6.90470027923584,ok,,29020,23216,0,7255,,360,5e-06,True,557.4623069763184,tabpfn_finetune_epoch_chunks,dataset_val_split,30,12,tabpfn_finetuning_api,,,0,False,False,,,,,
Indian_pines,/home/crc00006699/zh/tabiclv2/data172/Indian_pines,multiclass,7315,1463,1829,220,8,0.9770366320393656,0.9770307709477296,0.9884007936507936,0.9995477007083062,0.0735753230699594,1656.0224714279177,6.187761306762695,ok,,7315,5852,0,1829,,90,5e-06,True,1656.02205991745,tabpfn_finetune_epoch_chunks,dataset_val_split,30,3,tabpfn_finetuning_api,,,0,False,False,,,,,
Insurance,/home/crc00006699/zh/tabiclv2/data200/Insurance,binclass,18838,3768,4710,10,2,0.7575371549893843,0.6530303380048618,0.5,0.4923862284325351,0.555905106332361,149.1051309108734,3.224740743637085,ok,,18838,15070,0,4710,,240,1e-05,True,149.1047625541687,tabpfn_finetune_epoch_chunks,dataset_val_split,30,8,tabpfn_finetuning_api,,,18,True,False,,roc_auc,0.5230998375227284,0.5315600198412699,
Intersectional-Bias-Assessment,/home/crc00006699/zh/tabiclv2/data200/Intersectional-Bias-Assessment,binclass,8800,1760,2200,19,2,0.945,0.9450003750093752,0.9450064506744488,0.9902657215044246,0.1332132777823161,22.37702441215515,1.433213233947754,ok,,8800,7040,0,2200,,120,1e-05,True,22.376716375350952,tabpfn_finetune_epoch_chunks,dataset_val_split,30,4,tabpfn_finetuning_api,,,1,True,False,,roc_auc,0.99252615265401,0.9925855611520084,
Is-this-a-good-customer,/home/crc00006699/zh/tabiclv2/data200/Is-this-a-good-customer,binclass,1378,276,345,13,2,0.8840579710144928,0.829654403567447,0.5,0.7445901639344262,0.3177188862358489,14.12691044807434,0.4439241886138916,ok,,1378,1102,0,345,,30,1e-05,True,14.126452684402466,tabpfn_finetune_epoch_chunks,dataset_val_split,30,1,tabpfn_finetuning_api,,,7,True,False,,roc_auc,0.7582671957671957,0.7633928571428571,
JapaneseVowels,/home/crc00006699/zh/tabiclv2/data172/JapaneseVowels,multiclass,7968,1594,1993,14,9,0.9989964877069744,0.9989960803818158,0.9987928379401247,0.9999984058856812,0.0046149783514916,84.00119376182556,1.2610931396484375,ok,,7968,6374,0,1993,,120,5e-06,True,84.00073504447937,tabpfn_finetune_epoch_chunks,dataset_val_split,30,4,tabpfn_finetuning_api,,,0,False,False,,,,,
KDD,/home/crc00006699/zh/tabiclv2/data200/KDD,binclass,4025,805,1007,45,2,0.8013902681231381,0.8007032533273376,0.8022034165778988,0.9030417800923186,0.3722548870107908,12.847999334335327,1.1881794929504397,ok,,4025,3220,0,1007,,60,1e-05,True,12.8476722240448,tabpfn_finetune_epoch_chunks,dataset_val_split,30,2,tabpfn_finetuning_api,,,0,True,False,,roc_auc,0.9250089635646552,0.9250089635646552,
KDDCup09_upselling,/home/crc00006699/zh/tabiclv2/data172/KDDCup09_upselling,binclass,4102,821,1026,49,2,0.817738791423002,0.8162288906321388,0.8177387914230019,0.9121097089702814,0.3541403277364559,48.43594622612,1.3521547317504885,ok,,4102,3281,0,1026,,60,5e-06,True,48.435500144958496,tabpfn_finetune_epoch_chunks,dataset_val_split,30,2,tabpfn_finetuning_api,,,0,False,False,,,,,
Long,/home/crc00006699/zh/tabiclv2/data200/Long,binclass,3581,717,896,19,2,0.9899553571428572,0.989912416784225,0.98347315230456,0.999914146245738,0.0160856999329595,8.49986982345581,0.66571044921875,ok,,3581,2864,0,896,,60,1e-05,True,8.499571800231934,tabpfn_finetune_epoch_chunks,dataset_val_split,30,2,tabpfn_finetuning_api,,,0,True,False,,roc_auc,0.9999626377732111,0.9999626377732111,
MIC,/home/crc00006699/zh/tabiclv2/data172/MIC,binclass,1319,264,330,104,2,0.906060606060606,0.8968551692194965,0.7441492726122707,0.8876941457586618,0.2609063116139767,101.7955391407013,0.5985183715820312,ok,,1319,1055,0,330,,30,5e-06,True,101.79513025283812,tabpfn_finetune_epoch_chunks,dataset_val_split,30,1,tabpfn_finetuning_api,,,0,False,False,,,,,
MagicTelescope,/home/crc00006699/zh/tabiclv2/data172/MagicTelescope,binclass,15216,3044,3804,9,2,0.8951104100946372,0.8939504088019063,0.8751695707360007,0.9480646811585242,0.2609161852343592,479.1612823009491,2.385986566543579,ok,,15216,12172,0,3804,,210,5e-06,True,479.1609580516815,tabpfn_finetune_epoch_chunks,dataset_val_split,30,7,tabpfn_finetuning_api,,,0,False,False,,,,,
Marketing_Campaign,/home/crc00006699/zh/tabiclv2/data172/Marketing_Campaign,binclass,1792,359,448,27,2,0.8883928571428571,0.8744094447219447,0.6883691777333804,0.9297214713832412,0.2340584566266694,74.4370527267456,0.5754163265228271,ok,,1792,1433,0,448,,30,5e-06,True,74.43672847747803,tabpfn_finetune_epoch_chunks,dataset_val_split,30,1,tabpfn_finetuning_api,,,0,False,False,,,,,
Mobile_Price_Classification,/home/crc00006699/zh/tabiclv2/data172/Mobile_Price_Classification,multiclass,1600,320,400,20,4,0.9675,0.9674734177825642,0.9675,0.9995083333333332,0.0641477043843079,23.34325480461121,0.4497213363647461,ok,,1600,1280,0,400,,30,5e-06,True,23.342830419540405,tabpfn_finetune_epoch_chunks,dataset_val_split,30,1,tabpfn_finetuning_api,,,0,False,False,,,,,
National_Health_and_Nutrition_Health_Survey,/home/crc00006699/zh/tabiclv2/data172/National_Health_and_Nutrition_Health_Survey,binclass,1822,365,456,7,2,0.8355263157894737,0.7913318971559885,0.541739690260739,0.7702349869451698,0.3814892172286626,53.80327248573303,0.5553634166717529,ok,,1822,1457,0,456,,30,5e-06,True,53.802868604660034,tabpfn_finetune_epoch_chunks,dataset_val_split,30,1,tabpfn_finetuning_api,,,0,False,False,,,,,
Performance-Prediction,/home/crc00006699/zh/tabiclv2/data200/Performance-Prediction,binclass,1072,215,268,19,2,0.7425373134328358,0.7366111238221777,0.7059052059052059,0.7976211822365669,0.5294127165825593,10.849157333374023,0.4261224269866943,ok,,1072,857,0,268,,30,1e-05,True,10.848836183547974,tabpfn_finetune_epoch_chunks,dataset_val_split,30,1,tabpfn_finetuning_api,,,4,True,False,,roc_auc,0.691652629608834,0.7239378626239941,
PhishingWebsites,/home/crc00006699/zh/tabiclv2/data172/PhishingWebsites,binclass,8844,1769,2211,30,2,0.9787426503844414,0.9787299397526986,0.9778929524693712,0.9983214244267976,0.0521010834828007,159.64989066123962,1.8469054698944087,ok,,8844,7075,0,2211,,120,5e-06,True,159.64957523345947,tabpfn_finetune_epoch_chunks,dataset_val_split,30,4,tabpfn_finetuning_api,,,0,False,False,,,,,
PieChart3,/home/crc00006699/zh/tabiclv2/data172/PieChart3,binclass,861,173,216,37,2,0.8703703703703703,0.8293750000000001,0.5291005291005291,0.8600823045267489,0.2879784405182373,49.28465414047241,0.6025340557098389,ok,,861,688,0,216,,30,5e-06,True,49.284241676330566,tabpfn_finetune_epoch_chunks,dataset_val_split,30,1,tabpfn_finetuning_api,,,0,False,False,,,,,
Pima_Indians_Diabetes_Database,/home/crc00006699/zh/tabiclv2/data172/Pima_Indians_Diabetes_Database,binclass,614,123,154,8,2,0.7532467532467533,0.7448082577799559,0.7035185185185185,0.8588888888888889,0.4614293075027772,52.80183935165405,0.4570341110229492,ok,,614,491,0,154,,30,5e-06,True,52.80151057243347,tabpfn_finetune_epoch_chunks,dataset_val_split,30,1,tabpfn_finetuning_api,,,0,False,False,,,,,
PizzaCutter3,/home/crc00006699/zh/tabiclv2/data172/PizzaCutter3,binclass,834,167,209,37,2,0.8708133971291866,0.8343952016712312,0.5291304347826087,0.8821739130434783,0.2571710212460187,29.55905175209045,0.5583853721618652,ok,,834,667,0,209,,30,5e-06,True,29.55864405632019,tabpfn_finetune_epoch_chunks,dataset_val_split,30,1,tabpfn_finetuning_api,,,0,False,False,,,,,
Pumpkin_Seeds,/home/crc00006699/zh/tabiclv2/data172/Pumpkin_Seeds,binclass,2000,400,500,12,2,0.882,0.881910531108713,0.8812500000000001,0.944727564102564,0.3073340714325129,40.94779467582703,0.7174303531646729,ok,,2000,1600,0,500,,30,5e-06,True,40.94743037223816,tabpfn_finetune_epoch_chunks,dataset_val_split,30,1,tabpfn_finetuning_api,,,0,False,False,,,,,
QSAR_biodegradation,/home/crc00006699/zh/tabiclv2/data172/QSAR_biodegradation,binclass,843,169,211,41,2,0.8815165876777251,0.8803938097917156,0.8586519114688129,0.9370221327967808,0.3126431381538871,30.413362741470337,0.5621676445007324,ok,,843,674,0,211,,30,5e-06,True,30.41293954849243,tabpfn_finetune_epoch_chunks,dataset_val_split,30,1,tabpfn_finetuning_api,,,0,False,False,,,,,
Rain_in_Australia,/home/crc00006699/zh/tabiclv2/data172/Rain_in_Australia,multiclass,116368,23274,29092,18,3,0.8565241303451121,0.8521874470365511,0.7244694346639856,0.9199814439036148,0.349551339949609,1718.4274053573608,32.19090151786804,ok,,116368,93094,0,29092,,1410,5e-06,True,1718.4269762039185,tabpfn_finetune_epoch_chunks,dataset_val_split,30,47,tabpfn_finetuning_api,,,0,False,False,,,,,
SDSS17,/home/crc00006699/zh/tabiclv2/data172/SDSS17,multiclass,80000,16000,20000,12,3,0.97595,0.9758418029714456,0.9716393802421672,0.996653426623898,0.0767903835684174,855.5351464748383,25.453989028930664,ok,,80000,64000,0,20000,,960,5e-06,True,855.5347101688385,tabpfn_finetune_epoch_chunks,dataset_val_split,30,32,tabpfn_finetuning_api,,,0,False,False,,,,,
Shipping,/home/crc00006699/zh/tabiclv2/data200/Shipping,binclass,8799,1760,2200,9,2,0.6913636363636364,0.6825561425344299,0.7323471063802556,0.7365157106593572,0.4975167276943683,33.100181102752686,1.186819076538086,ok,,8799,7039,0,2200,,120,1e-05,True,33.09981870651245,tabpfn_finetune_epoch_chunks,dataset_val_split,30,4,tabpfn_finetuning_api,,,5,True,False,,roc_auc,0.7495726811537677,0.7515118670788634,
Telecom_Churn_Dataset,/home/crc00006699/zh/tabiclv2/data172/Telecom_Churn_Dataset,binclass,2666,534,667,17,2,0.9685157421289357,0.9677199400043608,0.9131398082835956,0.9218846084282872,0.1256473859293615,34.71465754508972,0.6895511150360107,ok,,2666,2132,0,667,,60,5e-06,True,34.7141809463501,tabpfn_finetune_epoch_chunks,dataset_val_split,30,2,tabpfn_finetuning_api,,,0,False,False,,,,,
UJI_Pen_Characters,/home/crc00006699/zh/tabiclv2/data172/UJI_Pen_Characters,multiclass,1091,219,273,80,35,0.6227106227106227,0.6164135974595948,0.6323260073260074,0.969331406889907,1.324364573474479,0.0230774879455566,16.02988624572754,ok,,1091,0,0,273,,0,5e-06,False,0.0,,TTT skipped because n_classes > 10 requires ManyClass baseline inference,0,0,,,,0,False,False,,,,,
VulNoneVul,/home/crc00006699/zh/tabiclv2/data200/VulNoneVul,binclass,4553,911,1139,16,2,0.9894644424934153,0.9842245601854184,0.5,0.8134427684117125,0.0542525806262546,8.977765321731567,0.7445876598358154,ok,,4553,3642,0,1139,,60,1e-05,True,8.977425336837769,tabpfn_finetune_epoch_chunks,dataset_val_split,30,2,tabpfn_finetuning_api,,,0,True,False,,roc_auc,0.8753607103218646,0.8753607103218646,
Water_Quality_and_Potability,/home/crc00006699/zh/tabiclv2/data172/Water_Quality_and_Potability,binclass,2620,524,656,8,2,0.6570121951219512,0.6059437136159648,0.5823437499999999,0.6708300781250001,0.6231627071395401,32.7193021774292,0.6029300689697266,ok,,2620,2096,0,656,,60,5e-06,True,32.71889686584473,tabpfn_finetune_epoch_chunks,dataset_val_split,30,2,tabpfn_finetuning_api,,,0,False,False,,,,,
Waterstress,/home/crc00006699/zh/tabiclv2/data200/Waterstress,binclass,950,190,238,22,2,0.7815126050420168,0.7810183246151058,0.7835277483209615,0.8601626016260163,0.4587605272607018,9.258599996566772,0.4412412643432617,ok,,950,760,0,238,,30,1e-05,True,9.258238554000854,tabpfn_finetune_epoch_chunks,dataset_val_split,30,1,tabpfn_finetuning_api,,,2,True,False,,roc_auc,0.8717777777777778,0.8762222222222222,
Wilt,/home/crc00006699/zh/tabiclv2/data172/Wilt,binclass,3856,772,965,5,2,0.9917098445595854,0.9915531017299472,0.9412124020557756,0.9880992501474428,0.0326380624271968,22.975313663482662,0.5220799446105957,ok,,3856,3084,0,965,,60,5e-06,True,22.97497940063477,tabpfn_finetune_epoch_chunks,dataset_val_split,30,2,tabpfn_finetuning_api,,,0,False,False,,,,,
abalone,/home/crc00006699/zh/tabiclv2/data172/abalone,multiclass,3341,669,836,8,3,0.6399521531100478,0.6444125462841612,0.6386016419038182,0.8302789373181487,0.7483449179578249,24.61928033828736,0.6012780666351318,ok,,3341,2672,0,836,,60,5e-06,True,24.618892192840576,tabpfn_finetune_epoch_chunks,dataset_val_split,30,2,tabpfn_finetuning_api,,,0,False,False,,,,,
accelerometer,/home/crc00006699/zh/tabiclv2/data172/accelerometer,multiclass,0,0,0,0,0,,,,,,0.0,0.0,fail,"ValueError: The least populated class in y has only 1 member, which is too few. The minimum number of groups for any class cannot be less than 2.",0,0,0,0,,0,,False,0.0,,,0,0,,,,0,False,False,,,,,
ada,/home/crc00006699/zh/tabiclv2/data172/ada,binclass,3317,664,830,48,2,0.863855421686747,0.8593927124588376,0.7891383495145632,0.9157953696788648,0.3139005631148037,30.48138737678528,1.1271333694458008,ok,,3317,2653,0,830,,60,5e-06,True,30.48106694221497,tabpfn_finetune_epoch_chunks,dataset_val_split,30,2,tabpfn_finetuning_api,,,0,False,False,,,,,
ada_agnostic,/home/crc00006699/zh/tabiclv2/data172/ada_agnostic,binclass,3649,730,913,48,2,0.8400876232201533,0.8369995571982437,0.7683146889970589,0.8993783794197352,0.3322731989934199,31.98572969436645,1.146658182144165,ok,,3649,2919,0,913,,60,5e-06,True,31.98538064956665,tabpfn_finetune_epoch_chunks,dataset_val_split,30,2,tabpfn_finetuning_api,,,0,False,False,,,,,
ada_prior,/home/crc00006699/zh/tabiclv2/data172/ada_prior,binclass,3649,730,913,14,2,0.8543263964950711,0.8425697029991228,0.7453667432989559,0.8903687340260207,0.3470883057129031,24.71935248374939,0.6831569671630859,ok,,3649,2919,0,913,,60,5e-06,True,24.719022035598755,tabpfn_finetune_epoch_chunks,dataset_val_split,30,2,tabpfn_finetuning_api,,,0,False,False,,,,,
adult,/home/crc00006699/zh/tabiclv2/data200/adult,binclass,32561,6513,16281,14,2,0.8731650390025183,0.8695032324466679,0.7986169579473167,0.9273712540781488,0.278585363383121,181.2416565418244,9.956921100616457,ok,,32561,26048,0,16281,,420,1e-05,True,181.24128079414368,tabpfn_finetune_epoch_chunks,dataset_val_split,30,14,tabpfn_finetuning_api,,,8,True,False,,roc_auc,0.915169156641423,0.9260101550731517,
airlines_seed_0_nrows_2000_nclasses_10_ncols_100_stratify_True,/home/crc00006699/zh/tabiclv2/data172/airlines_seed_0_nrows_2000_nclasses_10_ncols_100_stratify_True,binclass,1600,320,400,7,2,0.595,0.5861026257976776,0.5789047474440733,0.6545576475351755,0.6435327908923993,23.127514600753784,0.4379093647003174,ok,,1600,1280,0,400,,30,5e-06,True,23.12720274925232,tabpfn_finetune_epoch_chunks,dataset_val_split,30,1,tabpfn_finetuning_api,,,0,False,False,,,,,
allbp,/home/crc00006699/zh/tabiclv2/data172/allbp,multiclass,3017,604,755,29,3,0.9788079470198676,0.975389238731662,0.54352108341028,0.9880270058827288,0.0620322531721188,94.3934290409088,0.7928566932678223,ok,,3017,2413,0,755,,60,5e-06,True,94.39310598373412,tabpfn_finetune_epoch_chunks,dataset_val_split,30,2,tabpfn_finetuning_api,,,0,False,False,,,,,
allrep,/home/crc00006699/zh/tabiclv2/data172/allrep,multiclass,3017,604,755,29,4,0.9827814569536424,0.9822322124435592,0.7254158512720157,0.9965975384150996,0.0386912473229925,26.25120496749878,0.7623238563537598,ok,,3017,2413,0,755,,60,5e-06,True,26.250887632369995,tabpfn_finetune_epoch_chunks,dataset_val_split,30,2,tabpfn_finetuning_api,,,0,False,False,,,,,
analcatdata_authorship,/home/crc00006699/zh/tabiclv2/data172/analcatdata_authorship,multiclass,672,135,169,69,4,0.9940828402366864,0.9940804879569156,0.9957627118644068,0.9999242768178148,0.0151565570119622,23.098652362823486,0.514580488204956,ok,,672,537,0,169,,30,5e-06,True,23.098289489746094,tabpfn_finetune_epoch_chunks,dataset_val_split,30,1,tabpfn_finetuning_api,,,0,False,False,,,,,
artificial-characters,/home/crc00006699/zh/tabiclv2/data172/artificial-characters,multiclass,8174,1635,2044,7,10,0.899706457925636,0.8993594791602918,0.8939849720105716,0.9963107649061472,0.2226961741712284,244.8347239494324,1.0772264003753662,ok,,8174,6539,0,2044,,120,5e-06,True,244.8343529701233,tabpfn_finetune_epoch_chunks,dataset_val_split,30,4,tabpfn_finetuning_api,,,0,False,False,,,,,
autoUniv-au4-2500,/home/crc00006699/zh/tabiclv2/data172/autoUniv-au4-2500,multiclass,2000,400,500,100,3,0.732,0.701816700610998,0.5298813782715119,0.7710143128560731,0.6758431415765221,127.68705081939696,1.9238688945770264,ok,,2000,1600,0,500,,30,5e-06,True,127.686696767807,tabpfn_finetune_epoch_chunks,dataset_val_split,30,1,tabpfn_finetuning_api,,,0,False,False,,,,,
autoUniv-au7-1100,/home/crc00006699/zh/tabiclv2/data172/autoUniv-au7-1100,multiclass,880,176,220,12,5,0.4090909090909091,0.3747018699180657,0.3948234089301849,0.7330842778888927,1.3564936890920158,36.19772124290466,0.4507331848144531,ok,,880,704,0,220,,30,5e-06,True,36.197343587875366,tabpfn_finetune_epoch_chunks,dataset_val_split,30,1,tabpfn_finetuning_api,,,0,False,False,,,,,
bank,/home/crc00006699/zh/tabiclv2/data172/bank,binclass,36168,7234,9043,16,2,0.9118655313502156,0.9088059916411902,0.7549470711269832,0.9437323999512316,0.1839451389437349,330.2626564502716,9.750983953475952,ok,,36168,28934,0,9043,,450,5e-06,True,330.26222825050354,tabpfn_finetune_epoch_chunks,dataset_val_split,30,15,tabpfn_finetuning_api,,,0,False,False,,,,,
banknote_authentication,/home/crc00006699/zh/tabiclv2/data172/banknote_authentication,binclass,1097,220,275,4,2,0.5272727272727272,0.4504743899861441,0.4854816243437265,0.5121075752705454,0.6913746105107574,48.896286725997925,0.4330170154571533,ok,,1097,877,0,275,,30,5e-06,True,48.89598107337952,tabpfn_finetune_epoch_chunks,dataset_val_split,30,1,tabpfn_finetuning_api,,,0,False,False,,,,,
baseball,/home/crc00006699/zh/tabiclv2/data172/baseball,multiclass,1072,215,268,16,3,0.9365671641791044,0.9235174328757018,0.5497835497835498,0.967813344073998,0.157450918163585,35.038250207901,0.5321238040924072,ok,,1072,857,0,268,,30,5e-06,True,35.037861347198486,tabpfn_finetune_epoch_chunks,dataset_val_split,30,1,tabpfn_finetuning_api,,,0,False,False,,,,,
car-evaluation,/home/crc00006699/zh/tabiclv2/data172/car-evaluation,multiclass,1382,277,346,21,4,1.0,1.0,1.0,1.0,0.0055150956374427,23.04865860939026,0.4581770896911621,ok,,1382,1105,0,346,,30,5e-06,True,23.04835557937622,tabpfn_finetune_epoch_chunks,dataset_val_split,30,1,tabpfn_finetuning_api,,,0,False,False,,,,,
churn,/home/crc00006699/zh/tabiclv2/data172/churn,binclass,4000,800,1000,20,2,0.97,0.968920424403183,0.9054731297319164,0.9473080193858932,0.1144555299885823,65.34068822860718,0.8946545124053955,ok,,4000,3200,0,1000,,60,5e-06,True,65.34030723571777,tabpfn_finetune_epoch_chunks,dataset_val_split,30,2,tabpfn_finetuning_api,,,0,False,False,,,,,
cmc,/home/crc00006699/zh/tabiclv2/data172/cmc,multiclass,1178,236,295,9,3,0.5830508474576271,0.5794908951580514,0.5537276270375481,0.7596308936184245,0.8789435072376258,22.35050797462464,0.4347016811370849,ok,,1178,942,0,295,,30,5e-06,True,22.35019946098328,tabpfn_finetune_epoch_chunks,dataset_val_split,30,1,tabpfn_finetuning_api,,,0,False,False,,,,,
company_bankruptcy_prediction,/home/crc00006699/zh/tabiclv2/data172/company_bankruptcy_prediction,binclass,5455,1091,1364,95,2,0.9706744868035192,0.964668586501464,0.6223484848484848,0.9616735537190084,0.0723631351392026,123.75514435768127,2.445572853088379,ok,,5455,4364,0,1364,,90,5e-06,True,123.75467658042908,tabpfn_finetune_epoch_chunks,dataset_val_split,30,3,tabpfn_finetuning_api,,,0,False,False,,,,,
compass,/home/crc00006699/zh/tabiclv2/data172/compass,binclass,13315,2663,3329,17,2,0.8756383298287774,0.875599917079036,0.8756330850080849,0.9458856693231694,0.289569201032063,408.7199878692627,2.2706751823425293,ok,,13315,10652,0,3329,,180,5e-06,True,408.7196671962738,tabpfn_finetune_epoch_chunks,dataset_val_split,30,6,tabpfn_finetuning_api,,,0,False,False,,,,,
connect-4,/home/crc00006699/zh/tabiclv2/data200/connect-4,multiclass,54045,10809,13512,42,3,0.8567939609236235,0.839017734264913,0.669710846231197,0.940771325156161,0.362679766830938,396.4153046607971,22.50271701812744,ok,,54045,43236,0,13512,,660,1e-05,True,396.4149510860443,tabpfn_finetune_epoch_chunks,dataset_val_split,30,22,tabpfn_finetuning_api,,,7,True,False,,roc_auc,0.9311327969486932,0.9402139818571608,
contraceptive_method_choice,/home/crc00006699/zh/tabiclv2/data172/contraceptive_method_choice,multiclass,1178,236,295,9,3,0.6033898305084746,0.602661229880194,0.5821731677745725,0.7787133939218426,0.8484507431717968,22.907986640930176,0.4533789157867431,ok,,1178,942,0,295,,30,5e-06,True,22.90760707855225,tabpfn_finetune_epoch_chunks,dataset_val_split,30,1,tabpfn_finetuning_api,,,0,False,False,,,,,
credit,/home/crc00006699/zh/tabiclv2/data172/credit,binclass,13371,2675,3343,10,2,0.7819323960514508,0.7818954715388318,0.7819285288870945,0.8638407365729486,0.4651190688520094,106.65002727508544,2.044053316116333,ok,,13371,10696,0,3343,,180,5e-06,True,106.6496410369873,tabpfn_finetune_epoch_chunks,dataset_val_split,30,6,tabpfn_finetuning_api,,,0,False,False,,,,,
credit-g,/home/crc00006699/zh/tabiclv2/data200/credit-g,binclass,800,160,200,20,2,0.79,0.774077578051088,0.6976190476190476,0.8546428571428571,0.4359826764139277,11.76029920578003,0.450204849243164,ok,,800,640,0,200,,30,1e-05,True,11.759938955307009,tabpfn_finetune_epoch_chunks,dataset_val_split,30,1,tabpfn_finetuning_api,,,4,True,False,,roc_auc,0.8011532738095238,0.8050595238095238,
customer_satisfaction_in_airline,/home/crc00006699/zh/tabiclv2/data172/customer_satisfaction_in_airline,binclass,103904,20781,25976,21,2,0.961194949183862,0.9612527378016296,0.9627336726836112,0.9951780411769386,0.0857003763610541,978.2050883769988,31.41644096374512,ok,,103904,83123,0,25976,,1260,5e-06,True,978.2046704292296,tabpfn_finetune_epoch_chunks,dataset_val_split,30,42,tabpfn_finetuning_api,,,0,False,False,,,,,
dabetes_130-us_hospitals,/home/crc00006699/zh/tabiclv2/data172/dabetes_130-us_hospitals,binclass,81412,16283,20354,20,2,0.6423307457993515,0.6385555336081092,0.6346388616580203,0.6948954947153334,0.626486992240952,785.8312745094299,26.819595098495483,ok,,81412,65129,0,20354,,990,5e-06,True,785.8308055400848,tabpfn_finetune_epoch_chunks,dataset_val_split,30,33,tabpfn_finetuning_api,,,0,False,False,,,,,
default_of_credit_card_clients,/home/crc00006699/zh/tabiclv2/data172/default_of_credit_card_clients,binclass,24000,4800,6000,23,2,0.8258333333333333,0.8058806173682295,0.6669579335569613,0.8000014029834525,0.4150473131219719,284.8341190814972,5.483653783798218,ok,,24000,19200,0,6000,,300,5e-06,True,284.833379983902,tabpfn_finetune_epoch_chunks,dataset_val_split,30,10,tabpfn_finetuning_api,,,0,False,False,,,,,
delta_ailerons,/home/crc00006699/zh/tabiclv2/data172/delta_ailerons,binclass,5703,1141,1426,5,2,0.9509116409537168,0.9509271394105036,0.9510715139021352,0.9833818096372076,0.1581482166632635,43.30338907241821,0.7019398212432861,ok,,5703,4562,0,1426,,90,5e-06,True,43.30294060707092,tabpfn_finetune_epoch_chunks,dataset_val_split,30,3,tabpfn_finetuning_api,,,0,False,False,,,,,
dis,/home/crc00006699/zh/tabiclv2/data172/dis,binclass,3017,604,755,29,2,0.9933774834437086,0.9929111179872836,0.8326603858232391,0.9977568416330193,0.0211498107018816,59.7225456237793,0.888202428817749,ok,,3017,2413,0,755,,60,5e-06,True,59.72220039367676,tabpfn_finetune_epoch_chunks,dataset_val_split,30,2,tabpfn_finetuning_api,,,0,False,False,,,,,
dna,/home/crc00006699/zh/tabiclv2/data172/dna,multiclass,2548,510,638,180,3,0.9717868338557992,0.9718805722228412,0.970227848226782,0.9979946855594716,0.0800870608663721,133.91064929962158,3.0762312412261963,ok,,2548,2038,0,638,,60,5e-06,True,133.91030979156494,tabpfn_finetune_epoch_chunks,dataset_val_split,30,2,tabpfn_finetuning_api,,,0,False,False,,,,,
drug_consumption,/home/crc00006699/zh/tabiclv2/data172/drug_consumption,multiclass,1507,302,377,12,7,0.403183023872679,0.2316968605998004,0.1428571428571428,0.4909768491901888,1.5196107591806474,47.03780913352966,0.499016523361206,ok,,1507,1205,0,377,,30,5e-06,True,47.03739070892334,tabpfn_finetune_epoch_chunks,dataset_val_split,30,1,tabpfn_finetuning_api,,,0,False,False,,,,,
dry_bean_dataset,/home/crc00006699/zh/tabiclv2/data172/dry_bean_dataset,multiclass,10888,2178,2723,16,7,0.927653323540213,0.927691461935784,0.937736909422899,0.9959535811472692,0.1887370781572548,86.53983116149902,1.7840096950531006,ok,,10888,8710,0,2723,,150,5e-06,True,86.5395097732544,tabpfn_finetune_epoch_chunks,dataset_val_split,30,5,tabpfn_finetuning_api,,,0,False,False,,,,,
eeg-eye-state,/home/crc00006699/zh/tabiclv2/data172/eeg-eye-state,binclass,11984,2397,2996,14,2,0.9939919893190922,0.9939915726012408,0.9938597538047236,0.9997716828147412,0.0176477106834324,92.0763099193573,1.9152007102966309,ok,,11984,9587,0,2996,,150,5e-06,True,92.07598638534546,tabpfn_finetune_epoch_chunks,dataset_val_split,30,5,tabpfn_finetuning_api,,,0,False,False,,,,,
electricity,/home/crc00006699/zh/tabiclv2/data172/electricity,binclass,36249,7250,9063,8,2,0.9163632351318548,0.9162486614732888,0.9131218568299104,0.9759545370283628,0.1978074613926607,833.4981024265289,8.976383924484253,ok,,36249,28999,0,9063,,450,5e-06,True,833.4977507591248,tabpfn_finetune_epoch_chunks,dataset_val_split,30,15,tabpfn_finetuning_api,,,0,False,False,,,,,
estimation_of_obesity_levels,/home/crc00006699/zh/tabiclv2/data172/estimation_of_obesity_levels,multiclass,1688,338,423,16,7,0.9929078014184396,0.9929066416706416,0.9926929392446634,0.999919989620334,0.0277769116149859,22.82572221755981,0.4643275737762451,ok,,1688,1350,0,423,,30,5e-06,True,22.82539820671081,tabpfn_finetune_epoch_chunks,dataset_val_split,30,1,tabpfn_finetuning_api,,,0,False,False,,,,,
eucalyptus,/home/crc00006699/zh/tabiclv2/data200/eucalyptus,multiclass,588,118,148,19,5,0.7162162162162162,0.7210154738442931,0.7010796696843208,0.9380407432467384,0.6285605974651097,19.931238651275635,0.4345104694366455,ok,,588,470,0,148,,30,1e-05,True,19.93076586723328,tabpfn_finetune_epoch_chunks,dataset_val_split,30,1,tabpfn_finetuning_api,,,14,True,False,,roc_auc,0.9275359183486126,0.9333133468201318,
eye_movements,/home/crc00006699/zh/tabiclv2/data172/eye_movements,multiclass,8748,1750,2188,27,3,0.8903107861060329,0.8902200063048259,0.8952229586361536,0.9797142500246652,0.2687643735849049,259.5252404212952,1.6931257247924805,ok,,8748,6998,0,2188,,120,5e-06,True,259.52484250068665,tabpfn_finetune_epoch_chunks,dataset_val_split,30,4,tabpfn_finetuning_api,,,0,False,False,,,,,
eye_movements_bin,/home/crc00006699/zh/tabiclv2/data172/eye_movements_bin,binclass,6086,1218,1522,20,2,0.7982917214191853,0.7982916343439602,0.7982917214191853,0.8900264366168729,0.4226556043906542,164.80863189697266,1.058464288711548,ok,,6086,4868,0,1522,,90,5e-06,True,164.80832266807556,tabpfn_finetune_epoch_chunks,dataset_val_split,30,3,tabpfn_finetuning_api,,,0,False,False,,,,,
first-order-theorem-proving,/home/crc00006699/zh/tabiclv2/data172/first-order-theorem-proving,multiclass,4894,979,1224,51,6,0.6258169934640523,0.6067062710235518,0.4954962695372596,0.8498300593909077,1.0517999234624251,68.43135237693787,1.442117691040039,ok,,4894,3915,0,1224,,60,5e-06,True,68.43098759651184,tabpfn_finetune_epoch_chunks,dataset_val_split,30,2,tabpfn_finetuning_api,,,0,False,False,,,,,
gas-drift,/home/crc00006699/zh/tabiclv2/data172/gas-drift,multiclass,11128,2226,2782,128,6,0.9964054636951832,0.9964056621952811,0.9960649503524412,0.9999578078856298,0.0152086232377708,181.5167984962464,5.343055963516235,ok,,11128,8902,0,2782,,150,5e-06,True,181.51645231246948,tabpfn_finetune_epoch_chunks,dataset_val_split,30,5,tabpfn_finetuning_api,,,0,False,False,,,,,
golf_play_dataset_extended,/home/crc00006699/zh/tabiclv2/data172/golf_play_dataset_extended,binclass,876,176,219,9,2,0.9315068493150684,0.932288787386414,0.9087710480020106,0.9752450364413168,0.1765117256500662,21.94335007667541,0.4612066745758056,ok,,876,700,0,219,,30,5e-06,True,21.94295907020569,tabpfn_finetune_epoch_chunks,dataset_val_split,30,1,tabpfn_finetuning_api,,,0,False,False,,,,,
helena,/home/crc00006699/zh/tabiclv2/data200/helena,multiclass,52156,10432,13040,27,100,0.4291411042944785,0.399866727987533,0.2845366453650302,0.907223549189435,2.355791393277169,0.0444035530090332,844.1829073429108,ok,,52156,0,0,13040,,0,1e-05,False,0.0,,TTT skipped because n_classes > 10 requires ManyClass baseline inference,0,0,,,,0,False,False,,,,,
heloc,/home/crc00006699/zh/tabiclv2/data172/heloc,binclass,8000,1600,2000,22,2,0.7275,0.7270298772060181,0.7275,0.8014055000000001,0.5421782756515302,68.3910722732544,1.3757617473602295,ok,,8000,6400,0,2000,,120,5e-06,True,68.3905918598175,tabpfn_finetune_epoch_chunks,dataset_val_split,30,4,tabpfn_finetuning_api,,,0,False,False,,,,,
hill-valley,/home/crc00006699/zh/tabiclv2/data172/hill-valley,binclass,969,194,243,100,2,0.9588477366255144,0.9587974896616872,0.9587115566996344,0.997696789052974,0.3069603085473822,29.839919567108154,0.4792389869689941,ok,,969,775,0,243,,30,5e-06,True,29.83960461616516,tabpfn_finetune_epoch_chunks,dataset_val_split,30,1,tabpfn_finetuning_api,,,0,False,False,,,,,
house_16H,/home/crc00006699/zh/tabiclv2/data172/house_16H,binclass,10790,2158,2698,16,2,0.8899184581171238,0.8899180800472141,0.8899184581171238,0.9576602057038104,0.2650875309000455,103.50093984603882,1.7853760719299316,ok,,10790,8632,0,2698,,150,5e-06,True,103.50053787231444,tabpfn_finetune_epoch_chunks,dataset_val_split,30,5,tabpfn_finetuning_api,,,0,False,False,,,,,
htru,/home/crc00006699/zh/tabiclv2/data172/htru,binclass,14318,2864,3580,8,2,0.9801675977653632,0.979929637628743,0.9287755377553776,0.9877664401644016,0.0628001988377811,287.88906240463257,2.133124351501465,ok,,14318,11454,0,3580,,180,5e-06,True,287.8886892795563,tabpfn_finetune_epoch_chunks,dataset_val_split,30,6,tabpfn_finetuning_api,,,0,False,False,,,,,
ibm-employee-performance,/home/crc00006699/zh/tabiclv2/data172/ibm-employee-performance,binclass,1176,236,294,30,2,1.0,1.0,1.0,1.0,1.299389698134889e-05,27.20513272285461,0.5302457809448242,ok,,1176,940,0,294,,30,5e-06,True,27.204750537872314,tabpfn_finetune_epoch_chunks,dataset_val_split,30,1,tabpfn_finetuning_api,,,0,False,False,,,,,
in_vehicle_coupon_recommendation,/home/crc00006699/zh/tabiclv2/data172/in_vehicle_coupon_recommendation,binclass,10147,2030,2537,21,2,0.7729601891998423,0.7708264739587214,0.7618192642131996,0.8496795419856997,0.4731529843126328,197.7445330619812,1.7851002216339111,ok,,10147,8117,0,2537,,150,5e-06,True,197.7441997528076,tabpfn_finetune_epoch_chunks,dataset_val_split,30,5,tabpfn_finetuning_api,,,0,False,False,,,,,
internet_firewall,/home/crc00006699/zh/tabiclv2/data172/internet_firewall,multiclass,0,0,0,0,0,,,,,,0.0,0.0,fail,"ValueError: The least populated class in y has only 1 member, which is too few. The minimum number of groups for any class cannot be less than 2.",0,0,0,0,,0,,False,0.0,,,0,0,,,,0,False,False,,,,,
internet_usage,/home/crc00006699/zh/tabiclv2/data172/internet_usage,multiclass,8086,1618,2022,70,46,0.5464886251236399,0.4623145555587305,0.1758701015417923,0.944217724668698,1.3602311359044963,0.0243251323699951,49.60296559333801,ok,,8086,0,0,2022,,0,5e-06,False,0.0,,TTT skipped because n_classes > 10 requires ManyClass baseline inference,0,0,,,,0,False,False,,,,,
jasmine,/home/crc00006699/zh/tabiclv2/data200/jasmine,binclass,2387,478,597,144,2,0.8324958123953099,0.8312402695428937,0.8326412426208165,0.8798680164306076,0.3807866237990267,23.39871120452881,2.452233076095581,ok,,2387,1909,0,597,,30,1e-05,True,23.3983314037323,tabpfn_finetune_epoch_chunks,dataset_val_split,30,1,tabpfn_finetuning_api,,,0,True,False,,roc_auc,0.9069519091052328,0.9069519091052328,
jm1,/home/crc00006699/zh/tabiclv2/data172/jm1,binclass,8708,1742,2177,21,2,0.8231511254019293,0.7832175766188878,0.5851921339256245,0.7580044530053729,0.4373451431162477,125.16143989562988,1.4951260089874268,ok,,8708,6966,0,2177,,120,5e-06,True,125.16099715232848,tabpfn_finetune_epoch_chunks,dataset_val_split,30,4,tabpfn_finetuning_api,,,0,False,False,,,,,
jungle_chess_2pcs_raw_endgame_complete,/home/crc00006699/zh/tabiclv2/data172/jungle_chess_2pcs_raw_endgame_complete,multiclass,35855,7171,8964,6,3,0.9886211512717537,0.9886355083596964,0.9840281853260552,0.9995709993713884,0.0465259216617225,482.6495041847229,8.504654169082642,ok,,35855,28684,0,8964,,450,5e-06,True,482.6491055488586,tabpfn_finetune_epoch_chunks,dataset_val_split,30,15,tabpfn_finetuning_api,,,0,False,False,,,,,
kc1,/home/crc00006699/zh/tabiclv2/data172/kc1,binclass,1687,338,422,21,2,0.8862559241706162,0.8763708588044051,0.7125619478560655,0.851023486317604,0.3134034154493476,31.35920548439026,0.4269850254058838,ok,,1687,1349,0,422,,30,5e-06,True,31.35888671875,tabpfn_finetune_epoch_chunks,dataset_val_split,30,1,tabpfn_finetuning_api,,,0,False,False,,,,,
kdd_ipums_la_97-small,/home/crc00006699/zh/tabiclv2/data172/kdd_ipums_la_97-small,binclass,4150,830,1038,20,2,0.8834296724470135,0.8830518369813486,0.8834296724470134,0.9467517569358592,0.267445406783556,24.604469299316406,0.77518630027771,ok,,4150,3320,0,1038,,60,5e-06,True,24.604089975357056,tabpfn_finetune_epoch_chunks,dataset_val_split,30,2,tabpfn_finetuning_api,,,0,False,False,,,,,
kr-vs-k,/home/crc00006699/zh/tabiclv2/data172/kr-vs-k,multiclass,22444,4489,5612,6,18,0.9246258018531718,0.92465335482642,0.9118005296433668,0.9983793736462524,0.2182408829014643,0.0294079780578613,89.28425312042236,ok,,22444,0,0,5612,,0,5e-06,False,0.0,,TTT skipped because n_classes > 10 requires ManyClass baseline inference,0,0,,,,0,False,False,,,,,
kr-vs-kp,/home/crc00006699/zh/tabiclv2/data200/kr-vs-kp,binclass,2556,512,640,36,2,0.9984375,0.9984376031804651,0.998502994011976,0.9999706469414114,0.0098435898216113,14.725655555725098,0.8562479019165039,ok,,2556,2044,0,640,,60,1e-05,True,14.725029230117798,tabpfn_finetune_epoch_chunks,dataset_val_split,30,2,tabpfn_finetuning_api,,,0,True,False,,roc_auc,0.9999312084384316,0.9999312084384316,
kropt,/home/crc00006699/zh/tabiclv2/data172/kropt,multiclass,22444,4489,5612,6,18,0.9242694226657164,0.9242321964760072,0.9047505964279752,0.9982173443113124,0.2391162830136975,0.0304169654846191,88.65034341812134,ok,,22444,0,0,5612,,0,5e-06,False,0.0,,TTT skipped because n_classes > 10 requires ManyClass baseline inference,0,0,,,,0,False,False,,,,,
law-school-admission-bianry,/home/crc00006699/zh/tabiclv2/data200/law-school-admission-bianry,binclass,16640,3328,4160,11,2,1.0,1.0,1.0,1.0,1.2993896981348888e-05,40.505085706710815,2.799421548843384,ok,,16640,13312,0,4160,,210,1e-05,True,40.50476479530335,tabpfn_finetune_epoch_chunks,dataset_val_split,30,7,tabpfn_finetuning_api,,,0,True,False,,roc_auc,1.0,1.0,
led24,/home/crc00006699/zh/tabiclv2/data172/led24,multiclass,2560,512,640,24,10,0.7296875,0.7223813079298709,0.7296823225288879,0.958010702987946,0.7701525816110332,28.12945866584778,0.7582030296325684,ok,,2560,2048,0,640,,60,5e-06,True,28.12905621528625,tabpfn_finetune_epoch_chunks,dataset_val_split,30,2,tabpfn_finetuning_api,,,0,False,False,,,,,
led7,/home/crc00006699/zh/tabiclv2/data172/led7,multiclass,2560,512,640,7,10,0.740625,0.7399686687844615,0.7403696248592028,0.9595595753177224,0.7906691197263949,55.8974814414978,0.5710906982421875,ok,,2560,2048,0,640,,60,5e-06,True,55.89715766906738,tabpfn_finetune_epoch_chunks,dataset_val_split,30,2,tabpfn_finetuning_api,,,0,False,False,,,,,
letter,/home/crc00006699/zh/tabiclv2/data172/letter,multiclass,16000,3200,4000,15,26,0.9905,0.990501873502052,0.9904507627775524,0.9999794656463366,0.0258257803221441,0.0260112285614013,58.79277491569519,ok,,16000,0,0,4000,,0,5e-06,False,0.0,,TTT skipped because n_classes > 10 requires ManyClass baseline inference,0,0,,,,0,False,False,,,,,
madeline,/home/crc00006699/zh/tabiclv2/data172/madeline,binclass,2512,503,628,259,2,0.928343949044586,0.9283299545385744,0.9282700421940928,0.9762151087309316,0.1954736377598408,212.58603191375727,4.069781541824341,ok,,2512,2009,0,628,,60,5e-06,True,212.58571195602417,tabpfn_finetune_epoch_chunks,dataset_val_split,30,2,tabpfn_finetuning_api,,,0,False,False,,,,,
mammography,/home/crc00006699/zh/tabiclv2/data172/mammography,binclass,8946,1790,2237,6,2,0.988377291014752,0.9871847997423312,0.7875462066537582,0.9833876078155256,0.0343319255594452,120.07490229606628,1.1444787979125977,ok,,8946,7156,0,2237,,120,5e-06,True,120.07425045967102,tabpfn_finetune_epoch_chunks,dataset_val_split,30,4,tabpfn_finetuning_api,,,0,False,False,,,,,
maternal_health_risk,/home/crc00006699/zh/tabiclv2/data172/maternal_health_risk,multiclass,811,163,203,6,3,0.8620689655172413,0.8569379842098656,0.8619651462105856,0.9636142762741368,0.346200407398558,78.64799952507019,0.4363222122192383,ok,,811,648,0,203,,30,5e-06,True,78.64760279655457,tabpfn_finetune_epoch_chunks,dataset_val_split,30,1,tabpfn_finetuning_api,,,0,False,False,,,,,
mfeat-factors,/home/crc00006699/zh/tabiclv2/data172/mfeat-factors,multiclass,1600,320,400,216,10,0.9775,0.977492574033173,0.9775,0.9996180555555556,0.0810478294832726,91.71600365638731,1.0400969982147217,ok,,1600,1280,0,400,,30,5e-06,True,91.71550583839417,tabpfn_finetune_epoch_chunks,dataset_val_split,30,1,tabpfn_finetuning_api,,,0,False,False,,,,,
mfeat-fourier,/home/crc00006699/zh/tabiclv2/data172/mfeat-fourier,multiclass,1600,320,400,76,10,0.905,0.903940844034474,0.905,0.9940763888888888,0.2277243386178668,24.73409652709961,0.5377302169799805,ok,,1600,1280,0,400,,30,5e-06,True,24.73378825187683,tabpfn_finetune_epoch_chunks,dataset_val_split,30,1,tabpfn_finetuning_api,,,0,False,False,,,,,
mfeat-karhunen,/home/crc00006699/zh/tabiclv2/data172/mfeat-karhunen,multiclass,1600,320,400,64,10,0.975,0.975054751753836,0.975,0.9995208333333332,0.0994821127840501,27.47781276702881,0.4984900951385498,ok,,1600,1280,0,400,,30,5e-06,True,27.47747492790222,tabpfn_finetune_epoch_chunks,dataset_val_split,30,1,tabpfn_finetuning_api,,,0,False,False,,,,,
mfeat-morphological,/home/crc00006699/zh/tabiclv2/data172/mfeat-morphological,multiclass,1600,320,400,6,10,0.7675,0.7540773635311507,0.7675,0.9726944444444444,0.5006820034646567,38.54799437522888,0.4545290470123291,ok,,1600,1280,0,400,,30,5e-06,True,38.54752564430237,tabpfn_finetune_epoch_chunks,dataset_val_split,30,1,tabpfn_finetuning_api,,,0,False,False,,,,,
mfeat-pixel,/home/crc00006699/zh/tabiclv2/data172/mfeat-pixel,multiclass,1600,320,400,240,10,0.9675,0.9673753085553172,0.9675,0.9991319444444444,0.1155206846845579,94.89965724945068,1.3816158771514893,ok,,1600,1280,0,400,,30,5e-06,True,94.89925146102904,tabpfn_finetune_epoch_chunks,dataset_val_split,30,1,tabpfn_finetuning_api,,,0,False,False,,,,,
mfeat-zernike,/home/crc00006699/zh/tabiclv2/data172/mfeat-zernike,multiclass,1600,320,400,47,10,0.8425,0.8320206528190109,0.8425,0.9851736111111112,0.2430411958744237,50.49650406837464,0.4733731746673584,ok,,1600,1280,0,400,,30,5e-06,True,50.496193170547485,tabpfn_finetune_epoch_chunks,dataset_val_split,30,1,tabpfn_finetuning_api,,,0,False,False,,,,,
mice_protein_expression,/home/crc00006699/zh/tabiclv2/data172/mice_protein_expression,multiclass,864,173,216,75,8,1.0,1.0,1.0,1.0,0.0001142772607597,25.61295318603516,0.4609031677246094,ok,,864,691,0,216,,30,5e-06,True,25.61263871192932,tabpfn_finetune_epoch_chunks,dataset_val_split,30,1,tabpfn_finetuning_api,,,0,False,False,,,,,
microaggregation2,/home/crc00006699/zh/tabiclv2/data172/microaggregation2,multiclass,16000,3200,4000,20,5,0.6415,0.5867418289534441,0.4124573226032203,0.8345041954771604,0.8607207364474416,476.4747407436371,3.00598669052124,ok,,16000,12800,0,4000,,210,5e-06,True,476.47438883781433,tabpfn_finetune_epoch_chunks,dataset_val_split,30,7,tabpfn_finetuning_api,,,0,False,False,,,,,
mobile_c36_oversampling,/home/crc00006699/zh/tabiclv2/data172/mobile_c36_oversampling,binclass,41408,8282,10352,6,2,0.9939142194744977,0.993909523267222,0.9928634442986104,0.999209433425528,0.0257714094332466,381.70413064956665,11.018707990646362,ok,,41408,33126,0,10352,,510,5e-06,True,381.70370149612427,tabpfn_finetune_epoch_chunks,dataset_val_split,30,17,tabpfn_finetuning_api,,,0,False,False,,,,,
mozilla4,/home/crc00006699/zh/tabiclv2/data172/mozilla4,binclass,12436,2488,3109,4,2,0.9369572209713736,0.9361124830813844,0.9165925114655348,0.975859317347066,0.1703451772288847,137.1172912120819,1.712296962738037,ok,,12436,9948,0,3109,,150,5e-06,True,137.11689853668213,tabpfn_finetune_epoch_chunks,dataset_val_split,30,5,tabpfn_finetuning_api,,,0,False,False,,,,,
naticusdroid+android+permissions+dataset,/home/crc00006699/zh/tabiclv2/data172/naticusdroid+android+permissions+dataset,binclass,23465,4693,5867,86,2,0.9717061530594852,0.9717057338475432,0.971717344266029,0.995141004813268,0.0802681747508286,816.8431091308594,9.460429668426514,ok,,23465,18772,0,5867,,300,5e-06,True,816.8426458835602,tabpfn_finetune_epoch_chunks,dataset_val_split,30,10,tabpfn_finetuning_api,,,0,False,False,,,,,
national-longitudinal-survey-binary,/home/crc00006699/zh/tabiclv2/data172/national-longitudinal-survey-binary,binclass,3926,786,982,16,2,1.0,1.0,1.0,1.0,1.530838540184228e-05,24.394461154937744,0.7379934787750244,ok,,3926,3140,0,982,,60,5e-06,True,24.39414143562317,tabpfn_finetune_epoch_chunks,dataset_val_split,30,2,tabpfn_finetuning_api,,,0,False,False,,,,,
okcupid_stem,/home/crc00006699/zh/tabiclv2/data172/okcupid_stem,multiclass,21341,4269,5336,13,3,0.7524362818590704,0.7035733683510619,0.5109565937031925,0.8085207865668211,0.5920111037974981,453.42169308662415,4.232080936431885,ok,,21341,17072,0,5336,,270,5e-06,True,453.42104411125183,tabpfn_finetune_epoch_chunks,dataset_val_split,30,9,tabpfn_finetuning_api,,,0,False,False,,,,,
one-hundred-plants-margin,/home/crc00006699/zh/tabiclv2/data172/one-hundred-plants-margin,multiclass,0,0,0,0,0,,,,,,0.0,0.0,fail,RuntimeError: Failed to generate a valid legacy codebook,0,0,0,0,,0,,False,0.0,,,0,0,,,,0,False,False,,,,,
one-hundred-plants-shape,/home/crc00006699/zh/tabiclv2/data172/one-hundred-plants-shape,multiclass,0,0,0,0,0,,,,,,0.0,0.0,fail,RuntimeError: Failed to generate a valid legacy codebook,0,0,0,0,,0,,False,0.0,,,0,0,,,,0,False,False,,,,,
one-hundred-plants-texture,/home/crc00006699/zh/tabiclv2/data172/one-hundred-plants-texture,multiclass,0,0,0,0,0,,,,,,0.0,0.0,fail,RuntimeError: Failed to generate a valid legacy codebook,0,0,0,0,,0,,False,0.0,,,0,0,,,,0,False,False,,,,,
online_shoppers,/home/crc00006699/zh/tabiclv2/data172/online_shoppers,binclass,9864,1973,2466,14,2,0.9042984590429846,0.9000013749089165,0.7776866376581484,0.9319220990644248,0.2255958744021227,93.23706078529358,1.53373122215271,ok,,9864,7891,0,2466,,120,5e-06,True,93.23673129081726,tabpfn_finetune_epoch_chunks,dataset_val_split,30,4,tabpfn_finetuning_api,,,0,False,False,,,,,
optdigits,/home/crc00006699/zh/tabiclv2/data172/optdigits,multiclass,4496,900,1124,64,10,0.9955516014234876,0.99555538332432,0.9955512360787162,0.9999779635799844,0.0161054278720504,36.06475949287415,1.5616958141326904,ok,,4496,3596,0,1124,,60,5e-06,True,36.06444597244263,tabpfn_finetune_epoch_chunks,dataset_val_split,30,2,tabpfn_finetuning_api,,,0,False,False,,,,,
ozone-level-8hr,/home/crc00006699/zh/tabiclv2/data172/ozone-level-8hr,binclass,2027,406,507,72,2,0.9526627218934912,0.9463792383805152,0.6978618421052631,0.9361184210526317,0.1319390239630633,27.98173236846924,1.2546679973602295,ok,,2027,1621,0,507,,30,5e-06,True,27.98135209083557,tabpfn_finetune_epoch_chunks,dataset_val_split,30,1,tabpfn_finetuning_api,,,0,False,False,,,,,
ozone_level,/home/crc00006699/zh/tabiclv2/data200/ozone_level,binclass,2028,406,508,36,2,0.9724409448818898,0.968558945101922,0.4949899799599198,0.8256513026052104,0.0921676815774682,30.050111532211304,1.0650076866149902,ok,,2028,1622,0,508,,30,1e-05,True,30.04980182647705,tabpfn_finetune_epoch_chunks,dataset_val_split,30,1,tabpfn_finetuning_api,,,11,True,False,,roc_auc,0.9345845481049564,0.946793002915452,
page-blocks,/home/crc00006699/zh/tabiclv2/data172/page-blocks,multiclass,4378,876,1095,10,5,0.9808219178082191,0.9805052424847732,0.9031709907246196,0.9937154097311426,0.0891412292288793,54.23324799537659,0.648728609085083,ok,,4378,3502,0,1095,,60,5e-06,True,54.2329306602478,tabpfn_finetune_epoch_chunks,dataset_val_split,30,2,tabpfn_finetuning_api,,,0,False,False,,,,,
pc1,/home/crc00006699/zh/tabiclv2/data172/pc1,binclass,887,178,222,21,2,0.9504504504504504,0.9433222337280998,0.6951690821256038,0.9112721417069244,0.156801184205336,64.46288895606995,0.4857449531555176,ok,,887,709,0,222,,30,5e-06,True,64.46258187294006,tabpfn_finetune_epoch_chunks,dataset_val_split,30,1,tabpfn_finetuning_api,,,0,False,False,,,,,
pc3,/home/crc00006699/zh/tabiclv2/data172/pc3,binclass,1250,250,313,37,2,0.8977635782747604,0.8552497244472438,0.513845640569395,0.8285142348754448,0.2709184207889987,22.10338449478149,0.4508087635040283,ok,,1250,1000,0,313,,30,5e-06,True,22.10302734375,tabpfn_finetune_epoch_chunks,dataset_val_split,30,1,tabpfn_finetuning_api,,,0,False,False,,,,,
pc4,/home/crc00006699/zh/tabiclv2/data172/pc4,binclass,1166,234,292,37,2,0.9143835616438356,0.9090075911520448,0.7482638888888888,0.9575737847222224,0.1974314274609542,24.396511554718018,0.5261754989624023,ok,,1166,932,0,292,,30,5e-06,True,24.39613485336304,tabpfn_finetune_epoch_chunks,dataset_val_split,30,1,tabpfn_finetuning_api,,,0,False,False,,,,,
pendigits,/home/crc00006699/zh/tabiclv2/data172/pendigits,multiclass,8793,1759,2199,16,10,0.9972714870395636,0.997273276642423,0.9972681553840104,0.999717841229697,0.0135441655011733,64.57380652427673,1.3857812881469729,ok,,8793,7034,0,2199,,120,5e-06,True,64.57343649864197,tabpfn_finetune_epoch_chunks,dataset_val_split,30,4,tabpfn_finetuning_api,,,0,False,False,,,,,
philippine,/home/crc00006699/zh/tabiclv2/data200/philippine,binclass,4665,933,1167,308,2,0.8928877463581834,0.8928325068019519,0.8929074931271881,0.958064099250452,0.2640067858281817,598.8439676761627,6.258269309997559,ok,,4665,3732,0,1167,,60,1e-05,True,598.8436155319214,tabpfn_finetune_epoch_chunks,dataset_val_split,30,2,tabpfn_finetuning_api,,,30,False,False,,roc_auc,0.9485346150664914,0.9643510306862358,
phoneme,/home/crc00006699/zh/tabiclv2/data172/phoneme,binclass,4323,865,1081,5,2,0.901017576318224,0.9001985245771006,0.8727579401126397,0.9594653740069696,0.2439888035488121,59.69780898094177,0.6381981372833252,ok,,4323,3458,0,1081,,60,5e-06,True,59.69748759269714,tabpfn_finetune_epoch_chunks,dataset_val_split,30,2,tabpfn_finetuning_api,,,0,False,False,,,,,
pol,/home/crc00006699/zh/tabiclv2/data172/pol,binclass,8065,1613,2017,26,2,0.9910758552305404,0.9910756578038038,0.9910783110733556,0.9997748438655276,0.0205595820621835,89.54614448547363,1.5003836154937744,ok,,8065,6452,0,2017,,120,5e-06,True,89.5458312034607,tabpfn_finetune_epoch_chunks,dataset_val_split,30,4,tabpfn_finetuning_api,,,0,False,False,,,,,
predict_students_dropout_and_academic_success,/home/crc00006699/zh/tabiclv2/data172/predict_students_dropout_and_academic_success,multiclass,3539,708,885,34,3,0.7853107344632768,0.7782172356686435,0.7114862877903944,0.8910033038247344,0.5589110036782692,30.22752404212952,0.9485442638397216,ok,,3539,2831,0,885,,60,5e-06,True,30.227134704589844,tabpfn_finetune_epoch_chunks,dataset_val_split,30,2,tabpfn_finetuning_api,,,0,False,False,,,,,
rice_cammeo_and_osmancik,/home/crc00006699/zh/tabiclv2/data172/rice_cammeo_and_osmancik,binclass,3048,610,762,7,2,0.9278215223097112,0.9274691372472942,0.9222223785670064,0.977605954860134,0.1879347521660725,76.22270655632019,0.5458810329437256,ok,,3048,2438,0,762,,60,5e-06,True,76.22231411933899,tabpfn_finetune_epoch_chunks,dataset_val_split,30,2,tabpfn_finetuning_api,,,0,False,False,,,,,
ringnorm,/home/crc00006699/zh/tabiclv2/data172/ringnorm,binclass,5920,1184,1480,20,2,0.981081081081081,0.9810783854433192,0.981002682855113,0.9975070815321312,0.0545699824145639,43.85378980636597,1.031755447387695,ok,,5920,4736,0,1480,,90,5e-06,True,43.85347151756287,tabpfn_finetune_epoch_chunks,dataset_val_split,30,3,tabpfn_finetuning_api,,,0,False,False,,,,,
rl,/home/crc00006699/zh/tabiclv2/data172/rl,binclass,3976,796,994,12,2,0.8953722334004024,0.8953616428594565,0.8953722334004024,0.9486577412159072,0.2880356956190212,47.412121057510376,0.6356682777404785,ok,,3976,3180,0,994,,60,5e-06,True,47.41177749633789,tabpfn_finetune_epoch_chunks,dataset_val_split,30,2,tabpfn_finetuning_api,,,0,False,False,,,,,
satimage,/home/crc00006699/zh/tabiclv2/data172/satimage,multiclass,5144,1029,1286,36,6,0.9362363919129082,0.9347522804748856,0.916985233618744,0.9956740118226416,0.1515937798393698,46.18593096733093,1.2499349117279053,ok,,5144,4115,0,1286,,90,5e-06,True,46.185609340667725,tabpfn_finetune_epoch_chunks,dataset_val_split,30,3,tabpfn_finetuning_api,,,0,False,False,,,,,
segment,/home/crc00006699/zh/tabiclv2/data172/segment,multiclass,1848,370,462,17,7,0.935064935064935,0.9350054291469312,0.9350649350649352,0.9959989505444052,0.1690015500959875,22.80956101417541,0.4334962368011474,ok,,1848,1478,0,462,,30,5e-06,True,22.80925464630127,tabpfn_finetune_epoch_chunks,dataset_val_split,30,1,tabpfn_finetuning_api,,,0,False,False,,,,,
seismic+bumps,/home/crc00006699/zh/tabiclv2/data172/seismic+bumps,binclass,2067,414,517,18,2,0.920696324951644,0.8956622859046206,0.4927536231884058,0.6815247838265741,0.2579640390040952,83.97939491271973,0.6470417976379395,ok,,2067,1653,0,517,,30,5e-06,True,83.97907638549805,tabpfn_finetune_epoch_chunks,dataset_val_split,30,1,tabpfn_finetuning_api,,,0,False,False,,,,,
semeion,/home/crc00006699/zh/tabiclv2/data172/semeion,multiclass,1274,255,319,256,10,0.9655172413793104,0.9655004605960216,0.9655241935483873,0.998920789467111,0.1350805587334572,109.7467885017395,1.204587459564209,ok,,1274,1019,0,319,,30,5e-06,True,109.74646019935608,tabpfn_finetune_epoch_chunks,dataset_val_split,30,1,tabpfn_finetuning_api,,,0,False,False,,,,,
shill-bidding,/home/crc00006699/zh/tabiclv2/data200/shill-bidding,binclass,5056,1012,1265,3,2,0.8988142292490119,0.8627869930580926,0.5385775228008237,0.9033806734601084,0.2138937718249048,25.120473861694336,0.6055736541748047,ok,,5056,4044,0,1265,,90,1e-05,True,25.12007522583008,tabpfn_finetune_epoch_chunks,dataset_val_split,30,3,tabpfn_finetuning_api,,,4,True,False,,roc_auc,0.8973045626271433,0.9005512569020634,
shrutime,/home/crc00006699/zh/tabiclv2/data200/shrutime,binclass,8000,1600,2000,10,2,0.867,0.8533369727047146,0.7110332301552788,0.883115678800747,0.3101333620460234,57.0514223575592,1.0982458591461182,ok,,8000,6400,0,2000,,120,1e-05,True,57.0510892868042,tabpfn_finetune_epoch_chunks,dataset_val_split,30,4,tabpfn_finetuning_api,,,15,True,False,,roc_auc,0.8639350884322148,0.8647381380858391,
shuttle,/home/crc00006699/zh/tabiclv2/data172/shuttle,multiclass,0,0,0,0,0,,,,,,0.0,0.0,fail,"ValueError: The least populated class in y has only 1 member, which is too few. The minimum number of groups for any class cannot be less than 2.",0,0,0,0,,0,,False,0.0,,,0,0,,,,0,False,False,,,,,
spambase,/home/crc00006699/zh/tabiclv2/data172/spambase,binclass,3680,736,921,57,2,0.9598262757871878,0.9598358904607924,0.9581815219645132,0.9906247222962764,0.1187045788065533,35.39007234573364,1.291522979736328,ok,,3680,2944,0,921,,60,5e-06,True,35.38972282409668,tabpfn_finetune_epoch_chunks,dataset_val_split,30,2,tabpfn_finetuning_api,,,0,False,False,,,,,
splice,/home/crc00006699/zh/tabiclv2/data172/splice,multiclass,2552,511,638,60,3,0.9608150470219436,0.9606908002611791,0.9515473863261316,0.99645730645305,0.0997539548044055,52.48772048950195,1.188903570175171,ok,,2552,2041,0,638,,60,5e-06,True,52.48737859725952,tabpfn_finetune_epoch_chunks,dataset_val_split,30,2,tabpfn_finetuning_api,,,0,False,False,,,,,
sports_articles_for_objectivity_analysis,/home/crc00006699/zh/tabiclv2/data172/sports_articles_for_objectivity_analysis,binclass,800,160,200,59,2,0.85,0.8479422502489214,0.8265559270844569,0.9023837773702944,0.375879743636819,23.54089379310608,0.4947781562805176,ok,,800,640,0,200,,30,5e-06,True,23.540576934814453,tabpfn_finetune_epoch_chunks,dataset_val_split,30,1,tabpfn_finetuning_api,,,0,False,False,,,,,
statlog,/home/crc00006699/zh/tabiclv2/data172/statlog,binclass,800,160,200,20,2,0.73,0.7165280665280664,0.6404761904761905,0.765,0.5154607170959963,27.56127238273621,0.4645960330963135,ok,,800,640,0,200,,30,5e-06,True,27.56094002723694,tabpfn_finetune_epoch_chunks,dataset_val_split,30,1,tabpfn_finetuning_api,,,0,False,False,,,,,
steel_plates_faults,/home/crc00006699/zh/tabiclv2/data172/steel_plates_faults,multiclass,1552,311,389,27,7,0.8560411311053985,0.8561181239926366,0.8753894253894254,0.9828376374310096,0.3635365697489691,74.83861446380615,0.5335566997528076,ok,,1552,1241,0,389,,30,5e-06,True,74.8382785320282,tabpfn_finetune_epoch_chunks,dataset_val_split,30,1,tabpfn_finetuning_api,,,0,False,False,,,,,
svmguide3,/home/crc00006699/zh/tabiclv2/data200/svmguide3,binclass,994,199,249,22,2,0.8634538152610441,0.8550381116301943,0.7572642543859649,0.8917214912280701,0.3466706348738793,12.520591020584106,0.4327349662780761,ok,,994,795,0,249,,30,1e-05,True,12.520288467407228,tabpfn_finetune_epoch_chunks,dataset_val_split,30,1,tabpfn_finetuning_api,,,0,True,False,,roc_auc,0.923265306122449,0.923265306122449,
sylvine,/home/crc00006699/zh/tabiclv2/data172/sylvine,binclass,4099,820,1025,20,2,0.9717073170731708,0.9717073170731708,0.9717082419590644,0.9978146320662769,0.0574116581637225,34.08273267745972,0.776017427444458,ok,,4099,3279,0,1025,,60,5e-06,True,34.08235788345337,tabpfn_finetune_epoch_chunks,dataset_val_split,30,2,tabpfn_finetuning_api,,,0,False,False,,,,,
taiwanese_bankruptcy_prediction,/home/crc00006699/zh/tabiclv2/data172/taiwanese_bankruptcy_prediction,binclass,5455,1091,1364,95,2,0.9728739002932552,0.96490351544115,0.6015151515151516,0.937637741046832,0.085721903885614,195.6491096019745,2.4735653400421143,ok,,5455,4364,0,1364,,90,5e-06,True,195.64874792099,tabpfn_finetune_epoch_chunks,dataset_val_split,30,3,tabpfn_finetuning_api,,,0,False,False,,,,,
telco-customer-churn,/home/crc00006699/zh/tabiclv2/data172/telco-customer-churn,binclass,5634,1127,1409,18,2,0.8055358410220014,0.7899230743547843,0.692602495543672,0.8519439923531996,0.4097366927308592,92.15150690078735,1.0009841918945312,ok,,5634,4507,0,1409,,90,5e-06,True,92.15112900733948,tabpfn_finetune_epoch_chunks,dataset_val_split,30,3,tabpfn_finetuning_api,,,0,False,False,,,,,
texture,/home/crc00006699/zh/tabiclv2/data172/texture,multiclass,4400,880,1100,40,11,1.0,1.0,1.0,1.0,0.0001603708106418,0.0243806838989257,21.18186330795288,ok,,4400,0,0,1100,,0,5e-06,False,0.0,,TTT skipped because n_classes > 10 requires ManyClass baseline inference,0,0,,,,0,False,False,,,,,
thyroid,/home/crc00006699/zh/tabiclv2/data172/thyroid,multiclass,5760,1152,1440,21,3,0.99375,0.9937540487789204,0.9639421526143206,0.9997339289314882,0.0157243674060481,133.292377948761,1.0304625034332275,ok,,5760,4608,0,1440,,90,5e-06,True,133.29200077056885,tabpfn_finetune_epoch_chunks,dataset_val_split,30,3,tabpfn_finetuning_api,,,0,False,False,,,,,
thyroid-ann,/home/crc00006699/zh/tabiclv2/data172/thyroid-ann,multiclass,3017,604,755,21,3,0.9894039735099338,0.9893168503065776,0.920097521741316,0.9991168715120587,0.0303208553635952,45.4331533908844,0.6960372924804688,ok,,3017,2413,0,755,,60,5e-06,True,45.432605266571045,tabpfn_finetune_epoch_chunks,dataset_val_split,30,2,tabpfn_finetuning_api,,,0,False,False,,,,,
thyroid-dis,/home/crc00006699/zh/tabiclv2/data172/thyroid-dis,multiclass,2240,448,560,26,5,0.6946428571428571,0.6727687298630195,0.4046904166170221,0.877976485587233,0.7117337704143134,24.9641182422638,0.7917711734771729,ok,,2240,1792,0,560,,30,5e-06,True,24.96373224258423,tabpfn_finetune_epoch_chunks,dataset_val_split,30,1,tabpfn_finetuning_api,,,0,False,False,,,,,
turiye_student_evaluation,/home/crc00006699/zh/tabiclv2/data172/turiye_student_evaluation,multiclass,4656,932,1164,32,5,0.5214776632302406,0.4903259124693244,0.4074769384427331,0.7647729013807786,1.1891449553445357,52.20263171195984,1.0553927421569824,ok,,4656,3724,0,1164,,60,5e-06,True,52.20230174064636,tabpfn_finetune_epoch_chunks,dataset_val_split,30,2,tabpfn_finetuning_api,,,0,False,False,,,,,
twonorm,/home/crc00006699/zh/tabiclv2/data172/twonorm,binclass,5920,1184,1480,20,2,0.9777027027027028,0.9777025500087502,0.9777072273689325,0.9985189892603894,0.0513588139311824,45.549835205078125,1.0369014739990234,ok,,5920,4736,0,1480,,90,5e-06,True,45.5494544506073,tabpfn_finetune_epoch_chunks,dataset_val_split,30,3,tabpfn_finetuning_api,,,0,False,False,,,,,
vehicle,/home/crc00006699/zh/tabiclv2/data172/vehicle,multiclass,676,136,170,18,4,0.888235294117647,0.8872727272727273,0.8885281385281385,0.971294981060606,0.2698723020877757,46.6584734916687,0.4308741092681885,ok,,676,540,0,170,,30,5e-06,True,46.65811181068421,tabpfn_finetune_epoch_chunks,dataset_val_split,30,1,tabpfn_finetuning_api,,,0,False,False,,,,,
walking-activity,/home/crc00006699/zh/tabiclv2/data172/walking-activity,multiclass,119465,23893,29867,4,22,0.6798138413633776,0.6791073984179399,0.6374015959317284,0.9764683239468794,0.8888797088231561,0.0861532688140869,1637.443503856659,ok,,119465,0,0,29867,,0,5e-06,False,0.0,,TTT skipped because n_classes > 10 requires ManyClass baseline inference,0,0,,,,0,False,False,,,,,
wall-robot-navigation,/home/crc00006699/zh/tabiclv2/data172/wall-robot-navigation,multiclass,4364,873,1092,24,4,0.9844322344322344,0.9844652747226728,0.986136878994022,0.999763638167724,0.0380701944542824,53.83354949951172,0.8730146884918213,ok,,4364,3491,0,1092,,60,5e-06,True,53.83306121826172,tabpfn_finetune_epoch_chunks,dataset_val_split,30,2,tabpfn_finetuning_api,,,0,False,False,,,,,
water_quality,/home/crc00006699/zh/tabiclv2/data172/water_quality,binclass,6396,1280,1600,20,2,0.903125,0.889777568564799,0.6579883445186689,0.907476867279406,0.2189136120991931,62.89513063430786,1.0311551094055176,ok,,6396,5116,0,1600,,90,5e-06,True,62.89453220367432,tabpfn_finetune_epoch_chunks,dataset_val_split,30,3,tabpfn_finetuning_api,,,0,False,False,,,,,
waveform-5000,/home/crc00006699/zh/tabiclv2/data172/waveform-5000,multiclass,4000,800,1000,40,3,0.866,0.8659006961916568,0.8661816144967435,0.9784008241484984,0.258665275004761,30.801515102386475,1.2407419681549072,ok,,4000,3200,0,1000,,60,5e-06,True,30.80119061470032,tabpfn_finetune_epoch_chunks,dataset_val_split,30,2,tabpfn_finetuning_api,,,0,False,False,,,,,
waveform_database_generator_version_1,/home/crc00006699/zh/tabiclv2/data172/waveform_database_generator_version_1,multiclass,4000,800,1000,21,3,0.868,0.8676368036748386,0.8678152910752676,0.9721576516627064,0.2946086972331225,26.4097752571106,0.8443160057067871,ok,,4000,3200,0,1000,,60,5e-06,True,26.409363746643063,tabpfn_finetune_epoch_chunks,dataset_val_split,30,2,tabpfn_finetuning_api,,,0,False,False,,,,,
website_phishing,/home/crc00006699/zh/tabiclv2/data172/website_phishing,multiclass,1082,217,271,9,3,0.918819188191882,0.9193870087207996,0.9282828282828284,0.9783810385874772,0.2530793357146073,70.27243947982788,0.4850690364837646,ok,,1082,865,0,271,,30,5e-06,True,70.27206206321716,tabpfn_finetune_epoch_chunks,dataset_val_split,30,1,tabpfn_finetuning_api,,,0,False,False,,,,,
wine,/home/crc00006699/zh/tabiclv2/data172/wine,binclass,2043,409,511,4,2,0.7788649706457925,0.7774675444331128,0.7790211397058824,0.867202818627451,0.4565937234630948,34.51241588592529,0.6414825916290283,ok,,2043,1634,0,511,,30,5e-06,True,34.512085914611816,tabpfn_finetune_epoch_chunks,dataset_val_split,30,1,tabpfn_finetuning_api,,,0,False,False,,,,,
wine-quality-red,/home/crc00006699/zh/tabiclv2/data172/wine-quality-red,multiclass,1279,256,320,4,6,0.65,0.6306068825817132,0.3172947303921569,0.8019706124885119,0.8751748175815806,53.46197462081909,0.4340596199035644,ok,,1279,1023,0,320,,30,5e-06,True,53.46159267425537,tabpfn_finetune_epoch_chunks,dataset_val_split,30,1,tabpfn_finetuning_api,,,0,False,False,,,,,
wine-quality-white,/home/crc00006699/zh/tabiclv2/data172/wine-quality-white,multiclass,3918,784,980,11,7,0.6448979591836734,0.6330881358536112,0.3624490752252166,0.8941517839698563,0.823806697707309,26.248555421829224,0.6534812450408936,ok,,3918,3134,0,980,,60,5e-06,True,26.248136520385746,tabpfn_finetune_epoch_chunks,dataset_val_split,30,2,tabpfn_finetuning_api,,,0,False,False,,,,,
yeast,/home/crc00006699/zh/tabiclv2/data172/yeast,multiclass,1187,238,297,8,10,0.6195286195286195,0.6132129672851486,0.578211630926439,0.8876969755847842,0.9730516712999824,30.423139333724976,0.4448840618133545,ok,,1187,949,0,297,,30,5e-06,True,30.42274761199951,tabpfn_finetune_epoch_chunks,dataset_val_split,30,1,tabpfn_finetuning_api,,,0,False,False,,,,,
