dataset_name,dataset_dir,task_type,n_train,n_val,n_test,n_features,n_classes,accuracy,f1,balanced_accuracy,roc_auc,log_loss,fit_seconds,predict_seconds,status,error,n_train_a,n_train_b,n_holdout_c,n_test_d,ttt_loss,ttt_steps,ttt_lr,ttt_applied,ttt_update_seconds,ttt_split_strategy,ttt_split_reason,ttt_epochs,ttt_chunks_per_epoch,ttt_batch_mode,ttt_val_eval_metric,ttt_val_baseline_metric,ttt_val_best_metric,ttt_val_baseline_accuracy,ttt_val_best_accuracy,ttt_best_epoch,ttt_stopped_early,ttt_oom_fallback,ttt_fallback_reason
Contaminant-detection-in-packaged-cocoa-hazelnut-spread-jars-using-Microwaves-Sensing-and-Machine-Learning-9.0GHz(Urbinati),/home/crc00006699/zh/tabiclv2/data200/Contaminant-detection-in-packaged-cocoa-hazelnut-spread-jars-using-Microwaves-Sensing-and-Machine-Learning-9.0GHz(Urbinati),binclass,1920,384,480,30,2,0.96875,0.9687585479270056,0.9692018909899889,0.9948553948832035,0.09318293583780904,14.615601301193237,1.0959482192993164,ok,,1920,1536,0,480,0.05129406601190567,21,1e-05,True,14.52437686920166,full_train_epoch_chunks,full train set chunked per epoch | validation=dataset_val_split,30,1,epoch_chunk,accuracy,0.9609375,0.9765625,0.9609375,0.9765625,13,True,False,
Employee,/home/crc00006699/zh/tabiclv2/data200/Employee,binclass,3722,745,931,8,2,0.8592910848549946,0.853282037833896,0.8131725654664484,0.8809252250409165,0.3506761616231712,8.662883281707764,1.1934924125671387,ok,,3722,2977,0,931,0.3964615762233734,17,1e-05,True,8.603517055511475,full_train_epoch_chunks,full train set chunked per epoch | validation=dataset_val_split,30,1,epoch_chunk,accuracy,0.8523489932885906,0.8563758389261745,0.8523489932885906,0.8563758389261745,9,True,False,
Fitness_Club_c,/home/crc00006699/zh/tabiclv2/data200/Fitness_Club_c,binclass,1200,240,300,6,2,0.7966666666666666,0.792733543259859,0.7423891897576108,0.8233345601766655,0.4555947748541136,7.896049499511719,0.3116726875305176,ok,,1200,960,0,300,0.46026208996772766,20,1e-05,True,7.8613362312316895,full_train_epoch_chunks,full train set chunked per epoch | validation=dataset_val_split,30,1,epoch_chunk,accuracy,0.7666666666666667,0.7791666666666667,0.7666666666666667,0.7791666666666667,12,True,False,
PhishingWebsites,/home/crc00006699/zh/tabiclv2/data200/PhishingWebsites,binclass,8844,1769,2211,30,2,0.9760289461781999,0.9760301879389497,0.9757680001326282,0.9986306139027503,0.0464599722940504,36.14637494087219,4.854447364807129,ok,,8844,7075,0,2211,0.06871071085333824,23,1e-05,True,35.80808210372925,full_train_epoch_chunks,full train set chunked per epoch | validation=dataset_val_split,30,1,epoch_chunk,accuracy,0.9762577727529678,0.9796495195025439,0.9762577727529678,0.9796495195025439,15,True,False,
Water_Quality_and_Potability,/home/crc00006699/zh/tabiclv2/data200/Water_Quality_and_Potability,binclass,2620,524,656,8,2,0.6509146341463414,0.5928750262409173,0.5724218750000001,0.6666552734375,0.6240640764803955,7.196512699127197,0.823533296585083,ok,,2620,2096,0,656,0.6436550617218018,16,1e-05,True,7.154385328292847,full_train_epoch_chunks,full train set chunked per epoch | validation=dataset_val_split,30,1,epoch_chunk,accuracy,0.6335877862595419,0.6431297709923665,0.6335877862595419,0.6431297709923665,8,True,False,
autoUniv-au4-2500,/home/crc00006699/zh/tabiclv2/data200/autoUniv-au4-2500,multiclass,2000,400,500,100,3,0.712,0.682649407809806,0.5153580618841399,0.77047439919725,0.6605916266008076,21.44566798210144,2.151409387588501,ok,,2000,1600,0,500,0.7670188844203949,17,1e-05,True,21.122146129608154,full_train_epoch_chunks,full train set chunked per epoch | validation=dataset_val_split,30,1,epoch_chunk,accuracy,0.715,0.7375,0.715,0.7375,9,True,False,
first-order-theorem-proving,/home/crc00006699/zh/tabiclv2/data200/first-order-theorem-proving,multiclass,4894,979,1224,51,6,0.6486928104575164,0.6318226986358317,0.52276033141719,0.8605501165932802,1.0137380755558898,23.367104530334473,3.5934014320373535,ok,,4894,3915,0,1224,1.0643880367279053,16,1e-05,True,23.092071056365967,full_train_epoch_chunks,full train set chunked per epoch | validation=dataset_val_split,30,1,epoch_chunk,accuracy,0.6312563840653729,0.6353421859039836,0.6312563840653729,0.6353421859039836,8,True,False,
led7,/home/crc00006699/zh/tabiclv2/data200/led7,multiclass,2560,512,640,7,10,0.7375,0.7331325740704353,0.7356000607364938,0.9596876650389875,0.7787769262107573,4.796721935272217,0.7460534572601318,ok,,2560,2048,0,640,0.8050791621208191,11,1e-05,True,4.746417760848999,full_train_epoch_chunks,full train set chunked per epoch | validation=dataset_val_split,30,1,epoch_chunk,accuracy,0.73046875,0.732421875,0.73046875,0.732421875,3,True,False,
madeline,/home/crc00006699/zh/tabiclv2/data200/madeline,binclass,2512,503,628,259,2,0.9219745222929936,0.9219703671076009,0.9219409282700421,0.9767019636481662,0.19033152903023845,34.56763243675232,7.225629091262817,ok,,2512,2009,0,628,0.31374630331993103,11,1e-05,True,33.737807750701904,full_train_epoch_chunks,full train set chunked per epoch | validation=dataset_val_split,30,1,epoch_chunk,accuracy,0.9224652087475149,0.9244532803180915,0.9224652087475149,0.9244532803180915,3,True,False,
mfeat-fourier,/home/crc00006699/zh/tabiclv2/data200/mfeat-fourier,multiclass,1600,320,400,76,10,0.92,0.9192763440131861,0.9199999999999999,0.9954097222222222,0.2068354294956828,19.305321216583252,1.5363471508026123,ok,,1600,1280,0,400,0.21650678664445877,19,1e-05,True,19.10141134262085,full_train_epoch_chunks,full train set chunked per epoch | validation=dataset_val_split,30,1,epoch_chunk,accuracy,0.90625,0.915625,0.90625,0.915625,11,True,False,
pc4,/home/crc00006699/zh/tabiclv2/data200/pc4,binclass,1166,234,292,37,2,0.9075342465753424,0.9045311583625552,0.7562934027777778,0.9629991319444444,0.20647704710127263,14.049962520599365,0.7763402462005615,ok,,1166,932,0,292,0.11285657435655594,19,1e-05,True,13.90498423576355,full_train_epoch_chunks,full train set chunked per epoch | validation=dataset_val_split,30,1,epoch_chunk,accuracy,0.9188034188034188,0.9273504273504274,0.9188034188034188,0.9273504273504274,11,True,False,
pol,/home/crc00006699/zh/tabiclv2/data200/pol,binclass,8065,1613,2017,26,2,0.992563212692117,0.9925632017241727,0.9925639482750483,0.9997502635015023,0.020645955470103807,21.0370671749115,3.7779200077056885,ok,,8065,6452,0,2017,0.01931528514251113,15,1e-05,True,20.842371940612793,full_train_epoch_chunks,full train set chunked per epoch | validation=dataset_val_split,30,1,epoch_chunk,accuracy,0.9882207067575945,0.9900805951642901,0.9882207067575945,0.9900805951642901,7,True,False,
rice_cammeo_and_osmancik,/home/crc00006699/zh/tabiclv2/data200/rice_cammeo_and_osmancik,binclass,3048,610,762,7,2,0.9304461942257218,0.930143932752019,0.925289863229583,0.9784220746327461,0.18556875021080466,6.342541933059692,0.9598212242126465,ok,,3048,2438,0,762,0.15594036132097244,11,1e-05,True,6.301238536834717,full_train_epoch_chunks,full train set chunked per epoch | validation=dataset_val_split,30,1,epoch_chunk,accuracy,0.9295081967213115,0.9344262295081968,0.9295081967213115,0.9344262295081968,3,True,False,
segment,/home/crc00006699/zh/tabiclv2/data200/segment,multiclass,1848,370,462,17,7,0.9523809523809523,0.9523414143136255,0.9523809523809523,0.997179588088679,0.13913966360551408,6.98833966255188,0.701707124710083,ok,,1848,1478,0,462,0.1717066466808319,13,1e-05,True,6.9273271560668945,full_train_epoch_chunks,full train set chunked per epoch | validation=dataset_val_split,30,1,epoch_chunk,accuracy,0.9486486486486486,0.9540540540540541,0.9486486486486486,0.9540540540540541,5,True,False,
shrutime,/home/crc00006699/zh/tabiclv2/data200/shrutime,binclass,8000,1600,2000,10,2,0.8675,0.8555653730505084,0.7191712926249009,0.8815568161469391,0.3074376504677585,29.9934561252594,2.876802682876587,ok,,8000,6400,0,2000,0.3351934552192688,30,1e-05,True,29.87663722038269,full_train_epoch_chunks,full train set chunked per epoch | validation=dataset_val_split,30,1,epoch_chunk,accuracy,0.8625,0.87,0.8625,0.87,22,True,False,
water_quality,/home/crc00006699/zh/tabiclv2/data200/water_quality,binclass,6396,1280,1600,20,2,0.909375,0.8984157435549638,0.6830662285528294,0.9124114601900216,0.21403722048245155,19.873135566711426,2.5452871322631836,ok,,6396,5116,0,1600,0.2326948642730713,20,1e-05,True,19.765068769454956,full_train_epoch_chunks,full train set chunked per epoch | validation=dataset_val_split,30,1,epoch_chunk,accuracy,0.89609375,0.8984375,0.89609375,0.8984375,12,True,False,
waveform_database_generator_version_1,/home/crc00006699/zh/tabiclv2/data200/waveform_database_generator_version_1,multiclass,4000,800,1000,21,3,0.868,0.867547206914667,0.8678933755122525,0.9727763958887218,0.2936842244648529,16.45396113395691,1.639547348022461,ok,,4000,3200,0,1000,0.25946009159088135,20,1e-05,True,16.338257312774658,full_train_epoch_chunks,full train set chunked per epoch | validation=dataset_val_split,30,1,epoch_chunk,accuracy,0.85625,0.8625,0.85625,0.8625,12,True,False,
wine,/home/crc00006699/zh/tabiclv2/data200/wine,binclass,2043,409,511,4,2,0.7847358121330724,0.7838069786864709,0.7848651960784314,0.8823759191176471,0.4316493982997495,5.0530219078063965,0.3245999813079834,ok,,2043,1634,0,511,0.47199471294879913,11,1e-05,True,5.0246264934539795,full_train_epoch_chunks,full train set chunked per epoch | validation=dataset_val_split,30,1,epoch_chunk,accuracy,0.823960880195599,0.8264058679706602,0.823960880195599,0.8264058679706602,3,True,False,
