dataset_name,dataset_dir,task_type,n_train,n_val,n_test,n_features,n_classes,accuracy,f1,balanced_accuracy,roc_auc,log_loss,fit_seconds,predict_seconds,status,error,n_train_a,n_train_b,n_holdout_c,n_test_d,ttt_loss,ttt_steps,ttt_lr,ttt_applied,ttt_update_seconds,ttt_split_strategy,ttt_split_reason,ttt_epochs,ttt_chunks_per_epoch,ttt_batch_mode,ttt_val_eval_metric,ttt_val_baseline_metric,ttt_val_best_metric,ttt_val_baseline_accuracy,ttt_val_best_accuracy,ttt_best_epoch,ttt_stopped_early,ttt_oom_fallback,ttt_fallback_reason,ttt_c_selection,ttt_c_source,ttt_c_metric,ttt_c_f_distance_mean,ttt_c_f_distance_std,ttt_c_fallback_reason,ttt_c_label_coverage_ok
BNG(tic-tac-toe),/home/crc00006699/zh/tabiclv2/decrease_dataset/BNG(tic-tac-toe),binclass,31492,6299,7874,9,2,0.8148336296672594,0.8122067664717203,0.7833898550449231,0.884557597947895,0.4022916442766381,95.85126733779909,21.288706302642822,ok,,31492,25193,0,7874,0.4135557264089584,60,1e-05,True,95.43143582344057,full_train_epoch_chunks,full train set chunked per epoch | validation=dataset_val_split,30,3,epoch_chunk,accuracy,0.8096523257659946,0.8117161454199079,0.8096523257659946,0.8117161454199079,12,True,False,,random,none,tabicl_encoded_l2,,,,True
Contaminant-detection-in-packaged-cocoa-hazelnut-spread-jars-using-Microwaves-Sensing-and-Machine-Learning-9.0GHz(Urbinati),/home/crc00006699/zh/tabiclv2/decrease_dataset/Contaminant-detection-in-packaged-cocoa-hazelnut-spread-jars-using-Microwaves-Sensing-and-Machine-Learning-9.0GHz(Urbinati),binclass,1920,384,480,30,2,0.96875,0.9687585479270056,0.9692018909899888,0.9948727753058956,0.0931618740224047,19.486730098724365,1.2873106002807615,ok,,1920,1536,0,480,0.0510835237801075,21,1e-05,True,19.38887310028076,full_train_epoch_chunks,full train set chunked per epoch | validation=dataset_val_split,30,1,epoch_chunk,accuracy,0.9609375,0.9765625,0.9609375,0.9765625,13,True,False,,random,none,tabicl_encoded_l2,,,,True
Contaminant-detection-in-packaged-cocoa-hazelnut-spread-jars-using-Microwaves-Sensing-and-Machine-Learning-9.5GHz(Urbinati),/home/crc00006699/zh/tabiclv2/decrease_dataset/Contaminant-detection-in-packaged-cocoa-hazelnut-spread-jars-using-Microwaves-Sensing-and-Machine-Learning-9.5GHz(Urbinati),binclass,1920,384,480,30,2,0.9604166666666668,0.9604261207781286,0.9607202447163516,0.9938299499443828,0.100737030344257,16.826921939849854,1.7041242122650146,ok,,1920,1536,0,480,0.1022949554026126,19,1e-05,True,16.690185070037842,full_train_epoch_chunks,full train set chunked per epoch | validation=dataset_val_split,30,1,epoch_chunk,accuracy,0.953125,0.9583333333333334,0.953125,0.9583333333333334,11,True,False,,random,none,tabicl_encoded_l2,,,,True
Employee,/home/crc00006699/zh/tabiclv2/decrease_dataset/Employee,binclass,3722,745,931,8,2,0.8592910848549946,0.853282037833896,0.8131725654664484,0.8800838788870704,0.3520812457601466,8.599802732467651,1.3742163181304932,ok,,3722,2977,0,931,0.3716204762458801,14,1e-05,True,8.53839373588562,full_train_epoch_chunks,full train set chunked per epoch | validation=dataset_val_split,30,1,epoch_chunk,accuracy,0.8523489932885906,0.8550335570469799,0.8523489932885906,0.8550335570469799,6,True,False,,random,none,tabicl_encoded_l2,,,,True
FOREX_audcad-hour-High,/home/crc00006699/zh/tabiclv2/decrease_dataset/FOREX_audcad-hour-High,binclass,35060,7012,8765,10,2,0.7153451226468911,0.7152759524936217,0.7149026456459096,0.7900723165657746,0.5515244806713022,143.88637042045593,26.13684773445129,ok,,35060,28048,0,8765,0.5478753447532654,90,1e-05,True,143.48242473602295,full_train_epoch_chunks,full train set chunked per epoch | validation=dataset_val_split,30,3,epoch_chunk,accuracy,0.7154877353108956,0.7183399885909869,0.7154877353108956,0.7183399885909869,26,False,False,,random,none,tabicl_encoded_l2,,,,True
Fitness_Club_c,/home/crc00006699/zh/tabiclv2/decrease_dataset/Fitness_Club_c,binclass,1200,240,300,6,2,0.7966666666666666,0.792733543259859,0.7423891897576108,0.8215994531784004,0.4571194977162207,12.069170951843262,0.3954424858093261,ok,,1200,960,0,300,0.4592859148979187,19,1e-05,True,12.033620595932009,full_train_epoch_chunks,full train set chunked per epoch | validation=dataset_val_split,30,1,epoch_chunk,accuracy,0.7666666666666667,0.7833333333333333,0.7666666666666667,0.7833333333333333,11,True,False,,random,none,tabicl_encoded_l2,,,,True
Gender_Gap_in_Spanish_WP,/home/crc00006699/zh/tabiclv2/decrease_dataset/Gender_Gap_in_Spanish_WP,multiclass,3796,760,950,13,3,0.6063157894736843,0.5582989914387374,0.4164317411625387,0.7078250009958135,0.7905212324660047,22.34375643730164,1.9122841358184812,ok,,3796,3036,0,950,0.7846784293651581,22,1e-05,True,22.192625999450684,full_train_epoch_chunks,full train set chunked per epoch | validation=dataset_val_split,30,1,epoch_chunk,accuracy,0.6092105263157894,0.6210526315789474,0.6092105263157894,0.6210526315789474,14,True,False,,random,none,tabicl_encoded_l2,,,,True
HR_Analytics_Job_Change_of_Data_Scientists,/home/crc00006699/zh/tabiclv2/decrease_dataset/HR_Analytics_Job_Change_of_Data_Scientists,binclass,15326,3066,3832,13,2,0.8001043841336117,0.8030138817628535,0.7486536113279721,0.8093501993605177,0.4312052381474435,41.90573763847351,7.913251638412476,ok,,15326,12260,0,3832,0.4584235101938247,28,1e-05,True,41.62914204597473,full_train_epoch_chunks,full train set chunked per epoch | validation=dataset_val_split,30,2,epoch_chunk,accuracy,0.8036529680365296,0.8078930202217873,0.8036529680365296,0.8078930202217873,6,True,False,,random,none,tabicl_encoded_l2,,,,True
PhishingWebsites,/home/crc00006699/zh/tabiclv2/decrease_dataset/PhishingWebsites,binclass,8844,1769,2211,30,2,0.9796472184531886,0.9796279672375264,0.978497239675724,0.9987334007526648,0.045649806001594,30.318442583084103,5.290476799011231,ok,,8844,7075,0,2211,0.066714022308588,12,1e-05,True,29.908417224884037,full_train_epoch_chunks,full train set chunked per epoch | validation=dataset_val_split,30,1,epoch_chunk,accuracy,0.9762577727529678,0.9785189372526852,0.9762577727529678,0.9785189372526852,4,True,False,,random,none,tabicl_encoded_l2,,,,True
Water_Quality_and_Potability,/home/crc00006699/zh/tabiclv2/decrease_dataset/Water_Quality_and_Potability,binclass,2620,524,656,8,2,0.6509146341463414,0.5928750262409173,0.5724218750000001,0.6667626953125,0.6241006654152257,13.835759162902832,1.0429108142852783,ok,,2620,2096,0,656,0.6424137949943542,16,1e-05,True,13.753335237503052,full_train_epoch_chunks,full train set chunked per epoch | validation=dataset_val_split,30,1,epoch_chunk,accuracy,0.6335877862595419,0.6412213740458015,0.6335877862595419,0.6412213740458015,8,True,False,,random,none,tabicl_encoded_l2,,,,True
autoUniv-au4-2500,/home/crc00006699/zh/tabiclv2/decrease_dataset/autoUniv-au4-2500,multiclass,2000,400,500,100,3,0.712,0.682649407809806,0.5153580618841399,0.7705442560908476,0.6605251712462218,33.1875946521759,2.3618643283843994,ok,,2000,1600,0,500,0.7703797221183777,17,1e-05,True,32.84367394447327,full_train_epoch_chunks,full train set chunked per epoch | validation=dataset_val_split,30,1,epoch_chunk,accuracy,0.715,0.7375,0.715,0.7375,9,True,False,,random,none,tabicl_encoded_l2,,,,True
contraceptive_method_choice,/home/crc00006699/zh/tabiclv2/decrease_dataset/contraceptive_method_choice,multiclass,1178,236,295,9,3,0.6372881355932203,0.6356221051172173,0.6106558709719377,0.7948118572256018,0.8236246965571389,6.332905530929565,0.4965949058532715,ok,,1178,942,0,295,0.9305508434772491,8,1e-05,True,6.231244802474976,full_train_epoch_chunks,full train set chunked per epoch | validation=dataset_val_split,30,1,epoch_chunk,accuracy,0.5423728813559322,0.5423728813559322,0.5423728813559322,0.5423728813559322,0,True,False,,random,none,tabicl_encoded_l2,,,,True
credit-g,/home/crc00006699/zh/tabiclv2/decrease_dataset/credit-g,binclass,800,160,200,20,2,0.79,0.7720394736842104,0.6928571428571428,0.8459523809523808,0.4371996226243959,12.083718299865724,1.3561334609985352,ok,,800,640,0,200,0.5007260143756866,18,1e-05,True,12.011125087738035,full_train_epoch_chunks,full train set chunked per epoch | validation=dataset_val_split,30,1,epoch_chunk,accuracy,0.75,0.7625,0.75,0.7625,10,True,False,,random,none,tabicl_encoded_l2,,,,True
dabetes_130-us_hospitals,/home/crc00006699/zh/tabiclv2/decrease_dataset/dabetes_130-us_hospitals,binclass,81412,16283,20354,20,2,0.6442959614817726,0.6411122384250639,0.6371961362693185,0.7018010979124822,0.6199603878993377,200.26471400260925,156.0394012928009,ok,,81412,65129,0,20354,0.6455420255661011,84,1e-05,True,196.877436876297,full_train_epoch_chunks,full train set chunked per epoch | validation=dataset_val_split,30,7,epoch_chunk,accuracy,0.6479764171221519,0.6515998280415157,0.6479764171221519,0.6515998280415157,4,True,False,,random,none,tabicl_encoded_l2,,,,True
dna,/home/crc00006699/zh/tabiclv2/decrease_dataset/dna,multiclass,2548,510,638,180,3,0.9702194357366772,0.9703712732874086,0.9692349459543346,0.9979533245248912,0.08110079508376,72.0622444152832,5.649045705795288,ok,,2548,2038,0,638,0.0806717984378337,20,1e-05,True,70.70963716506958,full_train_epoch_chunks,full train set chunked per epoch | validation=dataset_val_split,30,1,epoch_chunk,accuracy,0.9705882352941176,0.9784313725490196,0.9705882352941176,0.9784313725490196,12,True,False,,random,none,tabicl_encoded_l2,,,,True
dry_bean_dataset,/home/crc00006699/zh/tabiclv2/decrease_dataset/dry_bean_dataset,multiclass,10888,2178,2723,16,7,0.9287550495776716,0.928720099082258,0.9385785723005606,0.9960380206644256,0.1855975842611691,65.14541459083557,5.277867794036865,ok,,10888,8710,0,2723,0.1597608476877212,30,1e-05,True,64.53144478797913,full_train_epoch_chunks,full train set chunked per epoch | validation=dataset_val_split,30,1,epoch_chunk,accuracy,0.9297520661157024,0.9348025711662076,0.9297520661157024,0.9348025711662076,30,False,False,,random,none,tabicl_encoded_l2,,,,True
first-order-theorem-proving,/home/crc00006699/zh/tabiclv2/decrease_dataset/first-order-theorem-proving,multiclass,4894,979,1224,51,6,0.6486928104575164,0.6323448330303577,0.5236370676841487,0.8605650467725154,1.0130334211627945,28.939599752426147,4.44274115562439,ok,,4894,3915,0,1224,1.0867093205451963,14,1e-05,True,28.3733434677124,full_train_epoch_chunks,full train set chunked per epoch | validation=dataset_val_split,30,1,epoch_chunk,accuracy,0.6312563840653729,0.6394279877425945,0.6312563840653729,0.6394279877425945,6,True,False,,random,none,tabicl_encoded_l2,,,,True
htru,/home/crc00006699/zh/tabiclv2/decrease_dataset/htru,binclass,14318,2864,3580,8,2,0.9804469273743016,0.98025473088243,0.9316705667056672,0.9876155011550116,0.0608574658260606,33.63835835456848,6.384287595748901,ok,,14318,11454,0,3580,0.0560860577970743,28,1e-05,True,33.51006817817688,full_train_epoch_chunks,full train set chunked per epoch | validation=dataset_val_split,30,2,epoch_chunk,accuracy,0.9783519553072626,0.9797486033519552,0.9783519553072626,0.9797486033519552,6,True,False,,random,none,tabicl_encoded_l2,,,,True
led7,/home/crc00006699/zh/tabiclv2/decrease_dataset/led7,multiclass,2560,512,640,7,10,0.740625,0.7363906987718676,0.7386482164741988,0.9595159182998774,0.7785962299686763,8.82832384109497,0.9762299060821532,ok,,2560,2048,0,640,0.8050076961517334,11,1e-05,True,8.712223052978516,full_train_epoch_chunks,full train set chunked per epoch | validation=dataset_val_split,30,1,epoch_chunk,accuracy,0.73046875,0.732421875,0.73046875,0.732421875,3,True,False,,random,none,tabicl_encoded_l2,,,,True
madeline,/home/crc00006699/zh/tabiclv2/decrease_dataset/madeline,binclass,2512,503,628,259,2,0.9235668789808916,0.9235645531228877,0.9235434923726062,0.9768033917559236,0.1907436470134321,36.65637135505676,8.025693655014038,ok,,2512,2009,0,628,0.2786486148834228,8,1e-05,True,35.38801288604736,full_train_epoch_chunks,full train set chunked per epoch | validation=dataset_val_split,30,1,epoch_chunk,accuracy,0.9224652087475148,0.9224652087475148,0.9224652087475148,0.9224652087475148,0,True,False,,random,none,tabicl_encoded_l2,,,,True
mfeat-fourier,/home/crc00006699/zh/tabiclv2/decrease_dataset/mfeat-fourier,multiclass,1600,320,400,76,10,0.9225,0.9218915524806744,0.9225,0.9951527777777776,0.2057743783284738,15.659899711608888,1.5553064346313477,ok,,1600,1280,0,400,0.2105383202433586,10,1e-05,True,15.47026824951172,full_train_epoch_chunks,full train set chunked per epoch | validation=dataset_val_split,30,1,epoch_chunk,accuracy,0.90625,0.909375,0.90625,0.909375,2,True,False,,random,none,tabicl_encoded_l2,,,,True
mobile_c36_oversampling,/home/crc00006699/zh/tabiclv2/decrease_dataset/mobile_c36_oversampling,binclass,41408,8282,10352,6,2,0.9941074188562596,0.9941015439891006,0.9928492051421192,0.9993764110065236,0.0230297577614046,57.89929819107056,24.67291593551636,ok,,41408,33126,0,10352,0.0693343095481395,44,1e-05,True,57.4733099937439,full_train_epoch_chunks,full train set chunked per epoch | validation=dataset_val_split,30,4,epoch_chunk,accuracy,0.9942042984786283,0.9949287611687998,0.9942042984786283,0.9949287611687998,3,True,False,,random,none,tabicl_encoded_l2,,,,True
pc4,/home/crc00006699/zh/tabiclv2/decrease_dataset/pc4,binclass,1166,234,292,37,2,0.9075342465753424,0.9045311583625552,0.7562934027777778,0.9629991319444444,0.2004033352643224,13.272926330566406,0.985576868057251,ok,,1166,932,0,292,0.1262926906347274,16,1e-05,True,13.176906824111938,full_train_epoch_chunks,full train set chunked per epoch | validation=dataset_val_split,30,1,epoch_chunk,accuracy,0.9188034188034188,0.9273504273504274,0.9188034188034188,0.9273504273504274,8,True,False,,random,none,tabicl_encoded_l2,,,,True
pol,/home/crc00006699/zh/tabiclv2/decrease_dataset/pol,binclass,8065,1613,2017,26,2,0.9930589985126426,0.9930589780391212,0.9930599800210802,0.9997423977850144,0.021112304656119,57.1566698551178,4.34638786315918,ok,,8065,6452,0,2017,0.0197831755504012,30,1e-05,True,56.735912799835205,full_train_epoch_chunks,full train set chunked per epoch | validation=dataset_val_split,30,1,epoch_chunk,accuracy,0.9882207067575944,0.9925604463732176,0.9882207067575944,0.9925604463732176,24,False,False,,random,none,tabicl_encoded_l2,,,,True
predict_students_dropout_and_academic_success,/home/crc00006699/zh/tabiclv2/decrease_dataset/predict_students_dropout_and_academic_success,multiclass,3539,708,885,34,3,0.7819209039548023,0.7772434965465757,0.7106497375212887,0.8934355528692954,0.5515636944657146,21.67384696006775,2.645974636077881,ok,,3539,2831,0,885,0.5331970751285553,16,1e-05,True,21.299625158309937,full_train_epoch_chunks,full train set chunked per epoch | validation=dataset_val_split,30,1,epoch_chunk,accuracy,0.8036723163841808,0.806497175141243,0.8036723163841808,0.806497175141243,8,True,False,,random,none,tabicl_encoded_l2,,,,True
rice_cammeo_and_osmancik,/home/crc00006699/zh/tabiclv2/decrease_dataset/rice_cammeo_and_osmancik,binclass,3048,610,762,7,2,0.931758530183727,0.9314798849732624,0.9268236055608712,0.9784255923903866,0.1856545005883723,9.648820161819458,1.2475917339324951,ok,,3048,2438,0,762,0.1558707803487777,11,1e-05,True,9.593619346618652,full_train_epoch_chunks,full train set chunked per epoch | validation=dataset_val_split,30,1,epoch_chunk,accuracy,0.9295081967213116,0.9344262295081968,0.9295081967213116,0.9344262295081968,3,True,False,,random,none,tabicl_encoded_l2,,,,True
ringnorm,/home/crc00006699/zh/tabiclv2/decrease_dataset/ringnorm,binclass,5920,1184,1480,20,2,0.9783783783783784,0.9783745075281124,0.9782869540919475,0.9971710397752904,0.060518181462871,19.08559274673462,2.681854486465454,ok,,5920,4736,0,1480,0.046629399061203,12,1e-05,True,18.937795400619507,full_train_epoch_chunks,full train set chunked per epoch | validation=dataset_val_split,30,1,epoch_chunk,accuracy,0.981418918918919,0.983108108108108,0.981418918918919,0.983108108108108,4,True,False,,random,none,tabicl_encoded_l2,,,,True
segment,/home/crc00006699/zh/tabiclv2/decrease_dataset/segment,multiclass,1848,370,462,17,7,0.9545454545454546,0.9545478826122294,0.9545454545454544,0.9971959858323496,0.1382267898408122,8.388249635696411,1.0946447849273682,ok,,1848,1478,0,462,0.1156802400946617,10,1e-05,True,8.327563524246216,full_train_epoch_chunks,full train set chunked per epoch | validation=dataset_val_split,30,1,epoch_chunk,accuracy,0.9486486486486486,0.9567567567567568,0.9486486486486486,0.9567567567567568,2,True,False,,random,none,tabicl_encoded_l2,,,,True
shill-bidding,/home/crc00006699/zh/tabiclv2/decrease_dataset/shill-bidding,binclass,5056,1012,1265,3,2,0.9075098814229248,0.879018658945994,0.5768976169461606,0.9010939046243548,0.2121458079194958,13.33308744430542,0.6848368644714355,ok,,5056,4044,0,1265,0.2242115810513496,15,1e-05,True,13.291974306106567,full_train_epoch_chunks,full train set chunked per epoch | validation=dataset_val_split,30,1,epoch_chunk,accuracy,0.8893280632411067,0.8942687747035574,0.8893280632411067,0.8942687747035574,7,True,False,,random,none,tabicl_encoded_l2,,,,True
shrutime,/home/crc00006699/zh/tabiclv2/decrease_dataset/shrutime,binclass,8000,1600,2000,10,2,0.8685,0.8570834449654721,0.7227270983090737,0.8817486761658693,0.3073424826911617,29.78505158424377,3.378321409225464,ok,,8000,6400,0,2000,0.3412207663059234,22,1e-05,True,29.66490483283997,full_train_epoch_chunks,full train set chunked per epoch | validation=dataset_val_split,30,1,epoch_chunk,accuracy,0.8625,0.870625,0.8625,0.870625,14,True,False,,random,none,tabicl_encoded_l2,,,,True
splice,/home/crc00006699/zh/tabiclv2/decrease_dataset/splice,multiclass,2552,511,638,60,3,0.9592476489028212,0.959210519048096,0.9517119368727686,0.9968651598201242,0.0963334187269743,23.174680948257446,2.4797112941741943,ok,,2552,2041,0,638,0.094799879938364,15,1e-05,True,22.699858903884888,full_train_epoch_chunks,full train set chunked per epoch | validation=dataset_val_split,30,1,epoch_chunk,accuracy,0.9686888454011742,0.9726027397260274,0.9686888454011742,0.9726027397260274,7,True,False,,random,none,tabicl_encoded_l2,,,,True
water_quality,/home/crc00006699/zh/tabiclv2/decrease_dataset/water_quality,binclass,6396,1280,1600,20,2,0.909375,0.8972793143218014,0.6758822982377284,0.9114388784699082,0.2143491087595047,15.725239276885986,2.8515703678131104,ok,,6396,5116,0,1600,0.2362899929285049,11,1e-05,True,15.618575811386108,full_train_epoch_chunks,full train set chunked per epoch | validation=dataset_val_split,30,1,epoch_chunk,accuracy,0.89609375,0.8984375,0.89609375,0.8984375,3,True,False,,random,none,tabicl_encoded_l2,,,,True
waveform_database_generator_version_1,/home/crc00006699/zh/tabiclv2/decrease_dataset/waveform_database_generator_version_1,multiclass,4000,800,1000,21,3,0.868,0.867541434082788,0.8679232625690648,0.9728019115033892,0.2936100904886175,21.830876350402832,1.9596452713012693,ok,,4000,3200,0,1000,0.2558281719684601,21,1e-05,True,21.727757453918457,full_train_epoch_chunks,full train set chunked per epoch | validation=dataset_val_split,30,1,epoch_chunk,accuracy,0.85625,0.8625,0.85625,0.8625,13,True,False,,random,none,tabicl_encoded_l2,,,,True
wine,/home/crc00006699/zh/tabiclv2/decrease_dataset/wine,binclass,2043,409,511,4,2,0.786692759295499,0.7857163370215839,0.7868259803921569,0.8826210171568627,0.4312595365670734,5.789867401123047,0.3833773136138916,ok,,2043,1634,0,511,0.4700678288936615,11,1e-05,True,5.761261701583862,full_train_epoch_chunks,full train set chunked per epoch | validation=dataset_val_split,30,1,epoch_chunk,accuracy,0.823960880195599,0.8264058679706602,0.823960880195599,0.8264058679706602,3,True,False,,random,none,tabicl_encoded_l2,,,,True
wine-quality-red,/home/crc00006699/zh/tabiclv2/decrease_dataset/wine-quality-red,multiclass,1279,256,320,4,6,0.675,0.6598341154078093,0.3876940359477124,0.8412318328721975,0.8037316055895012,6.055777549743652,0.6136989593505859,ok,,1279,1023,0,320,0.7825788855552673,12,1e-05,True,6.017026901245117,full_train_epoch_chunks,full train set chunked per epoch | validation=dataset_val_split,30,1,epoch_chunk,accuracy,0.6484375,0.65234375,0.6484375,0.65234375,4,True,False,,random,none,tabicl_encoded_l2,,,,True
